ID,Year_Birth,Education,Marital_Status,Income,Kidhome,Teenhome,Dt_Customer,Recency,MntWines,MntFruits,MntMeatProducts,MntFishProducts,MntSweetProducts,MntGoldProds,NumDealsPurchases,NumWebPurchases,NumCatalogPurchases,NumStorePurchases,NumWebVisitsMonth,AcceptedCmp3,AcceptedCmp4,AcceptedCmp5,AcceptedCmp1,AcceptedCmp2,Complain,Z_CostContact,Z_Revenue,Response,Age,Total_Spending,Total_Children,Customer_Tenure_Days,Total_Purchases,Total_Campaigns_Accepted,Cluster
1,1978,Graduation,Together,62666.27,1,1,2014-07-05,92,331.63,54.18,233.66,97.64,7.9,63.09,1,2,1,10,2,0,1,0,1,0,0,3,11,0,48,788.1,2,178,14,2,2
2,1991,Graduation,Married,44148.34,2,0,2012-11-16,4,370.48,13.33,506.52,84.24,24.05,37.21,5,6,3,7,4,0,1,0,0,0,0,3,11,0,35,1035.83,2,774,21,1,1
3,1968,Graduation,Widow,36888.94,0,1,2012-04-02,53,869.27,34.66,674.75,10.2,10.21,16.43,1,2,2,7,4,0,0,0,0,1,0,3,11,1,58,1615.52,1,1002,12,1,0
4,1954,Graduation,Widow,38201.43,1,0,2014-05-21,37,401.23,29.73,157.85,53.23,10.79,131.14,2,5,0,8,2,0,0,0,0,0,0,3,11,0,72,783.97,1,223,15,0,1
5,1982,Master,Single,44424.76,1,0,2012-04-08,61,278.69,28.45,202.46,50.47,17.53,80.75,0,3,1,7,6,0,0,0,0,0,0,3,11,0,44,658.35,1,996,11,0,3
6,1947,Master,Single,84869.49,0,0,2012-08-12,24,512.03,56.21,604.09,21.24,28.86,76.28,2,6,3,3,0,0,0,0,0,1,0,3,11,1,79,1298.7099999999998,0,870,14,1,0
7,1960,Graduation,Single,27048.64,0,0,2014-05-01,97,194.22,8.57,162.23,13.74,12.15,56.07,2,3,2,4,7,1,0,0,0,0,0,3,11,0,66,446.98,0,243,11,1,3
8,1978,Graduation,Together,58116.45,0,0,2013-03-16,11,415.25,81.24,398.79,26.34,25.36,96.5,1,3,1,3,6,0,1,0,0,0,0,3,11,1,48,1043.48,0,654,8,1,1
9,1997,2n Cycle,Married,53570.02,1,1,2013-12-20,21,625.07,25.21,369.49,53.87,7.97,45.15,0,5,2,5,6,0,0,0,0,0,0,3,11,1,29,1126.7600000000002,2,375,12,0,2
10,1958,Graduation,Together,31157.61,0,1,2013-08-07,8,216.74,17.12,199.57,9.57,35.57,30.4,3,2,3,5,7,0,0,0,0,0,0,3,11,0,68,508.97,1,510,13,0,1
11,1962,Graduation,Single,79757.76,1,0,2012-03-04,83,536.46,24.77,288.91,48.25,20.27,158.56,1,6,3,8,3,0,0,0,0,0,0,3,11,0,64,1077.22,1,1031,18,0,0
12,1950,Graduation,Single,55034.32,1,2,2014-02-06,28,125.91,14.43,118.77,23.41,14.25,25.03,0,5,1,4,3,0,0,1,0,0,0,3,11,0,76,321.80000000000007,3,327,10,1,2
13,1950,Master,Married,36203.34,1,0,2013-07-13,43,508.1,22.1,175.57,30.87,13.63,79.3,2,3,1,9,8,0,0,0,0,1,0,3,11,1,76,829.5699999999999,1,535,15,1,1
14,1963,Master,Divorced,21083.26,1,2,2013-10-31,92,144.53,11.01,79.79,11.88,9.06,14.78,1,7,3,3,7,0,0,0,0,0,0,3,11,0,63,271.04999999999995,3,425,14,0,2
15,1992,Graduation,Married,48613.61,1,1,2013-01-02,26,298.75,13.88,366.45,22.63,53.49,97.37,3,5,4,3,6,1,0,1,0,0,0,3,11,1,34,852.5699999999999,2,727,15,2,2
16,1975,Graduation,Together,43569.03,0,1,2014-01-13,54,244.03,8.43,112.38,24.61,23.48,34.85,4,3,0,3,1,0,0,0,1,0,0,3,11,0,51,447.7800000000001,1,351,10,1,1
17,1979,Master,Single,29369.58,0,0,2013-09-09,80,181.62,6.29,271.43,63.96,18.92,28.86,5,4,5,4,3,0,0,0,0,0,0,3,11,0,47,571.08,0,477,18,0,3
18,1963,Master,Single,29218.41,1,0,2014-10-02,4,134.14,27.46,115.58,14.61,15.8,22.97,1,6,6,3,7,0,0,0,0,0,0,3,11,0,63,330.56000000000006,1,89,16,0,1
19,1942,Graduation,Single,62780.76,0,0,2014-12-19,51,300.96,19.92,298.51,21.58,33.07,36.61,5,2,0,6,4,0,0,0,0,0,0,3,11,0,84,710.6500000000001,0,11,13,0,3
20,1961,2n Cycle,Married,20286.73,0,1,2013-05-14,12,127.84,7.59,148.65,18.48,11.2,13.84,1,3,3,7,4,1,0,0,0,0,0,3,11,0,65,327.6,1,595,14,1,1
21,1992,Graduation,Married,50297.62,0,0,2014-10-03,41,801.26,55.06,294.43,29.62,7.23,92.32,0,4,0,5,3,1,0,0,0,0,0,3,11,1,34,1279.9199999999998,0,88,9,1,1
22,1941,Graduation,Together,41151.89,2,1,2013-02-14,14,326.89,9.62,91.14,11.3,16.24,8.24,3,1,3,5,1,0,0,0,0,0,0,3,11,0,85,463.43,3,684,12,0,2
23,1963,Basic,Together,54114.74,0,0,2014-10-14,78,413.62,16.04,86.42,132.52,49.83,20.65,1,5,4,6,5,0,0,0,0,0,0,3,11,0,63,719.08,0,77,16,0,3
24,1983,Graduation,Married,39429.83,1,1,2013-04-08,17,302.87,11.4,230.87,20.49,192.51,20.47,1,6,1,4,5,0,0,0,0,0,0,3,11,0,43,778.61,2,631,12,0,1
25,1969,PhD,Single,49876.74,0,0,2013-12-02,49,598.9,60.38,337.27,25.52,11.1,20.96,2,5,3,2,7,0,0,0,0,1,0,3,11,0,57,1054.13,0,393,12,1,3
26,1977,Graduation,Together,32954.73,0,0,2012-06-11,1,201.03,49.97,207.39,23.28,19.48,65.43,4,5,5,4,4,0,0,0,0,0,0,3,11,0,49,566.5799999999999,0,932,18,0,1
27,1941,Graduation,Single,43491.38,1,0,2012-02-29,86,360.78,31.3,223.86,78.83,14.16,74.22,0,3,3,8,5,0,0,0,0,0,0,3,11,0,85,783.1500000000001,1,1035,14,0,3
28,1999,2n Cycle,Single,53940.32,0,0,2014-11-20,12,596.49,39.57,942.62,12.64,84.5,61.74,0,5,4,5,6,0,0,0,0,0,0,3,11,1,27,1737.5600000000002,0,40,14,0,0
29,1960,Graduation,Married,47115.1,1,0,2012-11-28,67,272.41,15.25,207.7,35.69,9.59,25.78,3,2,2,8,5,0,0,0,0,0,0,3,11,0,66,566.42,1,762,15,0,3
30,1972,Basic,Married,51643.66,1,1,2012-03-16,46,306.96,76.17,352.38,115.98,34.45,92.32,1,7,2,4,5,0,0,0,0,0,0,3,11,0,54,978.26,2,1019,14,0,2
31,1951,Graduation,Single,30602.33,1,0,2012-11-12,88,233.77,16.48,257.84,21.22,6.03,9.47,3,7,3,5,7,0,1,0,0,0,0,3,11,0,75,544.81,1,778,18,1,3
32,1997,Graduation,Together,35021.95,0,0,2012-07-08,74,118.76,26.79,134.59,10.71,13.26,101.6,2,5,2,4,5,1,0,0,0,0,0,3,11,0,29,405.7099999999999,0,905,13,1,3
33,1961,Graduation,Single,35265.63,1,1,2012-10-22,49,154.59,15.18,77.14,15.62,15.84,18.76,2,1,4,8,7,0,0,0,1,0,0,3,11,0,65,297.13,2,799,15,1,2
34,1983,Master,Single,39711.82,1,0,2013-05-15,11,370.73,15.5,306.46,28.86,34.59,27.23,2,3,3,2,1,0,0,0,0,0,0,3,11,0,43,783.3700000000001,1,594,10,0,1
35,1964,Graduation,Single,76376.71,1,2,2012-06-25,12,569.94,94.99,483.88,108.95,18.35,47.37,1,5,2,3,6,0,0,0,0,0,0,3,11,1,62,1323.4799999999998,3,918,11,0,0
36,1988,Basic,Widow,38496.73,0,2,2014-03-10,8,193.07,24.4,140.77,20.16,26.28,16.23,7,3,2,3,5,0,0,1,0,0,0,3,11,0,38,420.9100000000001,2,295,15,1,1
37,1966,Graduation,Together,28073.36,0,0,2014-03-16,58,117.43,30.75,84.58,29.59,13.02,71.5,0,2,2,5,4,0,0,0,0,0,0,3,11,0,60,346.86999999999995,0,289,9,0,3
38,1998,2n Cycle,Together,55086.41,2,0,2014-05-09,44,339.02,29.44,182.38,14.95,29.75,70.96,1,6,0,4,6,0,0,1,0,0,0,3,11,0,28,666.5,2,235,11,1,2
39,1981,Graduation,Together,76012.83,1,0,2012-08-02,69,752.89,20.95,1093.04,20.52,61.94,126.47,2,6,1,5,5,0,1,0,0,0,0,3,11,1,45,2075.81,1,880,14,1,0
40,1967,Basic,Married,26782.8,0,1,2013-10-14,42,317.27,8.65,343.32,12.87,5.69,10.31,3,6,2,9,1,1,1,0,0,0,0,3,11,1,59,698.11,1,442,20,2,1
41,1999,Master,Together,97647.99,0,1,2013-08-19,73,1252.67,47.63,1617.62,148.55,72.82,87.34,4,5,4,6,8,0,0,0,0,0,0,3,11,1,27,3226.630000000001,1,498,19,0,0
42,1955,Master,Married,52369.03,0,1,2012-05-07,22,539.09,16.49,424.92,35.04,17.07,57.44,2,5,0,3,7,0,0,0,1,0,0,3,11,0,71,1090.05,1,967,10,1,1
43,1954,Master,Divorced,67074.31,0,1,2013-07-04,78,966.39,15.82,370.01,51.23,59.36,63.31,0,4,4,4,5,0,0,0,0,0,0,3,11,1,72,1526.12,1,544,12,0,0
44,1986,Master,Together,79764.09,0,0,2013-09-10,44,188.84,75.2,224.01,60.5,44.7,31.9,1,2,2,5,8,0,0,0,0,0,0,3,11,0,40,625.15,0,476,10,0,0
45,1990,PhD,Together,65450.35,0,1,2012-12-13,22,602.06,21.64,373.45,81.74,26.46,100.13,0,3,2,5,3,0,0,0,1,0,0,3,11,1,36,1205.48,1,747,10,1,0
46,1983,Graduation,Married,42437.42,1,1,2012-05-21,33,1010.57,21.14,491.57,18.89,13.66,36.63,5,5,2,9,2,0,0,0,0,0,0,3,11,0,43,1592.4600000000005,2,953,21,0,2
47,1994,Graduation,Married,72191.62,0,1,2014-03-02,15,650.77,39.54,407.16,70.04,54.25,32.66,1,2,1,8,3,0,0,0,0,0,0,3,11,1,32,1254.42,1,303,12,0,0
48,1991,Basic,Married,49111.08,1,1,2012-09-01,62,1819.02,15.82,499.66,19.15,47.99,12.95,3,4,1,7,7,0,0,0,0,1,0,3,11,1,35,2414.59,2,850,15,1,0
49,1996,PhD,Together,68610.02,0,1,2013-12-03,50,734.09,75.13,143.32,144.77,22.85,79.23,1,5,0,5,8,0,1,0,0,0,0,3,11,1,30,1199.39,1,392,11,1,0
50,1942,Master,Married,71678.79,0,0,2012-08-01,31,237.87,16.81,156.46,28.47,16.65,250.22,3,5,3,3,5,0,0,0,1,0,0,3,11,1,84,706.48,0,881,14,1,0
51,1976,Graduation,Together,28671.0,0,0,2012-07-18,37,167.06,15.38,112.82,10.84,19.94,12.51,2,4,2,3,4,0,0,0,0,0,0,3,11,0,50,338.54999999999995,0,895,11,0,1
52,1990,Graduation,Divorced,60944.6,0,0,2013-02-08,55,500.45,32.39,641.98,54.41,11.72,54.17,2,9,0,9,2,0,0,0,0,0,0,3,11,0,36,1295.1200000000003,0,690,20,0,0
53,1946,Graduation,Divorced,41243.27,1,0,2013-02-24,68,298.98,18.31,237.02,27.77,8.64,64.43,3,5,3,7,6,0,0,0,0,0,0,3,11,0,80,655.1500000000001,1,674,18,0,3
54,1960,Master,Single,46876.71,1,2,2012-01-07,16,321.47,9.87,410.09,36.61,11.36,17.56,3,3,2,7,6,0,0,0,0,0,0,3,11,0,66,806.96,3,1088,15,0,2
55,1948,Graduation,Married,46669.08,0,0,2013-08-14,85,192.17,36.08,125.21,34.34,16.68,28.08,3,3,3,5,7,0,0,0,0,0,0,3,11,0,78,432.56,0,503,14,0,3
56,1978,Graduation,Divorced,45926.06,0,1,2012-10-12,38,86.78,32.9,162.84,15.33,9.44,21.99,4,3,4,5,7,0,0,0,0,0,0,3,11,0,48,329.28,1,809,16,0,1
57,1957,Graduation,Divorced,81585.77,0,0,2013-11-01,40,854.34,24.94,336.14,137.88,11.69,118.19,0,5,2,6,1,0,0,0,0,0,0,3,11,1,69,1483.1800000000003,0,424,13,0,0
58,1943,Graduation,Married,25678.8,1,0,2013-01-23,47,190.25,18.0,181.22,28.18,5.96,45.64,3,3,0,5,7,0,0,0,0,1,0,3,11,0,83,469.25,1,706,11,1,1
59,1964,PhD,Single,22271.49,1,2,2013-02-19,81,291.1,12.79,270.38,32.31,15.01,19.66,3,8,1,3,8,0,1,0,0,0,0,3,11,0,62,641.2499999999999,3,679,15,1,2
60,1999,Graduation,Married,20469.35,0,1,2014-02-22,27,142.76,4.35,212.38,9.57,4.38,9.91,1,6,4,4,3,0,1,0,0,0,0,3,11,0,27,383.35,1,311,15,1,1
61,1953,Master,Single,68026.85,1,0,2014-10-03,76,148.97,18.69,128.0,56.07,25.43,41.85,3,2,2,4,8,0,0,0,1,0,0,3,11,0,73,419.01,1,88,11,1,3
62,1989,Graduation,Widow,32553.01,1,0,2014-10-11,49,351.32,29.55,179.79,23.52,48.0,17.89,0,2,2,5,7,0,0,1,0,0,0,3,11,0,37,650.0699999999999,1,80,9,1,1
63,1997,Graduation,Married,46764.26,0,0,2013-03-03,0,624.05,25.82,199.47,59.06,20.82,20.88,3,3,3,6,5,0,0,0,0,0,1,3,11,1,29,950.1,0,667,15,0,1
64,1948,Graduation,Divorced,42366.5,0,0,2014-10-01,49,119.32,13.85,64.56,54.56,23.86,31.98,0,5,1,1,5,0,0,0,0,0,1,3,11,0,78,308.13,0,90,7,0,1
65,1965,Graduation,Together,31115.14,2,0,2012-11-29,18,249.01,8.52,150.67,22.43,8.09,35.25,0,4,2,5,1,0,1,0,1,0,0,3,11,0,61,473.9699999999999,2,761,11,2,1
66,1992,Graduation,Widow,62354.49,1,0,2012-09-28,97,313.55,20.99,242.83,16.1,104.71,67.14,1,3,2,7,4,0,0,0,0,0,0,3,11,0,34,765.32,1,823,13,0,3
67,1941,Graduation,Together,42151.05,0,2,2014-12-02,58,230.24,14.8,201.89,78.71,13.97,33.66,2,3,1,4,6,0,0,0,0,0,0,3,11,0,85,573.27,2,28,10,0,2
68,1959,PhD,Single,40332.22,0,1,2012-11-14,67,426.59,11.13,199.67,36.14,16.13,33.49,1,0,4,8,6,0,0,0,0,0,0,3,11,0,67,723.15,1,776,13,0,3
69,1967,Graduation,Married,48686.08,0,1,2013-06-10,66,237.74,7.85,127.13,21.69,49.2,37.2,6,7,0,4,4,1,0,0,0,0,0,3,11,0,59,480.81,1,568,17,1,3
70,1986,Master,Married,59178.22,0,1,2014-01-29,40,725.78,53.77,337.1,48.48,24.33,21.8,3,3,0,7,6,0,1,1,0,0,0,3,11,1,40,1211.26,1,335,13,2,0
71,1999,Basic,Married,30224.54,1,0,2012-11-16,9,304.57,24.81,130.54,7.84,14.26,26.7,5,2,5,1,3,0,0,0,1,0,0,3,11,0,27,508.7199999999999,1,774,13,1,1
72,1946,Master,Widow,62891.57,0,1,2014-01-08,27,696.46,13.43,365.09,76.05,24.35,35.56,2,6,1,4,3,0,0,0,0,0,0,3,11,0,80,1210.9399999999998,1,356,13,0,0
73,1983,Graduation,Single,79216.62,1,0,2014-12-03,33,256.42,39.42,311.73,21.03,30.8,28.32,3,2,2,5,4,0,0,0,0,0,0,3,11,1,43,687.72,1,27,12,0,0
74,1947,Graduation,Single,25073.11,1,1,2013-03-29,38,77.07,6.69,50.24,14.1,14.36,25.13,4,3,4,5,4,0,0,0,0,0,0,3,11,0,79,187.59,2,641,16,0,2
75,1986,Graduation,Divorced,49578.85,0,0,2014-01-15,82,481.37,19.43,361.53,36.85,31.68,27.56,1,8,2,6,3,0,1,0,0,0,0,3,11,0,40,958.4199999999998,0,349,17,1,3
77,1953,2n Cycle,Together,58670.49,0,1,2014-04-27,51,2316.41,20.81,660.67,40.15,16.99,78.29,0,1,1,2,6,0,0,0,0,0,0,3,11,1,73,3133.32,1,247,4,0,0
78,1956,Graduation,Married,27264.38,1,1,2014-05-17,99,202.87,41.58,175.35,25.62,8.67,12.37,1,7,1,5,3,0,0,1,0,0,0,3,11,0,70,466.46,2,227,14,1,2
79,1975,Graduation,Married,85099.4,0,1,2014-02-12,2,443.82,29.96,454.45,53.71,16.83,72.16,0,4,1,6,4,0,0,0,0,0,0,3,11,0,51,1070.93,1,321,11,0,0
80,1989,PhD,Married,23314.76,1,2,2012-03-23,22,100.32,6.58,108.85,14.68,4.12,6.31,3,3,3,6,2,0,0,0,0,0,0,3,11,0,37,240.86,3,1012,15,0,2
81,1979,Master,Together,40226.76,1,0,2013-06-26,16,198.83,11.67,102.09,27.18,22.04,80.96,2,6,2,4,5,0,0,0,0,0,0,3,11,0,47,442.77,1,552,14,0,1
82,1943,PhD,Married,52771.07,0,0,2012-11-17,70,449.26,45.26,222.73,30.24,42.49,18.73,2,6,2,3,6,1,1,0,0,0,0,3,11,1,83,808.71,0,773,13,2,3
83,1941,Graduation,Married,33707.15,2,0,2014-02-24,25,357.23,5.74,220.37,7.87,26.06,19.86,2,3,1,4,4,0,0,0,0,0,0,3,11,0,85,637.13,2,309,10,0,1
84,1945,Graduation,Married,31654.62,2,1,2013-06-23,17,134.74,9.18,130.26,12.81,3.48,56.7,4,6,2,6,4,1,0,0,1,0,0,3,11,0,81,347.17,3,555,18,2,2
85,1993,PhD,Married,48479.4,0,1,2012-09-08,45,277.56,52.96,167.82,36.04,19.19,33.79,1,6,2,3,2,0,1,0,0,0,0,3,11,0,33,587.36,1,843,12,1,1
86,1981,Graduation,Widow,45757.18,0,0,2014-04-15,69,324.16,24.29,257.68,25.29,10.83,17.9,3,8,1,5,5,0,0,0,0,0,0,3,11,0,45,660.1500000000001,0,259,17,0,3
87,1943,Graduation,Single,44461.34,2,1,2013-03-24,30,115.31,22.87,77.1,25.99,22.22,54.73,2,4,2,2,7,1,0,0,1,0,0,3,11,0,83,318.22,3,646,10,2,2
88,1993,Graduation,Widow,62534.61,2,1,2013-05-04,92,610.21,103.05,299.68,33.06,22.32,75.94,0,5,0,7,11,0,0,0,0,0,0,3,11,0,33,1144.26,3,605,12,0,2
89,1968,Graduation,Together,37881.23,0,0,2013-04-08,8,193.26,20.14,103.15,14.48,24.78,20.79,1,5,1,4,3,0,0,0,0,0,0,3,11,0,58,376.6,0,631,11,0,1
90,1957,Graduation,Married,50404.57,0,1,2012-11-09,34,365.52,15.11,168.66,24.07,22.85,29.52,0,4,1,6,5,0,1,1,0,0,0,3,11,0,69,625.73,1,781,11,2,1
91,1965,Graduation,Single,36219.72,0,1,2013-01-19,80,710.82,14.02,218.57,19.34,5.32,22.38,0,3,1,7,4,0,0,0,1,0,0,3,11,0,61,990.4500000000002,1,710,11,1,3
92,1983,PhD,Married,31579.65,2,2,2012-10-21,59,322.81,7.33,422.77,20.33,8.11,22.38,2,5,4,2,5,0,0,0,0,0,0,3,11,0,43,803.73,4,800,13,0,2
94,1949,Master,Married,36333.44,0,0,2014-01-31,62,197.7,23.52,242.02,20.93,17.59,26.15,2,4,3,6,4,0,0,0,1,0,0,3,11,0,77,527.91,0,333,15,1,3
95,1975,Graduation,Married,37066.86,1,0,2014-02-07,99,317.8,33.37,140.46,12.83,7.31,86.74,2,5,2,4,12,0,0,0,0,0,0,3,11,0,51,598.51,1,326,13,0,3
96,1953,Graduation,Married,70695.06,0,0,2012-12-09,51,290.48,67.12,97.05,19.61,12.89,33.14,8,2,2,6,4,0,1,0,0,0,0,3,11,1,73,520.2900000000001,0,751,18,1,3
97,1970,Graduation,Married,40069.01,1,2,2012-05-21,47,279.89,14.33,268.38,122.21,19.0,22.65,1,4,1,1,5,0,0,0,1,0,0,3,11,0,56,726.4599999999999,3,953,7,1,2
98,1987,PhD,Single,34024.54,0,0,2013-12-18,60,177.4,8.85,285.78,11.09,6.72,13.42,0,5,3,2,2,0,0,0,0,0,0,3,11,0,39,503.26,0,377,10,0,3
99,1954,Master,Married,44856.85,1,1,2013-02-09,23,380.81,19.94,255.44,21.09,7.56,51.97,2,5,2,7,7,0,0,0,0,0,0,3,11,0,72,736.8100000000001,2,689,16,0,2
100,1947,Graduation,Married,46244.19,0,0,2012-08-15,73,208.58,12.56,386.17,40.48,16.23,76.38,3,4,3,5,7,1,0,0,0,0,0,3,11,0,79,740.4000000000001,0,867,15,1,3
101,1953,Basic,Single,27591.07,1,0,2013-02-14,57,204.98,13.97,163.05,21.99,9.44,44.95,1,2,1,6,3,0,0,0,0,0,1,3,11,0,73,458.38,1,684,10,0,3
102,1962,Graduation,Married,39365.2,1,0,2014-08-09,63,473.51,35.6,275.76,34.54,10.66,14.94,0,11,2,7,6,0,0,0,0,0,0,3,11,0,64,845.01,1,143,20,0,3
103,1999,PhD,Married,38736.06,0,1,2014-06-16,29,342.28,16.06,90.59,19.07,11.64,41.95,2,7,2,6,9,0,0,0,0,0,0,3,11,0,27,521.5899999999999,1,197,17,0,1
104,1996,Master,Divorced,41404.39,0,1,2013-11-21,28,184.59,20.77,167.19,30.67,19.14,78.53,1,5,2,4,8,0,0,1,1,0,0,3,11,1,30,500.89,1,404,12,2,1
105,1979,Basic,Married,59290.91,0,0,2014-05-27,9,246.41,25.7,227.73,39.49,17.65,64.59,2,4,2,7,3,0,0,0,0,1,0,3,11,1,47,621.57,0,217,15,1,1
106,1960,Master,Married,46848.24,0,2,2014-02-25,38,228.19,34.77,199.96,24.94,22.41,50.09,1,5,3,3,8,0,0,0,0,1,0,3,11,1,66,560.36,2,308,12,1,2
107,1955,Master,Together,72487.9,1,0,2012-03-02,54,494.45,22.26,312.16,53.91,26.45,43.83,1,5,1,4,4,1,0,0,0,0,0,3,11,0,71,953.0600000000002,1,1033,11,1,0
108,1984,Graduation,Married,44149.45,1,0,2014-05-28,27,281.72,5.42,289.77,53.38,22.39,40.43,2,4,3,7,3,0,0,0,0,0,0,3,11,0,42,693.11,1,216,16,0,1
109,1957,Master,Together,90258.67,0,0,2012-12-21,17,499.18,54.9,304.33,57.17,70.09,152.07,3,2,0,3,4,0,0,0,0,0,0,3,11,0,69,1137.74,0,739,8,0,0
110,1986,Graduation,Single,36889.79,1,0,2012-03-11,40,216.88,30.6,191.18,23.46,27.99,36.04,1,9,7,5,3,0,0,0,0,0,0,3,11,0,40,526.15,1,1024,22,0,3
111,1992,Basic,Married,32603.5,1,2,2012-09-19,80,226.38,19.54,150.09,39.73,32.38,12.37,2,5,4,4,6,0,0,0,0,0,0,3,11,0,34,480.49,3,832,15,0,2
112,1963,PhD,Together,55211.2,1,0,2012-11-01,74,249.43,17.24,208.41,63.1,41.86,33.7,2,7,3,4,5,0,0,0,0,0,0,3,11,0,63,613.7400000000001,1,789,16,0,3
113,1965,Master,Together,76544.9,0,0,2013-07-11,64,1377.16,17.76,425.7,127.1,40.5,126.89,4,3,1,6,4,0,0,0,0,0,0,3,11,0,61,2115.11,0,537,14,0,0
114,1964,Graduation,Married,25552.2,0,0,2014-01-31,80,274.43,15.76,145.02,5.72,9.03,24.91,1,4,1,7,2,0,1,0,0,0,0,3,11,0,62,474.87000000000006,0,333,13,1,3
115,1999,PhD,Together,40994.93,0,1,2013-08-10,99,286.59,20.46,258.2,45.3,14.9,35.33,1,5,2,11,4,0,0,0,0,0,0,3,11,0,27,660.78,1,507,19,0,3
116,1999,PhD,Married,34741.4,0,0,2012-03-14,99,156.51,14.77,91.25,32.0,9.41,19.99,2,4,1,5,6,1,0,0,0,0,0,3,11,0,27,323.93,0,1021,12,1,3
117,1999,Master,Together,46964.18,0,1,2012-05-21,45,367.45,64.27,119.06,17.72,21.59,76.89,0,3,1,8,3,0,0,0,1,0,0,3,11,1,27,666.98,1,953,12,1,1
118,1984,Graduation,Married,44533.95,0,0,2012-04-11,59,232.43,11.57,156.93,33.25,31.03,96.89,1,4,7,8,1,0,1,0,0,0,0,3,11,0,42,562.1,0,993,20,1,3
119,1980,Graduation,Together,75974.46,0,0,2014-12-24,8,540.41,101.05,182.56,91.63,22.54,130.08,1,4,2,4,5,0,0,0,0,0,0,3,11,1,46,1068.27,0,6,11,0,0
120,1968,Graduation,Married,42473.6,1,1,2012-07-11,44,199.99,19.85,127.16,16.58,19.04,80.99,0,4,2,2,4,0,0,0,1,0,0,3,11,0,58,463.61,2,902,8,1,2
121,1954,Graduation,Single,76873.28,0,0,2014-08-10,59,432.46,11.72,183.04,64.35,23.48,49.74,4,4,1,5,7,0,0,0,0,0,0,3,11,0,72,764.7900000000001,0,142,14,0,0
122,1984,Basic,Married,39103.21,0,1,2014-12-21,27,578.87,16.1,489.75,42.34,20.33,23.24,1,2,2,5,4,0,0,0,0,1,0,3,11,1,42,1170.63,1,9,10,1,1
123,1940,Graduation,Together,64253.58,0,0,2013-02-13,96,484.9,52.39,290.58,21.69,21.19,46.94,5,3,3,3,7,1,0,0,0,0,0,3,11,1,86,917.69,0,685,14,1,3
124,1964,2n Cycle,Together,48604.2,0,1,2012-10-26,2,256.07,17.9,199.93,28.65,14.3,39.91,2,5,2,9,3,1,0,0,0,0,0,3,11,0,62,556.7599999999999,1,795,18,1,1
125,1946,Graduation,Single,88605.94,1,0,2013-03-29,50,737.3,16.77,597.28,68.14,27.02,167.78,2,0,3,2,6,0,0,0,0,0,0,3,11,0,80,1614.29,1,641,7,0,0
126,1948,Graduation,Together,24567.85,0,1,2013-07-27,7,99.81,10.21,132.42,9.78,15.24,39.68,2,5,1,9,6,0,0,0,0,0,0,3,11,0,78,307.14,1,521,17,0,1
127,1963,Master,Single,27846.34,0,0,2013-09-10,69,126.97,7.63,68.66,10.55,12.05,30.87,4,3,1,5,3,1,0,0,0,0,0,3,11,0,63,256.73,0,476,13,1,3
128,1940,Master,Single,92286.11,0,0,2013-09-28,58,737.41,56.84,682.22,54.63,32.72,31.38,0,3,3,2,8,0,0,0,0,0,0,3,11,1,86,1595.2000000000005,0,458,8,0,0
129,1983,Graduation,Divorced,33080.32,0,0,2012-10-27,60,373.29,24.12,170.7,34.35,17.74,9.64,0,6,2,12,8,0,0,0,0,0,0,3,11,0,43,629.84,0,794,20,0,3
130,1947,PhD,Married,33930.81,0,0,2014-02-17,57,397.6,8.25,186.74,32.05,12.13,31.45,4,4,2,7,4,0,0,0,0,0,0,3,11,0,79,668.22,0,316,17,0,3
131,1963,Master,Together,31248.0,1,0,2014-09-15,69,493.61,9.38,225.57,11.96,28.17,42.52,1,2,5,3,5,0,0,0,0,0,0,3,11,0,63,811.2099999999999,1,106,11,0,3
132,1950,Graduation,Single,70219.29,0,0,2012-07-20,92,194.45,50.7,240.68,66.66,17.95,53.72,4,2,2,4,5,0,1,0,0,0,0,3,11,0,76,624.1600000000001,0,893,12,1,3
133,1990,2n Cycle,Widow,26866.0,0,1,2013-11-04,11,1062.67,7.36,591.11,10.44,11.01,68.01,2,1,1,0,5,1,0,0,0,0,0,3,11,0,36,1750.6,1,421,4,1,1
134,1956,2n Cycle,Divorced,44755.97,0,1,2012-10-28,8,434.95,10.72,283.54,10.93,8.83,18.76,2,3,1,2,4,0,1,0,0,0,0,3,11,0,70,767.73,1,793,8,1,1
135,1947,Master,Married,39884.83,0,1,2012-12-02,48,450.17,9.02,183.21,20.54,14.85,15.5,0,3,3,7,5,0,0,0,0,0,0,3,11,0,79,693.29,1,758,13,0,3
136,1974,Graduation,Married,67144.76,1,1,2012-02-01,82,269.41,38.03,409.54,84.55,11.24,36.17,2,5,3,3,3,0,0,0,0,1,0,3,11,0,52,848.9399999999999,2,1063,13,1,2
137,1974,Master,Together,35402.12,1,0,2014-02-11,16,718.31,19.54,239.43,33.69,25.4,18.64,2,4,1,6,4,0,0,0,1,0,0,3,11,1,52,1055.0100000000002,1,322,13,1,1
138,1972,Graduation,Single,52371.04,1,0,2014-12-07,53,289.92,15.93,176.05,33.59,38.03,57.63,2,1,1,5,5,0,0,0,0,0,0,3,11,0,54,611.15,1,23,9,0,1
139,1998,Graduation,Together,27764.5,0,0,2013-10-26,43,137.05,12.77,89.26,13.88,20.38,17.3,3,1,1,4,6,0,0,0,1,0,0,3,11,0,28,290.64000000000004,0,430,9,1,1
140,1944,Graduation,Together,110147.58,0,1,2012-11-23,31,424.14,126.26,267.34,55.96,51.39,34.92,3,5,1,3,5,0,0,0,0,0,0,3,11,1,82,960.01,1,767,12,0,0
141,1981,Graduation,Single,40302.27,1,0,2014-03-07,34,176.5,10.3,113.02,27.62,10.9,55.21,3,3,2,5,6,0,0,0,1,0,0,3,11,1,45,393.55,1,298,13,1,1
142,1978,Basic,Married,44511.61,2,0,2014-03-24,77,516.78,6.33,238.11,15.05,12.63,12.42,4,1,3,3,8,1,0,0,0,0,0,3,11,0,48,801.3199999999999,2,281,11,1,2
143,1997,Master,Single,85982.73,0,1,2013-10-26,48,1048.77,51.8,684.5,44.79,98.74,36.28,2,3,1,6,4,1,0,0,0,0,0,3,11,1,29,1964.88,1,430,12,1,0
144,1980,Master,Together,35078.05,0,0,2014-01-15,53,701.43,15.05,372.4,19.79,38.06,10.63,3,6,4,3,6,0,0,0,0,0,0,3,11,0,46,1157.36,0,349,16,0,3
145,1967,Graduation,Married,86418.14,0,1,2014-11-12,15,743.15,25.88,424.39,24.66,42.65,78.52,2,7,0,2,8,1,0,0,1,0,0,3,11,1,59,1339.2500000000002,1,48,11,2,0
146,1946,Graduation,Together,37624.53,0,1,2014-07-18,84,233.78,25.51,163.15,14.6,12.66,33.76,1,4,4,1,5,0,0,0,0,0,0,3,11,0,80,483.4600000000001,1,165,10,0,3
147,1948,Graduation,Single,58027.9,0,0,2014-08-20,11,264.38,44.02,173.79,47.65,60.48,147.03,4,9,2,4,4,0,0,0,0,0,0,3,11,0,78,737.3499999999999,0,132,19,0,1
148,1947,2n Cycle,Married,35274.91,0,0,2013-01-07,87,272.87,4.3,194.5,22.77,10.66,48.98,4,7,3,3,4,0,0,0,0,0,0,3,11,0,79,554.08,0,722,17,0,3
149,1951,Graduation,Married,25785.96,1,0,2012-10-11,97,268.4,7.99,138.53,13.75,13.56,49.14,5,5,5,4,2,0,1,0,0,1,0,3,11,0,75,491.37,1,810,19,2,3
150,1973,Basic,Divorced,52356.83,0,1,2013-06-04,7,379.06,96.43,195.22,19.45,54.03,49.95,3,5,2,3,7,0,0,0,0,0,0,3,11,0,53,794.1400000000001,1,574,13,0,1
151,1972,PhD,Married,57294.58,0,0,2013-11-27,20,683.51,37.28,279.58,94.73,15.91,25.58,4,0,0,6,4,0,0,1,0,0,0,3,11,0,54,1136.59,0,398,10,1,1
152,1987,Graduation,Together,26203.43,0,1,2014-03-17,47,129.43,18.03,108.22,10.17,19.76,22.71,1,3,1,4,8,0,0,0,0,0,0,3,11,0,39,308.32,1,288,9,0,1
153,1994,Master,Together,39229.2,1,1,2013-10-08,7,129.2,36.36,131.05,29.29,24.58,44.91,2,2,1,6,1,0,0,0,0,0,0,3,11,0,32,395.39,2,448,11,0,1
154,1962,Graduation,Together,71704.13,0,0,2012-05-15,27,417.93,33.22,569.79,34.35,32.11,87.77,3,0,3,5,6,0,0,0,0,0,0,3,11,0,64,1175.1699999999998,0,959,11,0,0
155,1963,Basic,Single,56390.03,1,0,2012-04-05,79,562.66,41.7,302.51,36.99,14.25,34.08,1,2,2,4,2,0,0,0,0,0,0,3,11,1,63,992.19,1,999,9,0,3
156,1976,Basic,Married,37869.98,0,1,2012-09-30,9,372.15,26.72,139.18,31.99,11.24,40.74,1,2,0,6,4,0,0,0,0,0,0,3,11,0,50,622.02,1,821,9,0,1
157,1974,Graduation,Together,34926.1,1,0,2014-05-27,51,411.92,22.13,182.17,9.85,19.05,16.01,2,3,5,8,10,0,1,0,0,0,0,3,11,0,52,661.13,1,217,18,1,3
158,1983,Graduation,Married,96693.14,0,1,2014-04-29,14,686.21,36.55,418.3,61.82,18.87,41.49,2,4,1,4,2,0,0,0,0,0,0,3,11,1,43,1263.2399999999998,1,245,11,0,0
159,1979,PhD,Single,24865.27,0,0,2014-02-22,3,89.16,12.64,40.3,32.61,12.33,10.22,3,3,2,7,8,0,0,1,0,0,0,3,11,0,47,197.26,0,311,15,1,1
160,1961,Basic,Married,43317.87,0,1,2012-05-11,89,1160.08,13.95,722.3,80.01,27.48,35.28,2,4,1,7,12,0,0,0,0,0,0,3,11,1,65,2039.1,1,963,14,0,0
161,1966,Graduation,Together,24689.2,0,1,2014-12-03,78,82.45,11.41,43.78,14.66,20.45,9.77,3,1,4,3,8,0,0,1,0,0,0,3,11,0,60,182.52,1,27,11,1,3
162,1974,PhD,Married,75051.2,0,1,2013-01-07,99,1678.43,17.07,778.51,49.4,14.87,46.67,1,6,4,8,4,0,0,0,0,0,0,3,11,1,52,2584.9500000000003,1,722,19,0,0
163,1940,PhD,Married,44229.65,1,0,2014-03-18,95,350.2,12.62,126.19,107.01,44.67,61.01,1,3,5,4,5,0,1,0,0,0,0,3,11,0,86,701.6999999999999,1,287,13,1,3
164,1974,Master,Married,47632.45,0,0,2014-01-13,61,473.47,18.44,146.6,60.41,60.4,20.61,0,3,3,3,14,0,0,0,0,0,0,3,11,1,52,779.93,0,351,9,0,3
166,1986,Master,Single,34982.77,0,0,2012-02-25,40,242.81,11.85,279.63,15.49,8.6,29.3,5,6,2,6,4,0,0,0,0,0,0,3,11,0,40,587.68,0,1039,19,0,3
167,1953,Basic,Married,89270.86,1,0,2014-01-13,72,497.62,37.1,389.15,101.73,33.62,83.07,0,3,0,6,8,0,0,0,0,0,0,3,11,1,73,1142.2899999999995,1,351,9,0,0
168,1942,Graduation,Divorced,37937.95,2,2,2013-03-03,98,284.88,22.14,99.05,13.28,16.91,22.56,1,4,3,4,4,0,0,0,1,1,0,3,11,0,84,458.82,4,667,12,2,2
169,1940,Graduation,Widow,40400.4,1,0,2013-03-18,54,521.27,32.74,691.53,49.81,21.79,51.98,1,8,3,6,8,0,0,0,0,0,0,3,11,0,86,1369.12,1,652,18,0,3
171,1965,Graduation,Married,41587.87,1,0,2013-10-01,46,155.73,42.48,101.07,36.42,22.57,66.13,2,3,3,4,2,0,1,0,0,0,0,3,11,0,61,424.4,1,455,12,1,1
172,1994,Basic,Married,25597.54,2,1,2014-04-08,8,369.29,20.61,241.37,14.09,11.11,19.56,3,3,4,4,11,0,0,0,0,0,0,3,11,0,32,676.03,3,266,14,0,2
173,1953,Graduation,Single,49650.69,1,1,2012-03-20,1,407.68,30.81,317.36,21.84,26.69,29.29,2,4,3,6,3,0,0,0,0,0,0,3,11,0,73,833.6700000000001,2,1015,15,0,1
174,1978,Graduation,Married,41394.58,0,0,2013-04-18,66,269.48,20.81,123.76,63.88,14.4,22.05,0,4,1,8,5,0,0,0,1,0,0,3,11,1,48,514.38,0,621,13,1,3
175,1966,Basic,Married,51371.48,0,0,2013-01-11,47,717.84,28.53,220.12,28.44,19.23,49.56,2,5,2,5,5,0,0,0,0,0,0,3,11,1,60,1063.72,0,718,14,0,3
176,1948,Graduation,Together,42047.74,0,0,2014-07-07,68,369.92,39.3,126.68,21.09,13.65,26.91,1,5,3,3,9,0,0,0,0,0,0,3,11,0,78,597.5500000000001,0,176,12,0,3
177,1954,PhD,Single,107604.51,0,1,2012-11-28,73,723.07,102.81,321.33,65.83,155.88,61.36,2,3,2,2,4,0,0,0,0,0,0,3,11,0,72,1430.28,1,762,9,0,0
178,1954,Graduation,Single,55419.92,1,0,2013-03-16,27,426.17,56.61,219.08,39.94,61.16,33.98,3,2,3,1,1,0,0,0,0,0,0,3,11,0,72,836.9399999999999,1,654,9,0,1
179,1965,PhD,Married,28854.3,0,2,2012-05-05,78,133.46,13.56,54.17,9.98,18.46,15.36,2,5,2,7,6,0,1,0,1,0,0,3,11,0,61,244.99,2,969,16,2,2
180,1981,Graduation,Single,46621.58,0,0,2012-08-06,13,288.68,29.82,155.69,21.32,47.35,42.15,2,2,2,7,4,0,0,0,0,0,0,3,11,0,45,585.01,0,876,13,0,1
181,1999,Graduation,Married,32213.73,1,2,2014-08-05,45,234.12,33.07,194.68,14.27,23.85,11.08,1,10,3,7,4,0,0,0,1,1,0,3,11,0,27,511.07,3,147,21,2,2
182,1952,2n Cycle,Married,40171.56,1,0,2012-10-04,86,316.47,12.67,125.08,42.82,20.54,38.66,0,4,1,3,5,0,0,0,0,0,0,3,11,0,74,556.24,1,817,8,0,3
183,1990,Graduation,Divorced,30817.06,0,1,2013-08-17,12,118.27,11.67,87.64,11.63,5.73,37.11,1,7,4,4,5,0,0,0,0,0,0,3,11,0,36,272.04999999999995,1,500,16,0,1
184,1971,Master,Married,103037.41,1,0,2014-07-23,15,503.42,47.7,1071.77,23.07,40.37,58.35,1,6,2,5,6,0,1,0,0,0,0,3,11,1,55,1744.6799999999996,1,160,14,1,0
185,1978,Graduation,Married,33639.16,0,0,2012-05-20,93,225.8,26.46,123.26,6.63,12.62,85.52,0,4,3,6,4,0,0,1,1,0,0,3,11,0,48,480.29,0,954,13,2,3
186,1988,Master,Married,58397.35,1,1,2014-04-25,39,241.14,46.37,146.09,15.51,13.57,47.36,5,5,2,8,3,0,0,0,0,0,0,3,11,0,38,510.04,2,249,20,0,2
187,1991,Graduation,Divorced,38972.37,1,1,2014-10-04,71,1088.33,15.56,514.6,56.63,7.33,12.25,3,5,3,10,8,0,0,0,0,0,0,3,11,1,35,1694.6999999999998,2,87,21,0,2
188,1971,2n Cycle,Single,27907.05,0,0,2014-05-26,80,93.16,5.18,112.93,18.09,17.2,18.92,3,2,3,5,5,0,0,0,0,0,0,3,11,0,55,265.48,0,218,13,0,3
189,1943,Graduation,Together,48004.96,1,1,2012-04-19,29,294.73,25.51,238.92,41.63,26.74,40.0,0,3,3,5,7,0,0,0,0,0,0,3,11,1,83,667.53,2,985,11,0,2
190,1969,Graduation,Single,52066.48,1,1,2014-12-11,80,261.14,13.76,262.39,46.11,11.85,54.69,1,2,4,5,6,1,0,0,0,0,0,3,11,0,57,649.94,2,19,12,1,2
191,1976,Graduation,Married,55461.85,0,1,2013-09-04,98,439.63,10.4,296.97,36.82,16.26,38.13,4,6,1,4,5,0,0,0,0,0,0,3,11,0,50,838.21,1,482,15,0,3
192,1962,Graduation,Together,15539.06,0,0,2013-12-13,64,72.13,3.34,47.09,9.54,14.3,6.8,0,1,2,3,5,0,0,0,0,0,0,3,11,0,64,153.20000000000002,0,382,6,0,3
193,1978,PhD,Married,27066.76,1,0,2014-03-06,57,107.67,15.1,105.13,32.52,7.33,11.26,3,7,1,7,6,0,1,0,0,0,0,3,11,0,48,279.00999999999993,1,299,18,1,3
194,1984,Graduation,Married,65057.18,0,0,2013-12-29,87,387.62,67.5,249.21,45.59,33.05,35.27,2,3,1,6,5,0,0,0,0,0,0,3,11,1,42,818.24,0,366,12,0,3
195,1954,Master,Together,30655.19,0,0,2014-12-05,47,232.88,14.39,191.83,45.56,12.54,17.6,2,2,2,2,5,0,0,0,0,0,0,3,11,0,72,514.8000000000001,0,25,8,0,1
196,1982,Graduation,Divorced,48106.74,1,1,2013-05-19,48,486.54,25.04,416.15,44.82,29.89,19.54,2,3,2,1,5,0,0,0,0,0,0,3,11,0,44,1021.98,2,590,8,0,2
197,1968,Graduation,Married,26816.97,1,0,2014-11-06,88,245.79,25.0,86.17,11.88,7.36,13.86,4,2,1,4,7,0,0,0,0,0,0,3,11,0,58,390.06,1,54,11,0,3
198,1975,PhD,Married,59435.11,0,0,2012-11-10,1,1303.91,10.79,892.19,28.31,28.77,70.84,1,4,1,11,4,0,0,0,0,0,0,3,11,1,51,2334.8100000000004,0,780,17,0,0
199,1952,Master,Married,64376.75,0,1,2012-03-17,88,439.13,40.33,350.35,26.71,32.66,138.89,2,5,3,3,4,0,0,0,0,0,0,3,11,0,74,1028.07,1,1018,13,0,3
200,1971,Graduation,Married,59442.45,0,1,2014-09-04,13,883.88,27.07,320.54,79.22,31.29,75.05,0,4,3,2,7,1,0,0,0,0,0,3,11,1,55,1417.05,1,117,9,1,0
201,1946,Graduation,Divorced,67038.52,0,0,2014-06-17,96,232.48,43.17,222.62,33.75,32.23,117.76,4,3,2,4,5,1,0,1,1,0,0,3,11,1,80,682.01,0,196,13,3,3
202,1998,Graduation,Together,82914.07,0,0,2014-11-13,16,502.03,28.44,233.17,32.96,46.75,119.36,2,6,5,4,7,0,0,1,0,0,0,3,11,1,28,962.71,0,47,17,1,0
203,1990,Master,Together,27732.78,1,2,2013-12-12,30,220.25,7.78,168.89,21.57,47.37,36.68,4,7,2,9,10,0,0,0,0,0,0,3,11,0,36,502.54,3,383,22,0,2
204,1961,Master,Single,32355.24,0,0,2014-11-24,9,346.81,16.14,131.52,19.59,68.98,21.2,3,1,1,3,7,0,0,0,0,0,0,3,11,0,65,604.2400000000001,0,36,8,0,1
205,1967,Graduation,Married,63514.11,0,1,2014-05-03,69,469.28,78.34,249.94,48.65,19.85,55.46,4,6,0,2,3,0,0,1,1,0,0,3,11,1,59,921.52,1,241,12,2,3
206,1941,Master,Together,69709.22,0,1,2013-12-09,88,337.3,53.58,254.47,139.06,7.95,43.46,0,3,1,6,6,0,0,0,0,0,0,3,11,0,85,835.8200000000002,1,386,10,0,3
207,1981,Master,Together,33869.25,2,0,2012-09-21,36,225.89,11.45,147.37,37.6,22.2,23.83,4,4,5,5,3,0,0,0,1,1,0,3,11,0,45,468.34,2,830,18,2,2
208,1984,PhD,Together,32940.08,0,2,2012-11-28,63,244.28,6.76,95.45,21.49,16.89,27.53,3,6,3,6,4,0,0,1,0,0,0,3,11,0,42,412.4,2,762,18,1,2
209,1996,Basic,Widow,34170.38,0,1,2012-07-06,29,202.68,5.71,51.73,9.42,29.61,42.07,1,4,0,4,6,0,0,0,0,0,0,3,11,0,30,341.22,1,907,9,0,1
210,1992,Graduation,Single,23340.89,0,0,2014-12-22,33,271.59,23.57,177.81,11.1,12.7,24.14,1,4,0,1,4,0,0,0,0,0,0,3,11,0,34,520.91,0,8,6,0,1
211,1945,Graduation,Together,26673.76,1,1,2014-03-30,17,90.0,6.9,40.23,26.23,12.67,19.42,5,4,2,3,4,1,0,0,0,0,0,3,11,0,81,195.45,2,275,14,1,1
212,1967,Graduation,Single,26932.34,1,1,2012-10-25,87,333.05,10.16,140.86,8.56,24.31,22.34,1,11,2,5,3,0,1,0,0,0,0,3,11,0,59,539.2800000000001,2,796,19,1,2
213,1967,Graduation,Married,39433.09,0,1,2012-07-19,62,803.23,39.95,412.16,91.46,38.71,41.04,0,4,0,7,5,0,0,0,0,0,0,3,11,1,59,1426.5500000000002,1,894,11,0,3
214,1983,PhD,Married,49431.08,0,1,2012-09-28,48,388.32,8.61,264.7,32.01,9.86,59.2,2,1,0,9,6,0,0,0,0,0,0,3,11,0,43,762.7,1,823,12,0,1
215,1983,Basic,Married,52753.7,0,0,2013-06-18,55,305.63,59.22,592.76,34.87,14.82,17.02,3,5,3,2,5,0,0,0,0,0,0,3,11,1,43,1024.3200000000002,0,560,13,0,3
216,1959,Graduation,Married,36191.34,0,0,2012-01-31,90,143.02,14.25,115.33,15.57,15.58,15.21,2,6,4,5,6,0,0,0,0,0,0,3,11,0,67,318.96,0,1064,17,0,3
217,1969,Graduation,Together,36548.86,0,0,2012-03-09,57,643.77,8.41,478.85,31.61,17.78,56.99,3,2,3,4,8,1,0,0,0,0,0,3,11,1,57,1237.41,0,1026,12,1,3
218,1950,Graduation,Together,46605.07,0,0,2014-06-01,26,715.22,18.42,431.46,14.93,18.66,36.06,2,9,0,3,4,0,0,0,0,0,0,3,11,1,76,1234.75,0,212,14,0,1
219,1997,Basic,Divorced,24381.85,0,0,2014-08-18,54,173.69,7.25,69.6,57.37,14.51,15.17,2,5,1,4,4,1,0,0,0,0,0,3,11,0,29,337.59,0,134,12,1,1
220,1994,Graduation,Together,65106.27,0,1,2014-04-06,84,246.3,38.89,231.65,92.13,54.27,44.6,3,3,2,7,6,0,0,0,0,0,0,3,11,0,32,707.84,1,268,15,0,3
221,1967,PhD,Together,74172.9,0,1,2014-07-12,18,769.15,23.05,941.14,85.94,95.61,50.81,2,0,4,5,4,1,0,1,0,0,0,3,11,1,59,1965.7,1,171,11,2,0
222,1964,Graduation,Married,34536.35,1,1,2014-09-10,22,370.67,5.03,510.26,9.63,22.41,38.73,3,2,2,3,5,0,1,0,0,0,0,3,11,1,62,956.73,2,111,10,1,1
223,1978,Graduation,Married,37821.22,0,1,2013-04-25,46,96.45,15.19,184.3,27.46,10.4,15.61,3,3,2,6,6,0,0,0,0,0,0,3,11,0,48,349.41,1,614,14,0,1
224,1972,2n Cycle,Together,72935.07,0,1,2012-10-19,78,258.14,14.82,225.85,96.71,30.61,59.4,0,4,1,2,11,1,1,0,0,0,0,3,11,1,54,685.53,1,802,7,2,3
225,1940,2n Cycle,Together,42225.49,0,0,2012-03-26,65,294.14,21.89,131.71,38.69,18.51,39.27,3,1,1,6,3,0,0,0,0,0,0,3,11,0,86,544.21,0,1009,11,0,3
226,1996,Graduation,Single,56122.84,2,1,2014-11-05,98,205.69,12.62,93.05,19.75,35.04,57.12,0,2,6,4,7,0,1,0,0,0,0,3,11,0,30,423.27,3,55,12,1,2
227,1966,2n Cycle,Married,42748.01,1,0,2013-12-28,50,210.15,14.63,129.77,18.58,24.74,39.21,2,3,2,4,5,0,1,1,0,0,0,3,11,0,60,437.08,1,367,11,2,1
228,1996,PhD,Married,82662.63,0,2,2013-09-19,83,736.05,42.29,812.62,40.46,129.7,90.39,4,4,2,6,4,1,0,0,0,0,0,3,11,1,30,1851.51,2,467,16,1,0
229,1991,Basic,Together,53961.81,0,1,2012-04-27,27,112.04,21.78,109.44,24.12,18.76,30.71,1,3,6,2,5,0,0,1,0,0,0,3,11,0,35,316.85,1,977,12,1,1
230,1952,Graduation,Married,55219.0,0,0,2012-09-26,56,413.45,29.42,96.82,88.7,31.89,25.18,3,4,1,4,2,1,0,0,0,0,0,3,11,0,74,685.46,0,825,12,1,3
231,1980,PhD,Married,55632.49,0,1,2014-09-05,57,225.95,38.37,418.86,11.28,104.78,194.97,0,8,2,1,6,0,0,0,0,0,0,3,11,0,46,994.21,1,116,11,0,3
232,1942,Graduation,Single,35523.67,0,0,2014-05-04,14,874.51,8.13,285.28,33.8,11.47,23.79,2,3,2,7,3,0,0,0,0,0,0,3,11,0,84,1236.98,0,240,14,0,1
233,1978,Master,Married,36853.44,1,0,2012-06-10,15,216.78,16.26,105.41,10.89,18.44,26.47,3,3,1,4,10,0,0,0,0,0,0,3,11,0,48,394.25,1,933,11,0,1
234,1945,Graduation,Together,60336.85,0,1,2013-11-30,96,777.24,3.75,934.54,21.76,15.69,72.71,3,4,2,6,6,1,0,0,0,0,0,3,11,1,81,1825.69,1,395,15,1,0
235,1947,Graduation,Married,46656.39,1,0,2012-06-15,46,193.82,24.82,107.77,8.97,22.47,97.55,4,2,1,3,5,0,0,0,0,0,0,3,11,0,79,455.4,1,928,10,0,1
236,1966,Graduation,Married,27693.57,0,0,2012-10-26,62,161.99,10.6,250.65,12.79,7.95,16.03,2,5,3,11,1,0,0,0,0,0,0,3,11,0,60,460.01,0,795,21,0,3
237,1948,Master,Married,93830.17,1,2,2012-01-28,11,448.2,23.85,383.57,149.1,80.63,41.35,1,4,1,4,9,0,0,0,0,0,0,3,11,0,78,1126.6999999999998,3,1067,10,0,0
238,1976,Graduation,Single,65593.29,1,1,2013-07-15,42,333.79,36.35,177.78,49.36,32.86,24.98,6,1,2,7,3,0,0,0,0,0,0,3,11,0,50,655.1200000000001,2,533,16,0,2
239,1972,Master,Together,45028.48,0,1,2014-06-01,83,169.62,41.73,244.1,14.08,11.78,93.97,2,4,1,11,4,0,0,0,0,0,0,3,11,0,54,575.28,1,212,18,0,3
240,1990,2n Cycle,Single,39759.32,0,1,2012-06-04,28,220.8,13.7,272.31,46.99,30.19,17.11,2,2,3,2,6,0,0,0,0,0,0,3,11,0,36,601.1,1,939,9,0,1
242,1983,Master,Single,54557.37,0,0,2014-03-31,2,315.73,27.62,200.84,37.28,44.31,24.36,2,1,2,2,2,0,0,0,0,0,0,3,11,1,43,650.14,0,274,7,0,1
243,1963,Graduation,Married,19669.01,0,1,2013-07-14,68,225.85,4.05,211.22,42.8,4.53,6.62,1,5,1,3,8,0,0,0,0,0,0,3,11,0,63,495.07,1,534,10,0,3
244,1954,Basic,Single,103253.24,1,2,2014-12-21,59,1627.93,31.86,393.88,108.51,59.07,69.52,4,6,2,7,6,0,0,0,0,0,0,3,11,1,72,2290.7700000000004,3,9,19,0,0
245,1998,Graduation,Together,32339.55,0,0,2012-11-07,65,164.23,30.88,198.43,31.27,23.58,14.78,1,3,3,4,3,0,0,0,0,0,0,3,11,0,28,463.1699999999999,0,783,11,0,3
246,1993,Master,Divorced,44322.06,2,1,2013-01-10,86,251.21,21.09,122.11,17.57,15.76,23.49,4,5,3,5,4,0,0,0,0,0,0,3,11,0,33,451.23,3,719,17,0,2
247,1971,Master,Together,44978.81,0,2,2012-05-29,89,255.04,6.68,116.92,42.07,9.69,120.27,7,3,4,5,3,0,0,0,0,0,0,3,11,0,55,550.67,2,945,19,0,2
248,1971,Basic,Married,98591.48,2,1,2013-08-07,25,489.13,15.38,443.59,72.08,44.09,102.08,3,11,1,5,5,0,1,0,0,0,0,3,11,1,55,1166.35,3,510,20,1,0
249,1963,Master,Married,42819.57,0,2,2013-08-03,70,263.61,21.64,318.25,37.55,41.02,60.08,3,4,2,5,4,0,0,0,0,0,0,3,11,0,63,742.15,2,514,14,0,2
250,1980,Graduation,Single,83734.21,1,0,2014-09-03,73,741.36,64.41,438.17,35.65,75.45,110.2,1,3,2,7,8,0,0,0,0,0,0,3,11,0,46,1465.2400000000002,1,118,13,0,0
251,1991,PhD,Together,52192.34,0,2,2012-06-25,68,316.31,9.07,211.79,36.18,18.51,39.42,3,3,4,6,5,0,1,0,0,0,0,3,11,0,35,631.2799999999999,2,918,16,1,2
252,1988,Basic,Single,30189.4,0,1,2012-12-19,46,125.36,18.13,65.81,11.87,6.41,18.61,4,1,1,3,5,0,0,0,0,0,0,3,11,0,38,246.19,1,741,9,0,1
253,1988,PhD,Married,46811.44,1,0,2013-05-28,75,290.07,47.68,293.68,8.29,16.57,43.61,3,3,3,7,5,0,0,0,0,0,0,3,11,0,38,699.9000000000001,1,581,16,0,3
254,1997,Graduation,Married,42302.29,0,2,2012-11-04,95,168.92,60.21,241.05,49.43,14.64,37.55,1,6,1,6,6,0,0,0,0,0,0,3,11,0,29,571.8,2,786,14,0,2
255,1991,Basic,Married,28749.39,1,0,2012-04-28,41,96.12,16.08,90.53,7.49,17.23,16.4,2,3,4,5,3,0,0,0,0,0,0,3,11,0,35,243.85,1,976,14,0,1
256,1951,Master,Widow,51179.23,1,0,2014-02-05,30,130.31,31.81,117.63,35.04,22.03,44.39,3,3,1,2,2,0,0,0,0,0,0,3,11,0,75,381.21,1,328,9,0,1
257,1978,Master,Single,44749.75,0,1,2014-09-22,21,317.53,5.71,184.99,35.08,13.06,23.5,2,8,3,6,4,0,0,0,0,0,0,3,11,0,48,579.8699999999999,1,99,19,0,1
258,1941,Graduation,Divorced,55412.95,0,0,2014-08-30,16,248.2,89.56,139.14,43.27,49.28,40.12,2,3,5,6,7,0,0,0,0,0,0,3,11,0,85,609.5699999999999,0,122,16,0,1
259,1942,Master,Married,47922.53,1,0,2014-07-04,83,325.89,15.56,331.23,25.96,23.9,31.45,1,3,1,3,3,0,0,0,1,1,0,3,11,0,84,753.9900000000001,1,179,8,2,3
260,1988,Graduation,Together,34185.57,0,1,2013-04-22,19,151.38,8.95,140.07,25.82,20.35,12.81,1,4,5,11,5,0,0,0,0,0,0,3,11,0,38,359.38,1,617,21,0,1
261,1976,Master,Single,60314.85,1,0,2013-08-09,7,321.77,23.73,266.8,51.36,9.82,11.81,0,6,1,5,4,0,0,0,0,0,0,3,11,1,50,685.29,1,508,12,0,1
262,1988,Graduation,Married,34552.69,1,0,2012-12-16,97,314.8,39.24,112.45,34.47,3.7,15.78,1,4,0,6,6,0,1,0,0,0,0,3,11,0,38,520.44,1,744,11,1,3
263,1995,Master,Single,12837.58,0,0,2012-07-13,48,152.04,22.14,190.22,23.32,2.48,30.41,1,3,2,7,5,0,0,0,0,0,0,3,11,0,31,420.61,0,900,13,0,1
264,1956,2n Cycle,Divorced,46698.21,0,0,2013-05-10,86,426.56,23.09,285.37,34.5,16.05,31.12,4,2,2,5,6,1,0,1,0,0,0,3,11,1,70,816.6899999999999,0,599,13,2,3
265,1998,Graduation,Divorced,35538.45,1,1,2013-05-29,37,352.19,29.66,375.8,23.71,23.03,45.42,0,0,4,5,6,0,0,0,0,0,0,3,11,0,28,849.8100000000001,2,580,9,0,2
266,1988,2n Cycle,Single,51681.35,0,1,2013-11-26,52,272.14,24.32,220.1,19.26,5.81,11.59,0,2,1,5,5,0,0,0,1,0,0,3,11,0,38,553.2199999999999,1,399,8,1,1
267,1941,Graduation,Married,98671.23,0,2,2012-09-29,27,961.79,24.27,454.97,82.28,117.65,43.24,0,5,6,5,4,0,0,0,1,0,0,3,11,1,85,1684.2,2,822,16,1,0
268,1941,Basic,Married,99817.21,0,1,2014-05-29,76,664.63,111.01,766.97,95.63,50.7,35.53,0,4,1,4,3,0,0,0,0,0,0,3,11,1,85,1724.4700000000005,1,215,9,0,0
269,1967,Master,Widow,41520.84,0,0,2012-02-21,28,475.86,13.11,381.89,23.75,43.06,29.51,2,1,1,7,6,0,0,0,0,0,0,3,11,0,59,967.18,0,1043,11,0,1
270,1993,PhD,Married,31869.16,0,2,2012-09-19,71,186.07,36.72,108.19,28.36,8.59,109.36,3,5,3,3,6,0,0,0,0,0,0,3,11,0,33,477.29,2,832,14,0,2
271,1962,Master,Single,56042.93,0,1,2012-05-12,10,165.83,56.01,89.19,30.18,34.77,59.27,5,6,3,4,0,0,0,0,0,0,0,3,11,0,64,435.25,1,962,18,0,1
272,1976,Basic,Single,38250.42,1,1,2014-09-20,46,131.58,25.35,51.05,36.73,18.46,84.89,0,4,3,3,3,0,1,0,0,0,0,3,11,0,50,348.06,2,101,10,1,2
273,1971,Graduation,Together,51881.14,0,1,2012-11-05,44,1468.79,71.28,450.24,57.58,38.85,35.74,0,3,3,2,5,0,0,0,0,0,0,3,11,0,55,2122.48,1,785,8,0,0
274,1972,Graduation,Widow,34052.4,0,2,2012-01-16,17,211.5,59.59,345.42,37.48,13.57,61.97,1,1,1,4,3,1,0,0,0,0,0,3,11,0,54,729.5300000000001,2,1079,7,1,1
275,1940,Master,Married,49034.38,2,1,2012-07-13,49,471.4,20.24,229.76,33.78,29.87,136.5,0,4,3,3,2,0,0,0,0,0,0,3,11,0,86,921.55,3,900,10,0,2
276,1958,Master,Married,32055.06,1,0,2012-10-29,88,436.1,9.05,455.4,11.03,28.47,24.09,1,5,1,7,5,0,0,0,0,0,0,3,11,0,68,964.14,1,792,14,0,3
277,1941,Master,Married,71232.28,1,1,2014-12-07,48,300.04,10.67,154.88,31.67,22.1,41.36,2,4,4,2,7,0,0,1,0,0,0,3,11,0,85,560.72,2,23,12,1,2
278,1992,Master,Together,35031.71,0,0,2014-04-11,21,247.03,61.76,90.3,32.14,18.58,12.75,0,3,0,4,7,0,0,0,0,0,0,3,11,0,34,462.56,0,263,7,0,1
279,1983,Graduation,Married,57782.49,1,0,2013-07-15,44,367.13,20.35,196.98,161.21,8.54,38.52,4,4,1,6,4,0,0,0,0,0,0,3,11,0,43,792.73,1,533,15,0,1
280,1965,Master,Married,26744.74,0,0,2012-02-10,60,245.78,24.23,110.13,13.99,18.69,22.54,2,4,1,4,3,0,0,1,0,0,0,3,11,0,61,435.36,0,1054,11,1,3
281,1971,Graduation,Single,60625.42,0,0,2013-06-17,98,258.68,17.82,150.68,51.16,89.82,164.54,1,3,0,7,8,1,0,0,0,0,0,3,11,1,55,732.7,0,561,11,1,3
282,1945,PhD,Divorced,30135.11,0,0,2013-01-05,92,94.58,34.77,60.65,13.86,6.55,11.12,1,4,2,6,5,0,0,1,0,0,0,3,11,0,81,221.53000000000003,0,724,13,1,3
283,1971,Graduation,Married,49240.45,0,0,2013-05-31,20,190.71,14.83,71.31,17.62,21.37,40.95,4,6,1,5,5,0,1,0,0,0,0,3,11,0,55,356.79,0,578,16,1,1
284,1994,Graduation,Married,66788.11,1,1,2013-10-18,70,501.76,14.98,818.81,28.57,51.94,18.04,5,4,4,2,6,1,0,0,0,0,0,3,11,1,32,1434.1,2,438,15,1,0
285,1943,Graduation,Divorced,40945.9,0,1,2013-08-12,60,162.66,16.57,140.3,7.53,19.13,25.43,1,3,0,7,7,0,0,0,0,0,0,3,11,0,83,371.62,1,505,11,0,3
286,1994,Graduation,Married,29387.75,1,2,2012-08-18,75,217.68,9.79,81.76,42.49,14.88,28.43,2,2,3,7,4,0,0,0,0,0,0,3,11,0,32,395.03,3,864,14,0,2
287,1950,Master,Married,54107.33,1,0,2014-03-19,35,493.79,35.48,342.43,9.11,19.62,59.05,1,7,9,6,6,0,0,0,0,0,0,3,11,0,76,959.48,1,286,23,0,1
288,1995,Graduation,Married,31685.28,1,1,2013-04-23,23,206.2,14.09,79.07,17.36,11.24,36.2,2,6,3,5,4,0,0,0,0,0,0,3,11,0,31,364.16,2,616,16,0,2
289,1998,Graduation,Together,37733.43,0,2,2013-11-05,31,201.6,25.21,35.72,11.95,16.42,38.43,1,8,0,4,6,0,0,0,0,0,0,3,11,0,28,329.33,2,420,13,0,2
290,1956,Graduation,Married,49324.94,1,0,2012-10-04,90,162.46,18.99,295.23,18.63,23.19,56.07,1,1,3,8,2,0,0,0,0,0,0,3,11,0,70,574.5700000000002,1,817,13,0,3
291,1977,Graduation,Widow,76440.69,0,1,2012-02-22,95,525.85,23.52,348.58,112.07,17.25,63.04,2,6,0,7,5,0,0,0,0,0,0,3,11,0,49,1090.31,1,1042,15,0,0
292,1963,Graduation,Together,44829.48,0,1,2014-10-30,58,337.43,14.48,205.2,32.47,19.76,19.18,2,6,2,8,3,1,0,1,1,0,0,3,11,1,63,628.52,1,61,18,3,3
293,1944,Graduation,Together,44763.26,2,0,2014-01-17,95,208.4,70.01,97.04,16.1,52.6,11.83,1,2,4,2,3,0,0,0,0,0,0,3,11,0,82,455.9800000000001,2,347,9,0,2
294,1991,PhD,Married,59575.83,0,1,2013-04-08,95,352.9,31.27,197.86,26.85,21.24,34.44,2,3,3,7,3,1,0,0,1,0,0,3,11,0,35,664.56,1,631,15,2,3
295,1973,Master,Together,45258.63,0,1,2014-01-23,89,204.35,6.31,176.63,18.35,9.88,33.5,4,4,4,3,8,0,1,0,0,0,0,3,11,0,53,449.02,1,341,15,1,3
296,1945,PhD,Single,57194.45,1,0,2013-08-05,74,215.91,19.19,217.72,35.77,23.95,97.39,3,1,1,3,4,0,1,0,0,0,0,3,11,0,81,609.93,1,512,8,1,3
297,1961,Graduation,Single,68282.82,0,0,2012-06-06,81,2437.51,33.18,1145.24,48.62,20.39,51.58,0,2,2,11,11,0,0,1,0,0,0,3,11,1,65,3736.52,0,937,15,1,0
298,1950,Graduation,Single,38906.05,1,0,2012-01-19,4,626.93,53.98,214.32,77.88,7.99,27.75,2,9,5,9,5,0,0,0,0,0,0,3,11,0,76,1008.85,1,1076,25,0,1
299,1987,Basic,Together,11968.05,0,0,2012-02-24,15,89.27,10.17,121.94,2.43,5.97,12.1,0,3,1,4,3,0,0,0,1,1,0,3,11,0,39,241.88,0,1040,8,2,1
300,1955,PhD,Divorced,31978.82,0,0,2013-12-21,10,207.98,8.43,122.37,20.1,9.57,21.82,2,2,2,4,7,0,0,0,0,0,0,3,11,1,71,390.27,0,374,10,0,1
301,1972,Graduation,Single,71931.73,0,0,2014-11-10,34,387.82,140.75,351.52,38.21,22.67,93.87,0,5,0,3,7,0,0,0,0,0,0,3,11,1,54,1034.84,0,50,8,0,0
302,1948,Graduation,Single,43760.82,0,0,2014-01-30,74,426.18,19.69,222.03,49.57,22.0,115.15,2,5,1,7,2,0,0,0,0,0,0,3,11,0,78,854.62,0,334,15,0,3
303,1999,Graduation,Married,38729.15,0,2,2014-10-15,41,407.43,37.51,195.93,30.76,7.08,115.69,4,2,2,5,9,1,0,0,0,0,0,3,11,0,27,794.4000000000001,2,76,13,1,2
304,1998,Graduation,Married,70736.29,1,0,2014-03-18,86,400.7,16.22,254.97,64.71,11.41,60.16,3,5,2,6,3,0,0,0,0,0,0,3,11,0,28,808.17,1,287,16,0,3
305,1945,Graduation,Married,42594.06,0,0,2013-12-23,97,277.43,4.63,202.65,33.63,29.21,41.83,3,4,4,5,9,0,0,0,0,0,0,3,11,0,81,589.3800000000001,0,372,16,0,3
306,1955,PhD,Single,19206.17,2,0,2012-10-11,80,92.77,3.78,96.44,7.05,2.76,39.74,1,5,0,9,4,0,0,0,0,0,0,3,11,0,71,242.54,2,810,15,0,2
307,1968,PhD,Together,24291.44,0,0,2013-05-25,9,177.0,1.58,99.28,32.25,6.2,17.81,2,6,5,10,2,0,0,0,0,0,0,3,11,0,58,334.12,0,584,23,0,1
308,1942,PhD,Together,52441.8,0,0,2014-10-18,81,330.66,85.39,250.32,54.35,8.17,63.25,3,5,1,5,6,0,1,0,0,0,0,3,11,0,84,792.14,0,73,14,1,3
309,1959,Master,Divorced,43184.79,1,0,2012-04-29,7,382.54,22.52,183.23,48.02,14.79,17.54,5,2,0,6,3,0,1,0,0,0,0,3,11,0,67,668.6399999999999,1,975,13,1,1
310,1999,Master,Divorced,79368.96,2,0,2012-04-06,25,677.27,20.9,327.51,108.77,47.05,52.85,0,5,1,3,6,0,0,0,0,0,0,3,11,1,27,1234.3499999999997,2,998,9,0,0
311,1998,Master,Divorced,33080.28,0,1,2012-04-29,2,135.68,19.9,171.81,27.28,16.23,53.12,1,4,0,8,8,0,0,1,0,0,0,3,11,1,28,424.02,1,975,13,1,1
312,1975,2n Cycle,Married,39190.89,1,2,2013-01-27,58,246.66,20.13,79.44,61.18,75.48,20.44,1,2,1,3,3,0,0,0,1,0,0,3,11,0,51,503.33,3,702,7,1,2
313,1958,Graduation,Single,31138.45,1,0,2014-03-04,87,173.32,20.72,213.9,25.07,27.41,23.14,2,3,1,3,6,0,1,0,0,0,0,3,11,0,68,483.56,1,301,9,1,3
314,1965,Graduation,Married,36017.58,0,0,2012-08-07,2,276.63,34.12,113.71,20.27,9.45,11.24,2,5,5,2,7,0,1,0,0,0,0,3,11,0,61,465.42,0,875,14,1,1
315,1942,Graduation,Married,20811.03,1,1,2014-04-18,37,32.7,8.02,52.5,13.31,4.65,55.63,2,3,2,2,3,0,0,0,0,0,0,3,11,0,84,166.81,2,256,9,0,1
316,1958,PhD,Married,38014.62,0,1,2012-06-08,1,268.12,10.28,126.75,24.06,88.43,65.08,4,3,2,4,1,0,0,0,0,0,0,3,11,0,68,582.72,1,935,13,0,1
317,1959,Basic,Married,43445.06,1,0,2013-09-02,98,92.57,32.73,123.55,20.42,37.69,39.03,0,4,0,2,6,0,0,1,1,0,0,3,11,0,67,345.99,1,484,6,2,3
318,1971,Graduation,Together,42001.8,2,2,2013-09-30,16,385.24,31.17,249.71,71.78,27.43,45.7,1,4,2,7,5,0,0,0,0,0,0,3,11,0,55,811.03,4,456,14,0,2
319,1946,Basic,Single,104801.28,1,1,2014-11-21,72,1007.55,51.05,659.02,80.36,50.26,106.64,0,6,1,9,7,0,0,0,0,0,0,3,11,1,80,1954.88,2,39,16,0,0
320,1991,Graduation,Married,92354.88,0,0,2014-02-15,35,538.14,156.4,418.79,62.75,49.9,170.05,1,4,1,1,5,0,0,0,0,0,0,3,11,0,35,1396.03,0,318,7,0,0
321,1980,Basic,Single,32847.81,0,1,2012-11-29,85,220.52,11.58,210.83,26.62,6.19,19.31,4,5,5,8,5,0,0,0,0,0,0,3,11,0,46,495.05000000000007,1,761,22,0,3
322,1972,Graduation,Together,19583.16,2,2,2014-06-10,94,202.28,5.23,145.34,75.14,9.87,24.38,1,5,3,5,5,0,0,0,0,0,0,3,11,0,54,462.24,4,203,14,0,2
323,1979,Graduation,Married,42630.27,0,1,2014-07-28,97,288.23,25.12,196.73,13.88,20.4,65.29,0,8,2,4,10,1,0,0,0,0,0,3,11,0,47,609.65,1,155,14,1,3
324,1978,Graduation,Together,51565.29,0,0,2012-12-17,87,661.16,15.77,314.51,19.94,13.74,85.79,5,6,4,5,11,0,0,0,0,0,0,3,11,0,48,1110.91,0,743,20,0,3
325,1957,Graduation,Married,31439.06,1,0,2014-07-14,72,188.6,19.41,110.55,8.81,10.44,6.5,3,8,0,3,3,0,0,1,0,0,0,3,11,0,69,344.31,1,169,14,1,3
326,1979,Graduation,Together,32067.87,0,0,2013-01-30,1,413.3,8.92,237.19,17.9,36.5,17.96,2,5,3,1,8,0,1,0,0,1,0,3,11,1,47,731.7700000000001,0,699,11,2,1
327,1940,Graduation,Together,83535.08,0,0,2013-06-13,84,591.42,30.13,233.43,62.13,35.53,36.37,2,5,1,3,4,0,0,0,0,0,0,3,11,0,86,989.01,0,565,11,0,0
328,1950,Master,Married,40013.79,0,1,2012-12-23,33,177.24,57.05,112.12,19.43,63.57,35.12,3,5,4,5,3,0,0,1,0,1,0,3,11,0,76,464.53,1,737,17,2,1
329,1967,PhD,Married,57809.02,0,1,2014-04-07,26,350.67,20.78,231.28,26.84,9.33,13.84,2,4,1,5,5,0,0,0,0,1,1,3,11,1,59,652.7400000000001,1,267,12,1,1
330,1996,Graduation,Together,30573.16,1,1,2012-02-29,36,153.18,8.68,92.03,21.38,10.25,7.19,5,3,4,3,4,0,1,0,0,0,0,3,11,0,30,292.71000000000004,2,1035,15,1,2
331,1964,PhD,Divorced,43357.02,1,2,2013-04-21,70,362.55,40.13,384.87,20.59,7.86,127.92,3,4,2,7,8,0,0,1,0,1,0,3,11,1,62,943.92,3,618,16,2,2
332,1989,Master,Married,38772.43,0,0,2013-09-03,21,90.39,9.46,135.88,29.98,8.6,45.07,3,6,3,8,10,0,0,0,0,0,0,3,11,0,37,319.38,0,483,20,0,1
333,1962,Graduation,Single,33855.3,1,1,2012-01-01,67,471.82,10.24,320.67,42.41,9.44,29.21,2,6,2,7,6,0,0,0,0,0,0,3,11,0,64,883.7900000000001,2,1094,17,0,2
334,1970,Graduation,Single,70412.08,1,1,2012-11-06,13,457.87,45.63,246.16,67.85,39.01,70.28,3,1,1,8,4,1,0,0,0,0,0,3,11,1,56,926.8,2,784,13,1,0
335,1969,Graduation,Divorced,25449.44,1,0,2012-06-16,97,272.7,20.49,170.32,27.72,13.7,22.29,1,1,1,4,4,0,0,0,0,0,0,3,11,0,57,527.22,1,927,7,0,3
336,1981,Graduation,Single,50012.22,0,1,2012-07-10,22,369.58,47.69,284.47,61.59,15.26,73.01,1,8,2,6,5,0,1,0,0,1,0,3,11,0,45,851.6,1,903,17,2,1
337,1974,Master,Together,38482.21,1,0,2014-11-23,43,283.38,11.27,223.78,29.27,4.64,21.13,3,2,0,4,6,0,1,0,0,0,0,3,11,0,52,573.4699999999999,1,37,9,1,1
338,1946,Graduation,Single,52361.65,0,1,2014-11-23,88,339.36,34.33,175.5,30.56,58.27,46.99,2,6,1,6,5,1,0,1,0,0,0,3,11,0,80,685.01,1,37,15,2,3
339,1999,PhD,Divorced,38691.27,1,0,2013-12-08,64,282.59,13.41,398.09,15.63,14.95,35.59,1,1,0,6,5,0,0,0,0,0,0,3,11,0,27,760.26,1,387,8,0,3
340,1955,Master,Together,62747.7,1,0,2012-12-31,78,380.72,20.0,246.42,31.85,14.73,26.87,1,4,1,5,1,0,0,0,0,0,0,3,11,0,71,720.59,1,729,11,0,3
342,1987,PhD,Married,70475.56,2,1,2012-11-22,77,261.54,23.24,133.95,70.17,36.53,43.28,2,6,3,4,3,0,1,0,0,0,0,3,11,0,39,568.71,3,768,15,1,2
343,1996,Graduation,Single,43847.76,0,0,2012-04-23,60,304.37,23.76,198.05,34.66,16.57,64.78,2,6,0,5,7,0,0,0,0,0,0,3,11,0,30,642.19,0,981,13,0,3
344,1991,2n Cycle,Single,26071.52,1,0,2014-03-07,84,177.52,13.12,131.55,25.42,13.07,22.41,1,6,2,7,5,0,0,0,0,0,0,3,11,0,35,383.0900000000001,1,298,16,0,3
345,1999,Graduation,Married,58225.94,0,0,2014-07-07,54,832.31,14.04,251.4,18.63,13.35,124.5,3,3,3,3,5,0,0,0,0,0,0,3,11,0,27,1254.23,0,176,12,0,0
346,1988,Master,Together,40964.46,2,1,2013-08-31,70,181.91,33.54,189.1,62.08,29.63,17.6,3,5,1,7,1,0,0,0,0,0,0,3,11,0,38,513.8599999999999,3,486,16,0,2
347,1941,PhD,Together,22401.09,0,1,2012-11-04,99,106.97,14.38,88.88,11.13,5.65,9.38,2,6,0,3,4,0,0,0,0,0,0,3,11,0,85,236.39,1,786,11,0,3
348,1940,Graduation,Married,50664.83,0,2,2013-02-04,84,253.31,7.05,195.28,16.81,16.15,23.61,2,2,3,8,6,0,0,1,1,0,0,3,11,1,86,512.2099999999999,2,694,15,2,2
349,1987,PhD,Widow,66345.97,0,0,2012-07-30,49,300.18,35.93,264.71,32.72,44.9,57.67,2,1,1,4,8,0,0,0,0,0,0,3,11,0,39,736.1099999999999,0,883,8,0,3
350,1951,2n Cycle,Married,74076.55,0,1,2012-11-12,11,451.02,21.36,300.05,211.05,69.95,149.88,2,4,1,5,3,0,0,0,0,0,0,3,11,0,75,1203.31,1,778,12,0,0
351,1944,PhD,Married,38126.29,0,0,2012-07-03,78,205.18,33.76,75.35,19.39,45.27,79.57,3,2,3,9,3,0,0,0,0,0,0,3,11,0,82,458.5199999999999,0,910,17,0,3
353,1971,Basic,Single,45261.61,0,0,2012-08-26,16,403.44,16.76,241.85,25.89,17.09,42.19,2,4,4,6,6,0,0,0,0,1,0,3,11,0,55,747.22,0,856,16,1,1
354,1998,Graduation,Married,80492.64,0,0,2013-06-03,33,534.92,45.86,442.62,47.26,14.64,9.4,2,4,1,4,8,0,0,0,0,1,0,3,11,1,28,1094.7000000000005,0,575,11,1,0
355,1994,Graduation,Single,32074.11,0,1,2012-10-03,34,287.27,15.19,107.29,12.88,34.17,41.47,1,2,4,4,8,0,0,1,0,0,0,3,11,0,32,498.27,1,818,11,1,1
356,1948,PhD,Together,36832.51,1,0,2014-10-02,38,224.25,26.69,78.36,25.77,38.44,57.81,0,5,3,2,4,0,0,1,0,0,0,3,11,0,78,451.32,1,89,10,1,1
357,1980,Graduation,Married,31764.73,1,1,2012-07-20,77,138.45,5.86,101.92,38.88,9.73,24.88,2,1,2,9,4,1,0,0,1,0,0,3,11,0,46,319.72,2,893,14,2,2
358,1974,Master,Married,24843.21,1,1,2012-08-01,54,90.38,30.69,62.74,19.26,19.8,20.96,0,9,2,2,8,0,0,0,1,1,0,3,11,1,52,243.83,2,881,13,2,2
360,1987,Graduation,Married,84163.73,0,0,2013-04-22,4,533.35,87.26,373.49,43.94,94.99,42.18,3,5,0,7,9,0,0,0,0,0,0,3,11,0,39,1175.21,0,617,15,0,0
361,1955,Graduation,Divorced,40970.44,0,1,2013-05-22,29,177.51,31.74,81.05,18.89,13.79,42.59,2,1,1,5,5,0,0,0,0,0,0,3,11,0,71,365.5700000000001,1,587,9,0,1
362,1942,Master,Single,31170.93,0,1,2013-10-30,3,126.79,14.19,92.06,20.66,46.85,21.77,0,4,1,7,4,0,0,0,0,1,0,3,11,0,84,322.32,1,426,12,1,1
363,1959,Graduation,Widow,47798.23,1,0,2013-10-26,14,144.07,10.14,117.62,68.17,35.12,67.02,3,2,3,4,7,0,1,0,0,0,0,3,11,1,67,442.14,1,430,12,1,1
364,1963,Master,Married,56142.44,2,0,2012-05-21,34,324.49,18.36,263.3,32.96,75.69,42.08,3,5,0,5,8,0,0,0,0,0,0,3,11,0,63,756.8800000000002,2,953,13,0,2
365,1993,Graduation,Widow,41666.58,0,1,2012-11-17,73,451.11,49.58,359.49,25.37,14.46,19.94,3,6,2,3,4,1,0,0,0,1,0,3,11,1,33,919.9500000000002,1,773,14,2,3
366,1995,Master,Together,77762.46,0,1,2013-04-05,54,485.42,81.87,289.62,145.03,45.46,24.83,2,6,2,3,6,0,0,0,0,0,0,3,11,1,31,1072.2299999999998,1,634,13,0,0
367,1972,Graduation,Married,32050.09,0,0,2013-12-07,65,223.92,10.13,111.55,34.8,8.22,8.4,2,4,4,3,2,0,0,0,0,0,0,3,11,0,54,397.02,0,388,13,0,3
368,1963,PhD,Married,39545.7,0,0,2013-10-31,59,81.51,3.34,100.97,35.82,30.09,69.74,2,6,2,7,7,0,0,0,0,1,0,3,11,0,63,321.47,0,425,17,1,3
369,1991,Graduation,Married,49930.89,1,1,2012-02-23,23,408.96,20.15,347.0,103.78,39.26,30.44,0,7,0,6,4,0,0,0,0,0,0,3,11,0,35,949.59,2,1041,13,0,2
370,1950,PhD,Single,51905.78,0,1,2012-10-03,91,512.71,20.03,319.29,44.7,100.27,51.03,2,5,2,6,4,1,0,0,0,0,0,3,11,0,76,1048.03,1,818,15,1,3
371,1988,Graduation,Together,45201.76,2,2,2013-02-03,21,298.58,17.84,213.92,8.81,27.68,105.73,0,0,2,5,6,0,0,0,0,0,0,3,11,0,38,672.5599999999998,4,695,7,0,2
372,1947,Master,Married,26599.08,0,1,2013-10-29,43,329.68,16.75,232.08,28.14,18.83,15.23,2,1,4,7,3,0,0,0,0,0,0,3,11,0,79,640.71,1,427,14,0,1
373,1975,Basic,Together,113006.95,2,2,2013-05-30,31,729.74,87.66,331.86,27.91,39.06,62.23,2,8,2,7,4,0,0,0,0,0,0,3,11,1,51,1278.46,4,579,19,0,0
374,1977,Graduation,Married,40360.71,1,0,2013-07-29,94,380.29,33.52,411.51,33.98,25.61,29.92,4,1,1,6,6,0,0,0,0,0,0,3,11,0,49,914.83,1,519,12,0,3
375,1979,Graduation,Together,46356.05,1,1,2012-04-21,82,384.1,27.77,324.13,10.64,16.92,37.86,2,5,4,4,2,1,0,0,0,0,0,3,11,0,47,801.42,2,983,15,1,2
376,1959,Graduation,Married,56766.66,1,0,2012-08-26,50,168.08,8.84,282.11,27.54,27.9,141.36,2,5,4,5,7,0,0,0,0,0,0,3,11,1,67,655.83,1,856,16,0,3
377,1974,PhD,Single,34385.76,1,1,2014-11-09,84,172.0,12.85,167.67,17.74,17.51,70.6,2,2,2,6,4,0,0,0,1,0,0,3,11,0,52,458.37,2,51,12,1,2
378,1987,PhD,Single,45377.45,1,0,2012-07-15,2,506.83,82.91,104.75,18.35,16.84,52.85,0,3,0,2,5,1,0,0,0,0,0,3,11,1,39,782.5300000000001,1,898,5,1,1
379,1964,PhD,Together,33830.7,1,0,2013-01-16,69,566.45,19.42,169.1,17.62,16.11,64.77,3,4,3,5,8,0,0,0,0,0,0,3,11,0,62,853.47,1,713,15,0,3
380,1974,Graduation,Married,52376.87,1,1,2012-06-12,31,177.09,29.95,147.23,62.47,19.17,37.77,3,5,2,4,5,0,0,0,0,0,0,3,11,0,52,473.68,2,931,14,0,2
381,1964,Graduation,Married,39719.24,2,1,2013-08-28,1,562.43,22.6,622.9,16.61,14.5,38.14,2,4,1,7,4,0,0,0,0,0,0,3,11,1,62,1277.1799999999998,3,489,14,0,2
382,1968,PhD,Single,49389.22,1,0,2014-12-27,87,455.51,29.06,207.99,43.97,43.21,33.07,1,3,2,4,6,0,0,0,0,0,0,3,11,0,58,812.8100000000001,1,3,10,0,3
383,1957,Graduation,Married,29184.27,1,1,2014-05-04,58,205.44,3.2,206.5,10.5,14.87,10.8,4,1,1,6,7,0,1,0,0,0,0,3,11,0,69,451.31,2,240,12,1,2
384,1985,2n Cycle,Married,31838.56,1,0,2014-11-10,90,288.83,12.64,93.99,18.24,17.98,52.61,2,3,3,5,4,0,0,0,0,0,0,3,11,0,41,484.29,1,50,13,0,3
385,1957,Graduation,Married,25692.23,0,0,2014-04-10,72,285.94,11.52,216.2,20.03,4.91,28.36,1,4,1,7,6,0,0,0,0,0,0,3,11,0,69,566.9599999999999,0,264,13,0,3
386,1941,Master,Together,33382.53,0,1,2013-08-19,76,86.97,33.02,44.36,11.79,19.73,27.08,3,2,1,3,8,0,0,0,0,0,0,3,11,0,85,222.95,1,498,9,0,3
387,1993,Graduation,Together,15844.7,0,0,2013-06-19,13,127.29,7.48,77.23,4.63,9.99,12.7,1,5,4,1,3,0,0,1,0,0,0,3,11,0,33,239.32,0,559,11,1,1
388,1974,Graduation,Single,39228.54,0,2,2012-04-20,50,332.83,6.7,394.6,33.83,14.16,12.75,2,8,0,3,8,0,0,0,0,0,0,3,11,0,52,794.87,2,984,13,0,2
389,1955,Master,Married,35821.51,1,0,2014-08-06,10,179.84,21.26,182.52,45.11,57.39,15.99,1,1,5,4,10,0,0,0,0,1,0,3,11,1,71,502.11,1,146,11,1,1
390,1980,Master,Together,47115.83,0,1,2014-05-12,77,220.25,13.34,146.35,28.84,5.47,46.25,1,1,4,4,7,0,0,1,0,0,0,3,11,0,46,460.5,1,232,10,1,3
391,1975,2n Cycle,Single,45154.4,1,1,2013-08-17,79,298.21,9.98,369.03,22.03,33.15,26.38,3,3,1,6,4,0,0,0,0,0,0,3,11,0,51,758.78,2,500,13,0,2
392,1972,Graduation,Single,73337.83,0,0,2014-10-18,9,414.12,20.39,248.1,51.69,51.57,51.64,0,0,4,8,6,0,0,0,0,0,0,3,11,0,54,837.51,0,73,12,0,1
394,1972,Master,Together,69913.61,1,1,2013-03-09,79,197.66,68.22,162.53,51.92,35.63,37.25,1,4,1,4,1,0,0,0,0,0,0,3,11,0,54,553.21,2,661,10,0,2
395,1953,PhD,Married,37003.1,1,1,2014-06-06,57,310.22,22.67,170.71,5.21,23.61,16.61,2,10,1,5,3,0,0,0,0,0,0,3,11,0,73,549.03,2,207,18,0,2
396,1960,Graduation,Divorced,36411.64,0,0,2014-02-21,33,669.85,24.39,211.53,12.31,28.11,11.1,3,1,2,9,1,0,0,0,0,0,0,3,11,1,66,957.29,0,312,15,0,1
397,1987,Graduation,Married,62784.61,1,0,2014-09-14,79,1435.17,38.24,889.97,24.27,18.62,46.14,2,2,0,3,2,0,0,0,0,0,0,3,11,0,39,2452.41,1,107,7,0,0
398,1959,Graduation,Divorced,22621.64,1,0,2012-06-17,77,65.51,11.02,51.84,15.9,12.41,26.31,3,2,5,3,5,0,0,0,0,1,0,3,11,0,67,182.99,1,926,13,1,3
399,1995,Basic,Single,39101.61,0,0,2013-12-09,52,271.33,27.24,272.68,28.06,16.06,11.7,2,5,4,3,6,0,1,1,0,0,0,3,11,0,31,627.0699999999999,0,386,14,2,3
400,1947,Graduation,Together,40325.48,0,0,2014-08-22,27,331.07,4.33,162.24,37.92,9.59,31.89,3,3,0,6,7,0,0,0,0,0,0,3,11,0,79,577.04,0,130,12,0,1
401,1946,Graduation,Married,56030.56,2,0,2013-12-27,17,227.23,27.46,186.25,41.98,39.51,53.22,1,8,1,2,1,1,1,0,0,0,0,3,11,1,80,575.6500000000001,2,368,12,2,1
402,1942,Graduation,Together,56700.97,0,1,2012-08-16,25,273.86,13.89,235.3,16.68,18.53,25.13,1,3,0,3,7,0,0,0,0,0,0,3,11,0,84,583.3899999999999,1,866,7,0,1
403,1956,Graduation,Together,32931.2,0,1,2013-03-02,6,141.51,30.34,64.31,50.37,6.15,62.03,1,2,1,2,4,0,0,0,0,0,0,3,11,0,70,354.7099999999999,1,668,6,0,1
404,1972,Graduation,Married,37580.89,0,2,2012-05-01,44,215.82,15.78,132.28,51.75,12.47,23.93,3,5,3,9,5,0,0,0,0,0,0,3,11,0,54,452.03,2,973,20,0,2
405,1987,PhD,Single,52999.71,1,1,2012-05-28,97,293.0,24.76,141.21,15.99,15.05,40.02,3,3,3,9,3,0,0,0,0,0,0,3,11,0,39,530.0300000000001,2,946,18,0,2
406,1951,Graduation,Widow,32222.87,1,2,2014-05-01,44,396.05,5.99,177.87,25.25,27.39,23.47,2,1,2,8,4,1,0,0,0,0,0,3,11,0,75,656.0200000000001,3,243,13,1,2
407,1998,Master,Together,71858.01,1,1,2013-12-05,70,412.82,60.64,688.01,32.27,36.12,19.93,0,7,3,7,4,0,0,0,0,0,0,3,11,0,28,1249.79,2,390,17,0,0
408,1990,Graduation,Single,56594.67,0,1,2012-04-20,96,204.19,37.81,117.71,39.49,59.48,83.18,1,3,2,5,3,1,0,0,0,1,0,3,11,0,36,541.86,1,984,11,2,3
409,1961,PhD,Married,47505.64,1,2,2012-03-04,34,326.22,30.42,267.48,57.37,14.6,21.49,2,4,0,3,3,1,0,1,0,0,0,3,11,1,65,717.5800000000002,3,1031,9,2,2
410,1994,Basic,Together,51863.8,0,1,2013-09-29,51,401.14,14.6,484.52,119.51,40.18,36.11,2,2,2,2,6,0,0,0,0,0,0,3,11,0,32,1096.06,1,457,8,0,1
411,1961,Master,Married,36799.66,0,0,2014-06-27,20,207.33,10.61,140.32,37.08,92.71,42.26,2,5,0,5,5,0,0,0,0,0,0,3,11,0,65,530.31,0,186,12,0,1
412,1985,PhD,Together,34526.53,0,1,2012-01-13,27,182.79,18.1,105.0,26.45,19.6,66.56,0,5,2,5,4,0,1,0,0,0,0,3,11,0,41,418.5,1,1082,12,1,1
413,1969,Graduation,Divorced,37425.63,0,2,2014-07-22,95,161.5,11.31,73.62,19.59,28.78,15.71,3,1,2,4,6,0,0,0,0,0,0,3,11,0,57,310.50999999999993,2,161,10,0,2
414,1977,Graduation,Single,54175.64,1,1,2012-08-26,43,647.08,32.25,324.33,38.79,37.66,33.25,3,1,1,3,3,0,0,0,0,0,0,3,11,1,49,1113.36,2,856,8,0,2
415,1977,Master,Married,48069.64,2,1,2013-10-24,79,170.25,6.03,70.91,69.77,9.39,88.41,2,4,3,4,6,0,0,0,0,0,0,3,11,1,49,414.76,3,432,13,0,2
416,1984,2n Cycle,Married,37455.7,0,1,2014-11-10,55,130.46,12.82,105.35,23.41,24.41,39.7,1,8,1,8,4,0,0,0,0,1,0,3,11,0,42,336.15000000000003,1,50,18,1,3
417,1990,Master,Together,59864.13,1,2,2013-11-24,9,988.97,80.67,568.38,22.58,32.99,71.85,4,2,1,4,7,0,0,0,0,1,0,3,11,1,36,1765.4399999999998,3,401,11,1,0
418,1993,PhD,Together,41374.56,1,0,2014-08-28,22,770.42,24.7,522.16,10.05,16.23,17.67,2,5,2,6,9,0,0,0,0,0,0,3,11,1,33,1361.23,1,124,15,0,1
419,1947,Master,Single,33613.25,2,1,2014-08-21,47,155.83,17.03,99.9,29.36,9.07,21.48,4,4,0,5,9,0,0,0,0,0,0,3,11,0,79,332.67,3,131,13,0,2
420,1966,Graduation,Single,49106.0,0,0,2012-03-16,51,327.72,74.1,235.32,36.56,34.14,35.63,1,2,1,4,2,0,0,0,0,0,0,3,11,0,60,743.47,0,1019,8,0,3
421,1966,Graduation,Together,29578.06,1,1,2012-11-24,14,264.93,3.34,107.76,12.89,7.57,14.18,2,8,2,5,1,0,0,0,0,0,0,3,11,0,60,410.67,2,766,17,0,1
422,1973,PhD,Married,22586.56,0,1,2012-05-31,54,179.11,6.35,173.11,26.83,37.26,6.64,2,2,1,1,2,0,1,0,0,0,0,3,11,0,53,429.3,1,943,6,1,1
423,1960,2n Cycle,Married,44265.38,1,0,2012-03-12,42,217.01,15.95,109.22,22.06,21.74,26.15,0,4,1,7,8,0,0,0,0,1,0,3,11,0,66,412.13,1,1023,12,1,1
424,1969,Graduation,Married,34099.38,0,0,2012-08-12,49,146.78,26.17,84.9,20.19,7.5,61.66,1,6,2,3,9,0,1,0,0,0,0,3,11,0,57,347.20000000000005,0,870,12,1,3
425,1972,Master,Married,40068.2,1,1,2013-04-17,5,149.66,31.07,97.12,25.46,13.5,33.31,2,2,4,4,2,0,0,0,0,0,0,3,11,0,54,350.12,2,622,12,0,1
426,1967,Graduation,Together,30130.91,0,0,2012-12-25,32,225.02,8.22,157.31,15.67,11.69,55.15,5,6,3,5,9,0,0,0,0,0,0,3,11,0,59,473.06,0,735,19,0,1
427,1986,PhD,Single,71938.93,0,0,2013-06-23,61,640.91,60.03,296.98,53.2,140.26,64.27,4,5,1,7,7,0,0,0,0,0,0,3,11,0,40,1255.65,0,555,17,0,0
428,1972,Graduation,Single,34043.79,1,1,2014-03-21,54,162.61,12.25,86.78,43.61,9.18,17.27,4,2,1,4,3,0,0,0,0,0,0,3,11,0,54,331.7,2,284,11,0,2
429,1944,Graduation,Married,37316.85,1,0,2013-08-31,38,85.73,35.4,154.81,12.07,15.96,64.45,2,2,4,1,8,0,0,0,0,0,0,3,11,0,82,368.42,1,486,9,0,1
430,1999,Master,Together,51593.62,1,0,2014-12-05,11,206.98,12.73,90.39,44.4,17.13,47.02,3,2,1,7,9,0,0,1,0,0,0,3,11,1,27,418.6499999999999,1,25,13,1,1
431,1987,Graduation,Married,25574.58,1,2,2012-01-01,99,133.38,10.89,93.08,18.2,15.82,36.55,1,5,3,5,4,0,1,1,0,0,0,3,11,0,39,307.92,3,1094,14,2,2
432,1958,Master,Married,24829.31,0,0,2013-11-08,30,282.21,8.48,159.17,17.48,8.32,10.49,4,5,1,5,3,1,0,0,1,0,0,3,11,1,68,486.15,0,417,15,2,1
433,1943,Master,Single,51657.01,0,0,2012-10-17,73,172.92,44.63,131.43,55.95,11.96,77.3,3,5,0,4,7,0,0,0,0,0,0,3,11,0,83,494.19,0,804,12,0,3
434,1974,Basic,Married,37124.07,0,1,2012-07-22,52,147.93,12.44,200.09,24.55,15.14,56.57,2,7,4,3,5,0,0,0,0,0,0,3,11,0,52,456.72,1,891,16,0,3
435,1988,Graduation,Together,30927.53,0,1,2013-07-19,33,126.49,13.82,64.95,26.48,11.85,29.53,1,6,1,8,4,0,0,0,0,0,0,3,11,0,38,273.12,1,529,16,0,1
436,1956,Graduation,Married,56463.48,1,2,2013-04-26,40,945.67,35.09,633.08,55.69,18.15,27.92,2,2,2,7,2,0,0,0,0,0,0,3,11,0,70,1715.6000000000004,3,613,13,0,0
437,1983,Graduation,Divorced,32055.73,1,2,2013-05-25,9,152.24,20.39,199.26,15.2,10.64,25.02,4,3,0,4,5,1,0,0,0,0,0,3,11,0,43,422.75,3,584,11,1,2
438,1967,2n Cycle,Together,39743.24,1,1,2014-07-12,51,311.46,31.03,307.06,30.53,37.1,46.02,3,4,3,6,3,0,0,0,0,0,0,3,11,0,59,763.1999999999999,2,171,16,0,2
439,1969,Basic,Married,30993.97,1,0,2012-10-04,74,289.99,16.13,293.74,17.12,11.73,28.63,2,5,3,4,4,0,0,0,0,0,0,3,11,0,57,657.34,1,817,14,0,3
440,1968,PhD,Together,50079.89,1,0,2014-10-01,56,464.4,17.87,197.62,29.69,11.63,57.63,2,4,1,6,9,1,0,0,0,0,0,3,11,1,58,778.84,1,90,13,1,3
441,1985,Master,Single,75571.2,0,0,2012-01-16,77,393.92,28.09,148.06,39.99,26.26,111.31,1,3,0,3,5,0,0,0,0,0,0,3,11,0,41,747.6299999999999,0,1079,7,0,3
442,1992,PhD,Divorced,21069.55,0,0,2012-12-21,2,129.76,9.81,58.99,17.94,9.98,11.46,5,3,0,3,5,0,0,0,0,1,0,3,11,0,34,237.94,0,739,11,1,1
443,1945,PhD,Married,46400.39,1,1,2012-12-21,56,686.12,24.71,289.35,31.28,9.54,18.62,3,4,1,6,8,0,0,0,0,0,0,3,11,0,81,1059.62,2,739,14,0,2
444,1974,Graduation,Divorced,62482.1,0,1,2014-04-09,32,205.26,26.23,160.58,50.82,76.0,49.02,2,4,4,4,9,1,0,0,0,0,0,3,11,0,52,567.91,1,265,14,1,1
445,1999,Master,Divorced,37474.23,0,0,2013-08-21,6,232.04,17.38,144.69,23.8,28.92,24.67,2,4,1,5,4,0,0,0,0,0,0,3,11,0,27,471.50000000000006,0,496,12,0,1
446,1980,Graduation,Divorced,28214.27,0,1,2014-07-16,3,152.24,5.21,70.01,6.92,30.51,36.28,4,1,4,13,6,0,0,0,0,0,0,3,11,0,46,301.1700000000001,1,167,22,0,1
447,1976,Master,Together,52490.39,1,0,2014-12-26,38,154.08,35.92,109.65,34.34,30.45,22.1,3,4,2,5,6,1,0,0,0,0,0,3,11,0,50,386.54,1,4,14,1,1
448,1963,Master,Together,66214.94,0,0,2014-05-08,47,261.38,33.85,193.94,44.16,8.64,98.0,1,6,1,6,4,0,0,0,0,0,0,3,11,0,63,639.97,0,236,14,0,3
449,1968,Master,Together,63335.98,1,1,2012-08-01,73,725.71,52.97,745.75,47.03,72.96,114.49,2,3,1,4,9,0,0,0,0,1,0,3,11,1,58,1758.91,2,881,10,1,0
450,1988,Graduation,Single,51347.1,1,0,2013-03-24,78,587.93,23.55,415.7,23.08,14.02,41.21,3,5,5,2,4,0,0,0,0,0,0,3,11,0,38,1105.4899999999998,1,646,15,0,3
451,1985,Graduation,Together,46127.54,0,0,2014-08-22,15,237.01,7.45,96.72,14.45,13.23,38.39,1,4,1,6,2,0,0,1,0,0,0,3,11,0,41,407.25,0,130,12,1,1
452,1992,Graduation,Single,30958.26,1,0,2014-02-25,37,306.48,11.45,205.46,28.91,15.59,15.67,0,4,4,6,4,0,0,0,0,0,0,3,11,0,34,583.56,1,308,14,0,1
453,1970,Graduation,Together,62698.82,1,0,2013-05-13,3,256.77,25.5,246.56,34.15,65.73,36.33,0,3,1,6,2,0,0,0,0,0,0,3,11,0,56,665.04,1,596,10,0,1
454,1974,Graduation,Single,61327.44,1,1,2013-12-10,3,752.47,43.91,351.08,43.63,52.9,38.52,1,0,0,5,3,0,0,0,0,0,0,3,11,0,52,1282.5100000000002,2,385,6,0,0
455,1999,Basic,Single,28135.2,1,2,2013-01-14,99,453.87,3.73,349.19,15.25,22.22,53.66,0,2,1,5,0,0,0,0,0,0,0,3,11,0,27,897.92,3,715,8,0,2
456,1972,PhD,Married,51317.75,0,0,2014-01-09,26,592.54,24.12,383.16,32.82,19.52,39.44,2,5,5,10,8,0,1,0,0,0,0,3,11,1,54,1091.6,0,355,22,1,1
457,1991,Graduation,Single,57591.46,1,0,2013-09-23,85,275.22,35.94,312.28,28.23,21.69,20.9,1,1,3,5,12,0,0,0,0,0,0,3,11,0,35,694.2600000000001,1,463,10,0,3
458,1960,Graduation,Together,63123.32,0,1,2014-11-13,85,609.35,19.46,393.34,22.67,35.62,59.04,1,3,2,6,3,0,0,0,1,0,0,3,11,1,66,1139.48,1,47,12,1,0
459,1971,Graduation,Single,43045.12,2,2,2013-06-22,16,248.63,20.64,143.89,36.72,18.26,56.71,0,4,0,5,2,0,0,0,0,0,0,3,11,0,55,524.85,4,556,9,0,2
460,1962,PhD,Together,31475.76,1,0,2014-08-02,97,67.37,9.91,127.53,14.07,24.61,24.87,1,3,1,6,5,1,0,0,0,0,0,3,11,0,64,268.36,1,150,11,1,3
461,1972,PhD,Married,36284.78,1,0,2014-01-22,95,118.18,10.74,157.08,25.7,27.38,70.3,1,4,4,4,0,0,0,0,1,0,0,3,11,0,54,409.38,1,342,13,1,3
462,1942,Basic,Divorced,29646.52,0,1,2013-06-18,69,89.85,10.64,104.18,24.35,19.38,37.93,1,6,1,8,4,0,0,0,0,0,0,3,11,0,84,286.33,1,560,16,0,3
463,1957,Graduation,Married,43459.11,0,1,2013-11-03,53,200.78,13.01,197.22,19.62,4.38,18.58,5,6,2,5,4,0,0,0,0,0,0,3,11,0,69,453.59,1,422,18,0,3
464,1964,2n Cycle,Single,40184.87,0,0,2014-11-30,96,652.71,27.77,452.67,12.53,19.9,23.16,2,4,1,9,5,0,1,0,0,0,0,3,11,0,62,1188.7400000000002,0,30,16,1,3
465,1981,Basic,Together,104612.11,0,1,2013-07-21,7,1275.32,30.86,1177.03,287.9,44.93,96.14,2,5,0,6,5,0,1,0,0,0,0,3,11,1,45,2912.18,1,527,13,1,0
466,1970,Graduation,Together,63441.33,0,0,2013-02-18,52,565.26,16.92,347.79,29.67,32.17,18.73,2,3,0,3,8,0,0,0,0,0,0,3,11,0,56,1010.54,0,680,8,0,0
467,1993,Basic,Married,65370.03,0,0,2013-03-24,99,493.55,86.58,419.67,61.0,19.06,64.18,3,0,1,6,4,0,0,0,0,0,0,3,11,0,33,1144.04,0,646,10,0,3
468,1997,Graduation,Together,53559.1,0,0,2013-09-01,4,235.43,43.71,137.08,110.08,11.09,14.93,1,5,0,4,5,0,0,0,0,0,0,3,11,0,29,552.32,0,485,10,0,1
469,1942,Master,Married,38294.94,2,1,2013-10-19,68,307.33,5.75,390.87,39.49,23.18,56.78,1,8,6,8,7,0,1,0,0,0,0,3,11,1,84,823.4,3,437,23,1,2
470,1979,Graduation,Married,39729.29,0,0,2013-03-11,46,469.52,11.51,439.69,21.3,14.71,54.94,2,3,2,7,4,0,0,0,0,1,0,3,11,1,47,1011.67,0,659,14,1,3
471,1985,Basic,Married,41210.66,2,0,2013-12-05,73,109.61,21.85,93.1,25.41,26.68,44.76,0,4,2,2,9,0,1,0,0,0,0,3,11,0,41,321.41,2,390,8,1,2
472,1963,Basic,Married,47824.5,2,0,2012-08-26,39,507.5,26.63,353.95,18.63,14.66,25.58,5,4,0,5,6,0,0,0,0,0,0,3,11,0,63,946.95,2,856,14,0,2
473,1989,Master,Widow,51827.07,0,1,2014-12-01,6,178.53,9.72,159.27,56.47,55.57,46.06,2,2,5,5,4,0,0,0,1,1,0,3,11,1,37,505.62,1,29,14,2,1
474,1971,Master,Widow,44368.43,1,0,2014-01-03,11,153.66,40.77,123.81,40.01,37.09,26.16,2,3,1,6,5,1,0,0,0,0,0,3,11,0,55,421.50000000000006,1,361,12,1,1
475,1986,Graduation,Together,39488.34,0,0,2014-03-10,93,487.09,29.71,493.2,18.62,21.64,17.07,1,2,3,6,7,0,0,0,1,0,0,3,11,0,40,1067.33,0,295,12,1,3
476,1961,Graduation,Single,34973.77,1,0,2012-01-10,24,196.09,21.41,93.4,12.01,14.11,22.9,0,1,3,8,7,0,0,0,0,0,0,3,11,0,65,359.92,1,1085,12,0,1
477,1962,Graduation,Married,25411.08,0,1,2014-01-16,27,94.96,26.3,125.44,7.38,19.43,31.0,4,5,3,5,9,0,1,0,0,0,0,3,11,0,64,304.51,1,348,17,1,1
478,1941,Graduation,Single,74113.4,0,0,2012-05-18,42,440.99,44.58,578.06,85.99,43.01,61.05,0,2,3,2,5,0,0,0,0,0,0,3,11,1,85,1253.6799999999998,0,956,7,0,0
479,1966,Master,Single,107174.31,1,0,2013-12-31,76,453.18,64.32,508.05,73.95,56.7,205.36,2,4,1,4,6,0,0,0,0,0,0,3,11,0,60,1361.56,1,364,11,0,0
480,1981,Graduation,Divorced,71663.35,0,0,2012-07-14,46,615.08,83.67,453.25,52.34,61.43,91.04,4,2,3,8,4,0,0,0,0,1,0,3,11,1,45,1356.81,0,899,17,1,0
481,1941,2n Cycle,Together,26805.81,1,1,2012-09-20,48,154.05,23.8,137.05,10.5,28.93,31.93,3,4,1,4,5,0,0,0,1,0,0,3,11,0,85,386.2600000000001,2,831,12,1,2
482,1965,PhD,Single,60767.27,0,1,2014-08-02,85,483.95,16.82,419.97,16.21,13.14,18.57,2,4,1,5,7,1,0,0,0,0,0,3,11,1,61,968.66,1,150,12,1,3
483,1956,Master,Married,66803.48,0,1,2014-07-08,53,284.89,44.79,234.91,76.4,16.31,45.17,1,3,2,5,3,0,1,0,0,0,0,3,11,0,70,702.4699999999999,1,175,11,1,0
484,1979,Graduation,Widow,37745.63,0,1,2012-06-09,17,267.91,11.62,282.49,24.85,10.84,15.99,3,3,5,4,0,0,0,1,0,0,0,3,11,0,47,613.7,1,934,15,1,1
485,1972,Basic,Married,53936.94,0,2,2013-05-05,26,206.26,33.47,238.32,59.67,10.04,38.78,3,5,1,4,4,0,1,0,0,0,0,3,11,0,54,586.5399999999998,2,604,13,1,2
486,1948,Basic,Together,36955.83,0,0,2014-02-08,71,216.35,22.55,198.74,18.82,16.32,19.56,0,2,0,2,2,0,0,0,0,0,0,3,11,0,78,492.34,0,325,4,0,3
487,1982,Graduation,Single,81762.31,0,2,2012-11-06,5,547.26,16.35,590.29,45.53,53.74,52.31,0,3,1,7,3,0,1,0,0,0,0,3,11,1,44,1305.48,2,784,11,1,0
488,1993,PhD,Single,51336.04,0,0,2012-08-14,74,975.16,21.88,1290.53,50.56,23.24,77.86,1,5,1,4,4,0,0,0,0,0,0,3,11,1,33,2439.23,0,868,11,0,0
489,1987,Master,Married,30734.4,1,0,2012-09-29,92,204.91,16.52,78.77,30.62,10.23,32.8,2,6,6,5,4,0,0,0,0,0,0,3,11,0,39,373.85,1,822,19,0,3
490,1978,Graduation,Divorced,57984.05,0,1,2014-07-26,68,424.72,20.46,181.9,60.06,52.26,85.14,7,5,2,6,3,0,0,0,0,0,0,3,11,0,48,824.5400000000001,1,157,20,0,3
491,1968,PhD,Married,67745.43,1,0,2012-11-12,70,299.78,37.52,784.51,36.43,33.8,20.81,1,5,2,5,4,0,0,0,0,1,0,3,11,1,58,1212.85,1,778,13,1,0
492,1981,Graduation,Together,48014.23,0,0,2012-10-17,21,496.19,35.7,380.0,44.56,27.05,39.89,2,5,0,6,5,0,0,1,0,0,0,3,11,1,45,1023.39,0,804,13,1,1
493,1994,Graduation,Married,53732.68,1,0,2013-12-29,58,210.95,24.19,159.2,67.1,49.24,77.01,2,4,4,6,5,0,0,0,0,0,0,3,11,0,32,587.6899999999999,1,366,16,0,3
494,1965,Graduation,Married,43135.37,0,1,2013-01-09,46,182.74,22.63,191.71,26.0,18.37,85.45,1,2,4,3,3,0,0,0,0,0,0,3,11,0,61,526.9000000000001,1,720,10,0,1
495,1974,Graduation,Together,28177.75,0,0,2013-07-20,67,73.32,29.63,71.59,13.29,44.47,8.93,2,2,4,5,5,0,0,0,0,0,0,3,11,0,52,241.23,0,528,13,0,3
496,1989,Graduation,Together,41743.81,0,1,2014-05-17,31,225.73,25.42,376.0,59.97,14.63,27.13,2,0,3,6,3,0,0,0,0,0,0,3,11,0,37,728.88,1,227,11,0,1
497,1964,Graduation,Married,54677.95,0,1,2014-01-24,82,703.01,28.28,321.6,23.7,83.14,81.6,0,3,4,5,2,0,0,0,0,0,0,3,11,0,62,1241.33,1,340,12,0,3
498,1963,2n Cycle,Married,42141.54,1,1,2012-09-08,96,209.17,10.87,131.73,39.47,10.77,30.13,0,7,1,3,6,0,0,0,0,0,0,3,11,0,63,432.14,2,843,11,0,2
499,1952,PhD,Together,61102.38,0,0,2012-11-02,0,366.49,41.91,260.35,37.87,38.22,28.39,2,4,3,3,5,0,0,0,0,0,0,3,11,0,74,773.23,0,788,12,0,1
500,1999,2n Cycle,Single,37915.96,2,2,2013-11-05,53,267.63,21.19,167.73,8.06,11.82,12.0,2,5,4,6,9,0,0,0,1,0,0,3,11,0,27,488.43,4,420,17,1,2
501,1997,Graduation,Divorced,38923.9,0,0,2014-05-17,45,87.62,38.56,175.82,49.18,34.94,17.68,0,1,1,3,4,0,0,0,0,0,0,3,11,0,29,403.8,0,227,5,0,1
502,1946,Graduation,Married,61848.8,0,0,2012-09-20,40,629.62,29.17,719.77,7.59,21.28,18.02,3,3,1,6,8,0,0,0,0,0,0,3,11,1,80,1425.4499999999998,0,831,13,0,0
503,1996,PhD,Together,48471.97,1,0,2012-03-08,40,117.36,7.47,175.81,9.46,26.46,40.28,3,5,2,7,7,0,1,0,0,0,0,3,11,0,30,376.8399999999999,1,1027,17,1,1
504,1975,Graduation,Married,37620.76,0,1,2013-05-28,7,211.87,6.22,423.51,33.14,11.68,51.69,4,2,2,7,8,0,0,0,0,0,0,3,11,1,51,738.1099999999999,1,581,15,0,1
505,1984,Graduation,Married,67072.01,1,0,2014-02-07,31,602.5,47.82,282.52,59.07,53.97,25.26,2,3,2,6,3,0,0,0,0,0,0,3,11,1,42,1071.14,1,326,13,0,0
506,1959,PhD,Single,33674.82,0,0,2013-03-17,29,102.94,10.97,79.0,14.75,10.42,31.54,2,7,1,5,5,0,0,0,0,1,0,3,11,0,67,249.62,0,653,15,1,1
507,1940,Graduation,Together,33164.01,1,0,2012-01-01,45,148.93,19.76,250.59,23.26,41.75,44.19,3,5,2,2,7,0,0,1,0,0,0,3,11,0,86,528.48,1,1094,12,1,1
508,1947,PhD,Married,14302.94,0,0,2012-12-23,91,136.27,7.02,44.1,2.01,3.61,11.46,4,5,1,3,6,0,0,0,0,0,0,3,11,0,79,204.47000000000003,0,737,13,0,3
509,1985,Master,Married,35539.95,1,1,2014-06-21,51,192.91,14.74,127.92,34.87,7.27,10.85,1,1,2,7,5,0,0,0,0,0,0,3,11,0,41,388.56,2,192,11,0,2
510,1955,Graduation,Married,74868.36,1,1,2012-09-30,95,487.64,32.4,173.27,55.83,60.76,75.74,2,9,2,7,5,0,0,0,0,0,0,3,11,0,71,885.64,2,821,20,0,2
511,1953,Graduation,Single,19362.3,0,1,2014-05-05,88,104.24,5.28,79.69,12.09,6.23,15.04,1,6,2,1,2,0,0,0,1,0,0,3,11,0,73,222.57,1,239,10,1,3
512,1951,Master,Widow,30309.97,0,0,2014-10-14,97,151.34,13.77,97.05,19.7,13.84,22.14,6,3,4,7,6,0,0,0,0,0,0,3,11,0,75,317.84,0,77,20,0,3
513,1990,Graduation,Married,52871.91,0,0,2012-06-21,60,705.62,17.07,283.6,45.63,19.98,30.56,1,5,3,3,7,0,0,0,0,0,0,3,11,1,36,1102.46,0,922,12,0,3
514,1962,Graduation,Married,18070.81,2,2,2013-08-07,96,194.9,6.63,79.27,11.4,3.77,15.28,7,4,1,4,1,0,0,0,0,1,0,3,11,0,64,311.24999999999994,4,510,16,1,2
515,1954,2n Cycle,Divorced,36160.42,0,0,2014-07-17,12,258.33,13.65,176.77,7.54,15.83,39.4,2,6,4,5,6,0,0,0,0,1,0,3,11,0,72,511.52,0,166,17,1,1
516,1967,Graduation,Divorced,70006.63,0,1,2013-04-25,88,506.38,28.02,487.05,167.86,68.57,235.77,2,4,0,10,2,0,0,0,0,0,0,3,11,0,59,1493.65,1,614,16,0,0
517,1973,Master,Together,100429.4,0,0,2013-03-30,39,1118.16,80.08,305.2,132.51,84.06,86.2,5,2,1,4,5,1,1,0,0,0,0,3,11,1,53,1806.21,0,640,12,2,0
518,1941,2n Cycle,Married,49816.36,0,2,2012-07-14,60,311.77,21.13,195.11,14.79,26.25,98.98,2,5,2,3,5,1,0,0,0,0,0,3,11,0,85,668.03,2,899,12,1,2
519,1971,Graduation,Married,30620.14,1,0,2014-03-06,43,463.7,25.95,256.56,15.98,27.36,30.45,2,8,2,4,8,0,0,1,0,0,0,3,11,0,55,820.0000000000001,1,299,16,1,1
520,1962,Graduation,Together,30210.61,2,0,2013-08-21,61,201.22,34.85,110.51,16.83,7.34,22.84,2,6,4,8,3,0,0,1,0,1,0,3,11,0,64,393.5899999999999,2,496,20,2,2
521,1961,Graduation,Together,47002.83,0,1,2013-07-09,43,277.47,36.0,147.15,57.64,17.73,41.23,3,3,1,5,5,0,0,0,0,1,0,3,11,1,65,577.22,1,539,12,1,1
522,1990,Graduation,Married,49631.72,1,1,2014-04-27,47,315.56,31.36,128.14,8.72,28.86,19.13,2,3,1,9,6,0,0,0,0,0,0,3,11,0,36,531.77,2,247,15,0,2
523,1964,Graduation,Together,93262.33,0,0,2013-03-14,73,813.22,52.03,403.51,44.38,39.54,89.91,0,3,1,4,6,0,0,0,0,0,0,3,11,1,62,1442.59,0,656,8,0,0
524,1997,Master,Married,65402.9,0,1,2013-10-11,58,250.47,50.4,135.55,14.6,25.86,15.88,1,4,3,4,3,0,0,0,1,0,0,3,11,1,29,492.7600000000001,1,445,12,1,3
525,1961,Graduation,Single,45873.49,0,1,2012-12-24,56,198.77,22.19,174.22,24.82,10.23,21.94,2,2,6,6,5,0,0,0,0,0,0,3,11,0,65,452.17,1,736,16,0,3
526,1997,PhD,Married,38789.97,1,0,2014-11-25,94,201.73,32.11,109.94,18.75,5.1,33.25,3,9,3,6,7,0,1,1,0,0,0,3,11,1,29,400.88,1,35,21,2,3
528,1961,Master,Together,56990.39,1,0,2013-10-19,24,1078.14,21.06,431.58,25.45,30.24,107.89,1,2,3,2,7,0,0,0,1,0,0,3,11,1,65,1694.36,1,437,8,1,0
529,1988,PhD,Together,33945.08,0,0,2012-01-16,60,276.38,26.64,87.15,13.89,26.74,23.63,3,3,2,1,4,0,0,1,0,0,0,3,11,0,38,454.43,0,1079,9,1,3
530,1991,Graduation,Widow,40544.31,0,1,2014-01-14,45,391.75,19.64,403.65,37.75,14.3,35.72,4,3,1,6,7,0,0,0,0,1,0,3,11,0,35,902.81,1,350,14,1,1
531,1981,PhD,Together,31226.37,0,0,2013-02-24,53,305.13,13.43,109.61,26.33,9.34,45.23,0,1,2,7,5,0,0,0,0,1,0,3,11,0,45,509.07,0,674,10,1,3
532,1945,PhD,Married,16952.66,2,0,2013-07-06,33,169.89,5.84,194.72,15.15,7.8,6.13,1,6,0,7,7,0,0,1,1,0,0,3,11,0,81,399.53,2,542,14,2,2
533,1954,Graduation,Single,50264.8,1,0,2014-02-05,83,210.1,25.46,122.13,29.02,38.48,51.42,1,3,2,2,5,0,0,1,0,0,0,3,11,1,72,476.61,1,328,8,1,3
534,1993,Graduation,Married,90488.83,1,0,2014-03-03,6,710.15,75.44,186.41,41.22,36.11,44.18,1,3,1,7,2,0,0,0,0,0,0,3,11,1,33,1093.51,1,302,12,0,0
535,1982,Basic,Divorced,23104.37,0,0,2014-10-28,96,207.17,18.06,77.68,13.81,17.14,16.72,2,5,1,6,2,0,0,0,0,0,0,3,11,0,44,350.5799999999999,0,63,14,0,3
536,1999,Graduation,Married,45347.26,0,0,2014-05-29,61,166.45,25.7,275.35,39.32,11.37,27.63,3,2,1,1,3,0,0,0,0,0,0,3,11,0,27,545.8199999999999,0,215,7,0,3
537,1976,Graduation,Together,33430.97,0,0,2014-05-01,56,627.35,21.97,339.28,5.81,13.91,34.83,4,5,1,6,2,0,0,0,0,0,0,3,11,0,50,1043.15,0,243,16,0,3
538,1972,Graduation,Married,54644.34,0,2,2013-05-24,98,368.58,53.74,293.25,44.44,24.02,61.0,1,6,0,5,2,0,0,0,0,1,0,3,11,0,54,845.03,2,585,12,1,2
539,1947,Graduation,Together,41401.32,0,0,2014-08-23,92,143.45,17.35,161.74,31.99,39.62,56.7,1,7,2,8,6,0,0,0,0,0,0,3,11,0,79,450.85,0,129,18,0,3
540,1992,Master,Single,25744.55,0,1,2014-07-02,75,80.75,6.04,46.63,17.15,13.37,25.46,2,6,2,6,4,0,0,0,0,0,0,3,11,0,34,189.40000000000003,1,181,16,0,3
541,1999,Master,Single,29958.2,0,0,2012-01-18,4,415.8,29.99,221.36,17.58,39.16,26.65,1,3,3,1,6,0,0,0,0,0,0,3,11,0,27,750.5400000000001,0,1077,8,0,1
542,1983,Master,Married,31820.94,1,0,2012-02-25,75,241.86,10.62,161.02,4.38,6.5,77.66,0,5,3,3,5,0,0,0,0,1,0,3,11,0,43,502.04,1,1039,11,1,3
543,1983,Graduation,Married,75942.16,1,0,2014-07-07,92,355.38,23.01,558.97,37.44,37.64,24.42,4,4,3,5,6,0,0,0,0,0,0,3,11,0,43,1036.86,1,176,16,0,0
544,1944,Graduation,Single,74406.88,0,0,2014-11-24,34,347.31,11.61,224.89,139.76,37.99,165.14,0,3,3,1,4,0,0,0,1,0,0,3,11,0,82,926.7,0,36,7,1,0
545,1978,Graduation,Divorced,39161.95,0,2,2014-06-20,83,177.63,25.3,116.62,25.33,26.05,26.41,2,3,3,4,6,0,0,0,1,0,0,3,11,0,48,397.34,2,193,12,1,2
546,1943,Graduation,Married,72484.02,0,2,2013-09-21,36,811.45,12.56,338.47,38.69,20.4,81.92,3,5,3,5,8,0,0,0,1,0,0,3,11,1,83,1303.4900000000002,2,465,16,1,0
547,1945,Graduation,Together,41387.18,1,1,2014-03-04,59,230.56,12.1,198.21,26.84,52.14,27.31,1,4,3,4,10,0,0,0,1,0,0,3,11,0,81,547.16,2,301,12,1,2
548,1984,Master,Married,38922.78,1,1,2012-12-12,64,548.27,25.4,297.06,30.91,17.99,20.49,0,3,4,8,1,0,0,0,0,0,0,3,11,0,42,940.12,2,748,15,0,2
549,1971,Graduation,Divorced,45380.92,1,0,2014-11-21,15,380.06,32.09,260.94,43.25,10.84,48.7,3,3,0,5,4,0,0,0,0,0,0,3,11,0,55,775.88,1,39,11,0,1
550,1991,PhD,Married,49708.44,1,0,2014-06-26,29,641.66,15.42,302.65,27.81,22.57,74.54,1,2,0,4,7,0,1,0,0,0,0,3,11,1,35,1084.65,1,187,7,1,1
551,1969,Graduation,Married,35518.97,0,2,2014-10-20,72,169.46,15.03,100.92,29.42,13.5,37.85,2,3,1,5,8,0,0,1,0,0,0,3,11,1,57,366.18000000000006,2,71,11,1,2
552,1986,Graduation,Single,44745.51,0,1,2013-07-29,41,413.1,12.15,175.4,78.55,108.98,25.93,1,2,1,4,2,0,0,0,0,0,0,3,11,0,40,814.1099999999999,1,519,8,0,1
553,1974,Graduation,Married,60774.71,0,1,2012-07-17,60,184.2,20.05,160.46,71.35,52.32,425.75,3,2,3,6,8,0,0,1,0,0,0,3,11,1,52,914.13,1,896,14,1,3
554,1994,2n Cycle,Together,46714.78,0,0,2012-10-27,73,163.85,25.13,79.62,122.11,22.07,76.94,4,2,2,6,5,0,0,0,0,0,0,3,11,0,32,489.72,0,794,14,0,3
555,1979,Master,Together,45121.46,1,0,2014-10-13,76,397.33,15.31,386.8,19.53,19.35,63.38,2,4,5,6,5,0,0,0,0,0,0,3,11,0,47,901.7,1,78,17,0,3
556,1991,2n Cycle,Married,54050.39,0,2,2012-01-26,47,431.18,21.41,344.38,94.85,43.85,35.09,2,1,3,7,7,0,0,0,0,0,0,3,11,0,35,970.76,2,1069,13,0,2
557,1955,Graduation,Together,57912.15,0,0,2013-03-25,61,265.78,11.03,207.81,23.13,48.35,31.93,3,6,1,4,5,0,0,0,0,0,0,3,11,0,71,588.0299999999999,0,645,14,0,3
558,1952,Graduation,Together,43258.7,0,0,2012-11-15,83,189.26,39.14,153.08,34.33,3.46,29.35,0,6,0,4,3,0,0,0,0,0,0,3,11,0,74,448.62,0,775,10,0,3
559,1989,PhD,Married,36692.5,2,0,2012-06-04,92,124.51,22.85,54.05,36.55,24.74,56.33,5,8,2,1,6,0,0,0,0,0,0,3,11,0,37,319.03000000000003,2,939,16,0,2
560,1999,Graduation,Together,47843.06,0,1,2013-04-15,63,235.17,35.3,304.25,22.61,22.31,21.19,1,3,0,8,4,0,0,0,0,0,0,3,11,0,27,640.83,1,624,12,0,3
561,1981,Master,Single,23445.05,1,0,2013-02-23,56,252.31,23.32,176.29,15.87,4.9,9.91,3,5,6,8,2,0,0,0,0,0,0,3,11,0,45,482.6,1,675,22,0,3
562,1969,Graduation,Single,40776.91,0,1,2013-10-12,67,250.94,11.4,250.97,45.2,31.71,45.23,0,3,5,4,2,0,0,0,0,0,0,3,11,0,57,635.45,1,444,12,0,3
563,1958,Graduation,Married,16504.3,0,0,2014-06-04,45,114.87,6.1,61.74,6.92,29.12,16.04,3,5,3,7,4,0,0,0,0,0,0,3,11,0,68,234.79,0,209,18,0,1
564,1956,Graduation,Married,22690.08,0,1,2014-07-18,27,268.98,3.34,52.12,39.66,14.53,11.47,3,4,2,7,9,0,1,0,0,0,0,3,11,0,70,390.1,1,165,16,1,1
565,1995,Graduation,Married,21365.35,1,1,2014-04-14,76,447.81,64.47,342.29,5.98,18.96,8.91,3,5,4,4,6,0,1,0,0,0,0,3,11,0,31,888.42,2,260,16,1,2
566,1958,Master,Married,67436.43,0,0,2014-05-25,2,870.44,28.27,544.68,138.62,91.28,128.22,1,5,4,7,3,1,1,0,0,0,0,3,11,1,68,1801.51,0,219,17,2,0
567,1967,Graduation,Together,44604.62,1,1,2014-07-30,36,118.42,38.14,114.29,52.21,12.43,44.34,3,6,0,6,7,0,0,0,0,0,0,3,11,0,59,379.83,2,153,15,0,2
568,1997,Graduation,Single,26773.84,0,0,2014-09-20,47,340.92,5.84,105.98,16.29,4.03,9.48,0,3,1,4,5,0,1,0,0,0,0,3,11,0,29,482.54,0,101,8,1,1
569,1994,Graduation,Married,53983.11,0,0,2013-07-25,18,503.2,45.0,262.6,27.22,36.71,19.93,1,3,2,6,1,0,0,0,0,0,0,3,11,0,32,894.6600000000001,0,523,12,0,1
570,1965,Graduation,Married,65871.54,2,1,2012-02-23,91,274.81,92.07,100.53,31.19,26.03,42.55,2,4,1,6,5,0,0,0,0,0,0,3,11,0,61,567.18,3,1041,13,0,2
571,1976,Master,Together,54360.56,0,0,2013-08-27,82,483.86,24.04,159.54,32.16,10.93,67.71,2,4,1,9,3,0,0,0,0,0,0,3,11,0,50,778.24,0,490,16,0,3
572,1965,Basic,Single,41130.94,1,0,2012-11-20,16,134.47,10.28,193.77,25.65,18.0,47.16,1,1,2,6,3,0,0,0,0,0,0,3,11,0,61,429.3299999999999,1,770,10,0,1
573,1992,2n Cycle,Married,48678.59,1,0,2014-08-27,81,133.8,20.54,89.12,66.36,34.54,77.02,1,0,3,7,6,0,0,0,0,0,0,3,11,0,34,421.38,1,125,11,0,3
574,1962,Master,Single,63614.62,0,0,2014-06-03,81,800.96,7.67,524.62,133.05,26.67,20.87,2,8,1,4,4,0,0,1,0,0,0,3,11,1,64,1513.84,0,210,15,1,0
575,1948,Graduation,Married,36765.0,1,1,2012-09-21,86,170.55,16.48,241.91,26.6,10.51,33.74,1,5,2,3,5,1,0,0,0,0,0,3,11,0,78,499.79,2,830,11,1,2
576,1951,Master,Divorced,44888.94,0,0,2013-01-16,39,214.56,33.68,326.11,17.35,18.0,84.74,2,5,1,2,8,0,0,0,0,0,0,3,11,1,75,694.44,0,713,10,0,1
577,1992,Graduation,Divorced,40019.53,0,2,2012-11-28,49,152.18,17.96,103.15,18.52,18.14,71.44,2,3,4,3,5,0,0,0,0,0,0,3,11,0,34,381.39,2,762,12,0,2
578,1940,Graduation,Married,23263.33,0,2,2014-10-30,72,79.94,8.99,46.73,13.38,3.35,23.15,2,1,1,7,7,0,0,1,0,0,0,3,11,0,86,175.54,2,61,11,1,2
579,1997,Master,Married,63999.29,1,0,2012-07-21,28,721.4,40.27,338.0,22.14,26.94,210.09,1,7,2,6,4,0,0,0,0,0,0,3,11,0,29,1358.84,1,892,16,0,0
580,1997,Graduation,Together,101003.33,0,0,2012-02-27,50,1155.68,66.54,471.38,31.96,20.67,116.81,2,3,1,3,7,0,0,0,0,0,0,3,11,1,29,1863.04,0,1037,9,0,0
581,1940,Basic,Married,31272.12,1,1,2013-06-30,41,113.38,5.3,43.0,70.65,21.29,46.91,0,0,0,2,7,0,0,1,0,0,0,3,11,0,86,300.53,2,548,2,1,2
583,1973,PhD,Single,31672.45,0,0,2012-04-12,65,155.87,62.63,88.73,12.33,26.66,15.91,1,2,0,6,7,0,0,0,0,0,0,3,11,0,53,362.13000000000005,0,992,9,0,3
584,1971,Master,Single,46775.51,0,0,2014-05-14,16,325.65,9.63,146.05,49.01,16.78,22.2,6,4,1,7,6,0,0,0,0,0,0,3,11,0,55,569.32,0,230,18,0,1
585,1993,Basic,Single,81081.08,0,1,2013-02-01,30,561.87,35.32,194.8,25.67,26.84,72.55,1,2,4,6,5,1,0,0,0,1,0,3,11,1,33,917.05,1,697,13,2,0
586,1987,PhD,Together,36019.81,0,1,2013-01-26,91,151.64,52.95,108.95,11.98,19.71,25.46,1,5,0,6,6,0,0,0,0,0,0,3,11,0,39,370.69,1,703,12,0,3
587,1964,PhD,Married,44096.05,0,0,2012-04-15,51,207.64,39.22,168.62,17.48,12.03,12.24,1,4,2,5,7,0,0,0,0,0,0,3,11,0,62,457.23,0,989,12,0,3
588,1979,Graduation,Single,21577.34,1,0,2014-12-13,38,131.48,7.27,69.15,37.38,11.69,9.36,7,3,3,4,3,0,0,0,0,0,0,3,11,0,47,266.33000000000004,1,17,17,0,1
589,1984,PhD,Married,34006.88,2,2,2012-04-20,59,332.32,17.65,236.44,18.76,10.05,22.54,1,3,2,10,4,0,0,0,0,0,0,3,11,0,42,637.7599999999999,4,984,16,0,2
590,1992,Graduation,Single,20691.76,2,1,2012-08-11,93,120.47,9.48,95.13,3.07,6.79,25.69,1,2,1,6,6,0,0,0,0,0,0,3,11,0,34,260.63,3,871,10,0,2
591,1940,Master,Married,52663.15,1,1,2012-03-15,98,299.37,15.41,241.94,69.87,30.8,41.85,2,1,2,8,3,0,0,0,1,0,0,3,11,0,86,699.24,2,1020,13,1,2
592,1955,PhD,Married,61861.61,1,1,2013-05-20,50,204.58,27.13,200.13,33.04,14.32,47.54,2,5,3,3,6,0,0,0,0,0,0,3,11,1,71,526.74,2,589,13,0,2
593,1978,Master,Widow,40592.8,0,0,2014-11-03,83,180.02,15.73,93.87,8.59,8.72,18.02,3,4,1,2,6,0,1,0,0,0,0,3,11,0,48,324.95,0,57,10,1,3
594,1944,Graduation,Married,49729.56,1,1,2014-02-08,15,625.86,24.4,571.15,26.4,26.46,40.46,2,5,2,8,7,0,0,0,0,0,0,3,11,0,82,1314.73,2,325,17,0,0
595,1961,Graduation,Widow,38937.3,1,0,2013-04-26,97,475.75,11.39,295.62,34.17,17.57,68.94,2,6,4,9,3,0,0,0,0,0,0,3,11,0,65,903.44,1,613,21,0,3
596,1968,Master,Widow,59648.13,0,0,2012-12-29,13,911.14,12.71,974.4,48.79,30.26,52.54,2,7,1,2,3,0,0,0,0,0,0,3,11,1,58,2029.84,0,731,12,0,0
597,1994,Graduation,Single,46713.33,2,1,2012-08-26,89,619.05,20.89,265.1,88.22,26.07,15.17,2,7,0,2,4,0,0,1,0,0,0,3,11,0,32,1034.5,3,856,11,1,2
598,1942,Graduation,Single,20044.99,0,0,2014-04-25,83,105.59,25.72,67.42,7.71,9.51,7.59,0,2,7,6,7,1,0,0,0,0,0,3,11,0,84,223.54,0,249,15,1,3
599,1951,Graduation,Together,64601.46,1,2,2014-09-11,41,189.46,31.12,226.74,42.65,42.66,73.8,2,9,2,6,5,0,0,0,0,0,0,3,11,0,75,606.43,3,110,19,0,2
600,1965,2n Cycle,Divorced,37956.0,1,0,2013-01-26,50,230.37,14.26,144.87,16.01,18.45,26.62,2,6,1,5,8,0,0,0,0,0,0,3,11,0,61,450.58,1,703,14,0,3
601,1955,Master,Married,26684.77,2,2,2014-11-06,23,183.82,19.24,58.09,6.79,3.67,20.47,2,1,1,3,4,0,0,0,0,0,0,3,11,0,71,292.08000000000004,4,54,7,0,2
602,1990,Graduation,Together,37213.48,0,2,2014-08-22,81,317.47,15.52,184.74,40.64,5.98,20.67,2,6,2,7,5,0,0,0,0,1,0,3,11,0,36,585.02,2,130,17,1,2
603,1976,Graduation,Together,20726.58,1,0,2012-01-12,42,67.04,29.15,56.99,17.57,30.22,22.5,3,3,3,5,4,0,0,0,0,0,0,3,11,0,50,223.47,1,1083,14,0,1
604,1961,Graduation,Together,26904.38,0,1,2012-05-25,72,101.04,12.31,104.75,20.48,12.34,18.02,2,6,4,3,8,0,0,0,0,0,0,3,11,0,65,268.94,1,949,15,0,3
605,1996,Master,Together,46966.03,0,0,2012-06-17,18,175.16,32.78,147.44,38.95,38.08,33.69,2,6,3,6,2,0,0,0,0,0,0,3,11,0,30,466.1,0,926,17,0,1
606,1968,Master,Married,48566.28,1,2,2014-04-26,83,523.86,14.16,314.92,20.66,18.1,23.38,1,3,2,4,8,0,0,0,0,0,0,3,11,0,58,915.08,3,248,10,0,2
607,1953,Graduation,Together,50140.06,1,0,2012-06-18,60,158.82,31.09,206.7,17.6,22.2,69.94,1,8,6,8,1,0,0,0,0,0,0,3,11,0,73,506.35,1,925,23,0,3
608,1967,Graduation,Single,44412.84,1,1,2014-02-03,93,236.9,24.02,488.22,29.16,15.51,31.21,1,11,4,6,5,0,0,0,0,0,0,3,11,0,59,825.0200000000001,2,330,22,0,2
609,1944,Graduation,Married,33619.25,0,0,2013-05-13,62,170.59,14.9,90.51,43.32,67.69,38.85,1,5,1,6,5,0,0,0,0,0,0,3,11,0,82,425.86,0,596,13,0,3
610,1986,Master,Divorced,43400.07,0,0,2014-06-15,25,446.52,14.73,209.63,73.11,23.17,17.02,1,3,3,3,2,0,0,0,0,0,0,3,11,0,40,784.18,0,198,10,0,1
611,1988,Master,Single,37239.19,1,0,2014-12-12,94,132.42,11.64,144.43,38.53,12.39,84.57,3,3,1,7,6,0,0,0,0,0,0,3,11,0,38,423.98,1,18,14,0,3
612,1969,Graduation,Single,23148.55,0,0,2012-04-27,34,103.64,12.57,84.47,15.12,3.94,39.97,1,7,1,7,9,1,1,0,0,1,0,3,11,1,57,259.71000000000004,0,977,16,3,1
613,1985,Graduation,Together,32566.32,0,1,2012-12-30,66,339.64,21.78,108.63,24.58,48.8,8.31,2,0,3,1,3,0,0,0,0,0,0,3,11,0,41,551.7399999999999,1,730,6,0,3
614,1991,Graduation,Single,63311.13,2,1,2012-05-15,55,321.06,26.9,136.25,40.92,26.32,31.4,1,4,2,4,6,0,0,0,0,0,0,3,11,0,35,582.85,3,959,11,0,2
615,1944,2n Cycle,Married,83727.07,0,1,2013-07-10,39,383.0,45.61,260.39,29.04,60.0,89.48,0,3,1,4,3,0,0,0,0,0,0,3,11,0,82,867.52,1,538,8,0,0
616,1951,Graduation,Single,57555.79,1,0,2012-01-18,28,263.91,25.8,159.99,37.5,44.11,20.92,0,7,2,6,4,0,0,1,0,0,0,3,11,0,75,552.23,1,1077,15,1,1
617,1955,Master,Married,82246.75,0,0,2013-02-06,5,460.88,40.01,320.18,23.7,28.57,60.98,1,7,6,4,5,0,0,0,0,0,0,3,11,1,71,934.32,0,692,18,0,0
618,1965,PhD,Divorced,45897.02,0,0,2012-07-23,51,167.08,18.66,122.29,27.35,31.5,47.57,5,1,1,5,1,0,0,0,1,1,0,3,11,1,61,414.4500000000001,0,890,12,2,3
619,1965,Graduation,Widow,89049.75,0,1,2013-05-13,0,687.01,41.27,630.94,152.56,28.42,63.96,4,4,3,5,5,0,0,0,1,0,0,3,11,1,61,1604.16,1,596,16,1,0
620,1987,Graduation,Married,100890.94,0,2,2012-11-19,51,407.12,233.48,282.65,106.11,25.53,111.85,3,7,1,6,6,0,0,0,0,1,0,3,11,1,39,1166.7399999999998,2,771,17,1,0
621,1960,Graduation,Married,22172.59,0,0,2013-08-17,23,170.23,12.26,92.87,8.18,20.45,11.74,2,4,2,6,1,0,0,0,0,0,0,3,11,0,66,315.73,0,500,14,0,1
622,1978,PhD,Single,48465.01,0,0,2013-07-15,33,181.73,32.73,93.18,29.79,20.21,10.12,2,3,0,3,1,0,0,0,0,0,0,3,11,0,48,367.76,0,533,8,0,1
623,1975,Master,Married,45916.14,0,0,2013-04-23,6,914.09,27.38,580.15,17.87,28.74,66.42,0,3,1,6,2,0,0,0,0,0,0,3,11,1,51,1634.65,0,616,10,0,0
624,1972,PhD,Divorced,37434.89,0,1,2012-06-12,74,849.63,14.66,828.35,23.15,21.96,53.94,0,4,2,7,10,0,0,0,0,0,0,3,11,1,54,1791.69,1,931,13,0,0
625,1969,PhD,Married,54001.45,0,1,2012-11-19,10,294.16,53.82,185.13,64.74,36.31,194.62,0,5,2,4,4,0,0,0,0,0,0,3,11,0,57,828.7800000000001,1,771,11,0,1
626,1976,Graduation,Married,45091.54,0,1,2013-07-04,35,489.07,17.36,392.12,42.83,8.13,9.62,4,3,2,3,6,0,0,0,1,0,0,3,11,1,50,959.13,1,544,12,1,1
627,1962,2n Cycle,Widow,33051.44,0,0,2014-04-10,19,179.57,28.54,181.41,94.19,10.67,41.61,2,5,1,8,7,0,0,0,0,0,0,3,11,1,64,535.99,0,264,16,0,1
628,1997,Master,Single,43886.32,2,1,2013-10-01,62,480.04,16.47,265.1,57.62,16.56,10.81,1,5,2,8,3,0,0,1,0,0,0,3,11,0,29,846.5999999999999,3,455,16,1,2
629,1949,Graduation,Single,71814.22,1,1,2013-09-25,79,351.38,18.51,638.37,52.1,19.99,165.31,2,8,2,7,6,1,0,0,0,0,0,3,11,1,77,1245.66,2,461,19,1,0
630,1993,2n Cycle,Married,47715.67,1,0,2014-01-28,62,230.1,27.24,156.69,45.98,28.3,51.31,1,7,2,1,3,0,0,0,0,0,0,3,11,1,33,539.62,1,336,11,0,3
631,1944,PhD,Single,56998.6,0,0,2012-07-26,68,131.59,13.47,130.66,32.4,53.27,25.83,2,2,0,3,8,0,0,0,0,0,0,3,11,0,82,387.22,0,887,7,0,3
632,1975,PhD,Together,39702.87,2,0,2012-11-10,87,108.08,25.1,152.84,12.96,40.8,50.88,3,5,3,6,11,0,0,0,1,0,0,3,11,0,51,390.66,2,780,17,1,2
633,1973,Master,Together,53147.46,1,0,2012-10-30,29,227.55,11.9,176.9,74.68,19.88,30.6,0,2,2,11,4,0,0,0,0,0,0,3,11,0,53,541.51,1,791,15,0,1
634,1991,Master,Single,27345.69,1,1,2014-06-19,29,275.66,10.35,181.84,32.16,14.94,26.28,5,5,2,6,2,0,0,0,0,0,0,3,11,0,35,541.23,2,194,18,0,2
635,1970,Master,Together,36319.56,0,0,2012-08-26,96,155.63,7.05,113.24,20.17,21.76,32.98,1,2,3,6,7,0,0,0,0,0,0,3,11,0,56,350.83000000000004,0,856,12,0,3
636,1949,Graduation,Together,42571.17,2,1,2014-03-14,83,177.98,106.26,251.03,32.21,28.34,97.27,5,5,1,5,4,1,0,0,0,0,0,3,11,0,77,693.09,3,291,16,1,2
637,1997,Graduation,Married,26621.27,1,1,2012-10-01,21,468.73,4.52,160.69,35.98,7.21,63.47,2,2,1,10,2,0,0,0,0,0,0,3,11,0,29,740.6000000000001,2,820,15,0,2
638,1958,Basic,Single,31822.01,1,0,2014-08-11,60,70.32,14.68,76.74,33.94,43.5,17.84,2,2,2,2,5,1,0,0,0,0,0,3,11,0,68,257.02,1,141,8,1,3
639,1997,Graduation,Married,50274.07,0,1,2014-12-25,20,481.7,45.77,199.32,13.41,40.19,76.11,1,4,3,2,5,0,0,0,1,0,0,3,11,0,29,856.4999999999999,1,5,10,1,1
640,1971,Graduation,Single,46720.24,0,0,2012-09-11,36,533.62,39.9,211.05,34.71,37.94,46.38,1,5,1,7,5,0,0,0,0,0,0,3,11,0,55,903.6,0,840,14,0,1
641,1940,Graduation,Married,61239.41,0,0,2012-05-04,26,619.57,46.8,290.17,35.55,57.81,21.05,2,9,3,5,2,0,0,0,0,1,0,3,11,1,86,1070.9499999999998,0,970,19,1,0
642,1995,Graduation,Together,34884.42,0,0,2013-09-06,34,277.76,13.22,163.72,43.67,22.04,18.43,2,4,3,4,7,0,0,1,0,0,0,3,11,1,31,538.84,0,480,13,1,1
643,1944,PhD,Single,45389.72,1,0,2013-01-19,37,74.9,46.81,98.86,54.09,11.24,147.94,2,4,1,6,5,0,0,0,1,0,0,3,11,0,82,433.84,1,710,13,1,1
644,1984,Basic,Married,33902.81,0,0,2013-03-22,59,162.6,26.89,66.67,48.01,14.3,33.72,2,0,1,2,8,0,0,0,0,0,0,3,11,0,42,352.19000000000005,0,648,5,0,3
645,1943,Graduation,Married,58832.6,0,0,2013-01-21,69,1168.67,30.64,648.28,19.31,10.02,86.01,0,2,2,4,5,0,0,0,0,0,0,3,11,1,83,1962.93,0,708,8,0,0
646,1955,Graduation,Married,71417.52,0,0,2013-01-17,31,180.49,37.83,291.79,28.64,42.01,50.46,3,4,0,6,7,0,0,0,0,0,0,3,11,0,71,631.22,0,712,13,0,1
647,1963,Graduation,Together,53816.21,0,0,2012-05-03,79,1202.22,20.56,534.07,67.41,22.29,31.23,1,5,3,3,3,0,0,0,0,0,0,3,11,0,63,1877.78,0,971,12,0,0
648,1955,Basic,Single,67810.86,0,2,2013-12-28,91,379.93,18.01,126.44,30.52,30.35,55.31,1,5,1,7,4,0,0,0,0,0,0,3,11,0,71,640.56,2,367,14,0,2
649,1994,PhD,Married,44936.24,1,0,2014-06-14,79,325.52,43.28,219.42,11.58,42.43,30.74,0,4,3,6,6,0,0,0,0,0,0,3,11,1,32,672.9699999999999,1,199,13,0,3
650,1941,Graduation,Single,61220.51,1,1,2012-11-23,26,352.54,61.69,315.38,54.1,21.34,20.05,1,2,2,5,5,0,0,0,0,0,0,3,11,0,85,825.1,2,767,10,0,2
651,1988,Master,Married,45714.33,0,0,2013-11-24,2,393.9,12.33,198.44,21.13,18.02,20.09,3,2,1,3,4,0,0,1,0,0,0,3,11,1,38,663.91,0,401,9,1,1
652,1967,Basic,Together,29437.62,0,1,2014-12-27,48,327.69,12.31,72.33,55.31,13.68,36.12,3,5,4,4,3,0,1,0,0,0,0,3,11,0,59,517.4399999999999,1,3,16,1,1
653,1971,Master,Divorced,48956.56,0,0,2012-12-24,84,247.32,20.6,245.19,37.54,7.44,31.26,3,6,2,8,5,0,0,1,1,0,0,3,11,0,55,589.35,0,736,19,2,3
654,1966,Basic,Married,29788.61,0,2,2014-09-29,29,122.05,13.39,86.36,21.05,11.64,24.27,2,2,2,5,6,0,0,0,0,0,0,3,11,0,60,278.76,2,92,11,0,1
655,1959,Graduation,Together,113057.47,1,0,2014-03-07,21,385.09,53.88,209.32,58.15,11.67,104.45,0,3,2,3,3,1,0,1,0,0,0,3,11,1,67,822.56,1,298,8,2,0
656,1963,Master,Married,38807.34,1,1,2013-03-18,18,189.8,31.41,152.89,64.7,12.52,37.57,1,3,2,6,6,0,0,0,1,0,0,3,11,0,63,488.89,2,652,12,1,1
657,1951,Graduation,Married,57412.37,1,0,2012-06-12,30,290.82,16.81,255.0,45.7,43.97,91.66,1,6,3,5,6,0,0,0,0,0,0,3,11,0,75,743.96,1,931,15,0,1
658,1989,Master,Married,44136.16,1,0,2014-08-30,19,568.65,12.18,466.84,22.17,26.47,18.32,2,7,4,6,5,1,0,0,0,0,0,3,11,0,37,1114.63,1,122,19,1,1
659,1974,Master,Married,27080.11,0,1,2012-12-26,18,141.67,26.08,112.27,10.79,8.69,30.59,4,4,2,5,4,0,0,0,0,0,0,3,11,0,52,330.09,1,734,15,0,1
660,1999,Master,Together,20756.0,2,0,2013-08-07,1,204.94,7.21,114.47,12.75,9.75,26.2,2,7,2,2,3,0,0,0,0,0,0,3,11,0,27,375.32,2,510,13,0,1
661,1972,Master,Together,59850.53,1,0,2014-05-02,39,322.01,12.86,228.58,21.37,14.4,86.77,0,3,4,3,3,1,0,0,0,0,0,3,11,1,54,685.99,1,242,10,1,1
662,1972,Graduation,Together,82432.61,2,0,2014-10-07,38,314.0,28.25,275.67,98.1,37.74,28.33,1,3,2,4,4,0,0,0,0,0,0,3,11,0,54,782.0900000000001,2,84,10,0,0
663,1990,PhD,Married,33059.97,0,1,2014-10-20,90,267.92,12.44,114.13,7.17,87.95,30.91,3,4,1,2,7,0,0,0,0,0,0,3,11,0,36,520.52,1,71,10,0,3
664,1982,2n Cycle,Married,22864.09,2,2,2012-08-28,71,127.83,26.65,80.22,13.5,31.73,51.37,1,5,1,4,6,0,0,0,0,0,0,3,11,0,44,331.3,4,854,11,0,2
665,1976,Basic,Single,38946.14,1,0,2013-10-27,53,450.15,31.1,238.48,36.05,18.43,29.45,2,2,1,5,3,0,0,0,0,0,0,3,11,1,50,803.66,1,429,10,0,1
666,1951,Graduation,Widow,30489.97,1,1,2013-07-18,26,153.52,27.83,57.92,24.03,15.39,32.7,2,5,2,5,7,0,0,0,0,0,0,3,11,0,75,311.39000000000004,2,530,14,0,1
667,1942,Graduation,Married,34196.33,0,0,2014-04-11,78,93.58,25.64,113.61,14.27,8.71,43.83,3,4,0,7,6,0,0,1,0,0,0,3,11,0,84,299.64,0,263,14,1,3
668,1940,Graduation,Divorced,56621.81,1,0,2014-09-02,11,587.06,45.8,499.99,54.02,16.05,24.56,3,2,0,7,5,0,0,0,0,0,0,3,11,1,86,1227.4799999999998,1,119,12,0,0
669,1972,Master,Together,43469.5,2,2,2012-01-31,77,345.6,13.19,194.38,16.4,24.77,104.82,2,6,2,7,3,0,0,0,0,0,0,3,11,0,54,699.1600000000001,4,1064,17,0,2
670,1979,Master,Together,31831.03,1,1,2012-08-10,70,276.23,12.96,83.04,20.16,10.65,34.47,0,6,4,10,6,0,0,0,0,0,0,3,11,0,47,437.51,2,872,20,0,2
671,1949,Graduation,Together,56128.57,1,1,2012-09-22,16,666.19,14.21,278.64,53.27,44.27,61.51,3,6,4,10,2,0,0,0,0,1,0,3,11,1,77,1118.09,2,829,23,1,0
672,1982,PhD,Married,57916.0,2,0,2014-02-26,89,532.72,23.4,328.8,49.08,68.1,17.14,2,2,1,6,6,0,1,0,0,0,0,3,11,0,44,1019.24,2,307,11,1,2
673,1983,Master,Married,38761.28,0,0,2013-01-15,83,257.59,26.79,203.44,16.6,21.7,50.1,1,5,2,5,6,0,0,0,0,0,0,3,11,0,43,576.22,0,714,13,0,3
674,1968,Master,Together,46871.57,1,0,2013-07-09,9,223.23,23.3,141.87,61.72,22.84,50.96,3,3,1,2,4,0,0,0,0,0,0,3,11,0,58,523.92,1,539,9,0,1
675,1952,PhD,Married,54622.48,0,0,2012-03-02,18,268.51,55.01,296.54,36.94,9.14,116.14,1,3,2,4,7,0,0,0,0,0,0,3,11,0,74,782.28,0,1033,10,0,1
676,1951,PhD,Divorced,52598.41,2,0,2013-12-13,81,196.69,12.16,144.77,52.73,37.77,35.02,2,3,2,6,6,0,0,1,0,0,0,3,11,0,75,479.14,2,382,13,1,2
677,1970,PhD,Together,45082.33,0,1,2014-04-26,29,179.93,27.91,149.42,72.43,10.41,20.0,4,4,5,4,4,0,0,0,0,0,0,3,11,0,56,460.1,1,248,17,0,1
678,1985,Graduation,Married,78671.36,0,1,2013-06-04,29,374.03,17.06,363.47,98.74,28.07,41.92,5,0,0,3,4,0,0,0,0,0,0,3,11,0,41,923.29,1,574,8,0,0
679,1941,PhD,Single,55998.06,1,0,2014-12-30,24,976.94,27.17,713.98,70.39,45.66,33.19,4,1,3,2,5,0,0,0,0,0,0,3,11,1,85,1867.3300000000004,1,0,10,0,0
680,1990,Master,Married,37039.06,1,0,2013-08-24,87,181.99,26.48,147.03,26.69,31.5,15.19,3,3,6,5,4,0,0,0,0,0,0,3,11,0,36,428.88,1,493,17,0,3
681,1989,Basic,Together,37128.21,1,1,2012-05-19,73,336.8,14.97,184.52,38.38,12.87,64.61,3,1,2,6,7,0,0,0,0,1,0,3,11,0,37,652.1500000000001,2,955,12,1,2
682,1974,PhD,Single,35481.46,2,0,2013-08-12,65,395.53,22.64,181.22,25.89,12.73,63.15,0,2,2,9,6,0,0,0,1,0,0,3,11,0,52,701.16,2,505,13,1,2
683,1962,Master,Divorced,57116.5,2,1,2013-06-11,95,477.42,14.72,253.84,17.75,17.21,40.75,2,5,3,7,3,0,0,0,0,0,0,3,11,0,64,821.69,3,567,17,0,2
684,1956,Graduation,Single,34575.51,0,0,2013-06-24,34,518.14,5.84,407.98,26.62,7.73,21.92,1,1,0,8,4,0,0,0,0,0,0,3,11,0,70,988.23,0,554,10,0,1
685,1965,Graduation,Single,37422.98,0,0,2013-01-09,50,822.75,23.97,336.72,28.02,11.72,10.1,1,4,1,4,5,0,0,0,0,1,0,3,11,0,61,1233.28,0,720,10,1,3
686,1947,Graduation,Single,67724.88,0,2,2012-10-17,70,502.01,88.42,282.81,61.71,11.8,82.51,2,4,1,4,7,0,0,0,0,1,0,3,11,0,79,1029.26,2,804,11,1,0
687,1968,Graduation,Divorced,47889.56,0,0,2012-02-12,70,276.46,12.08,262.31,28.47,33.08,103.63,4,2,1,2,4,0,0,1,0,0,0,3,11,0,58,716.03,0,1052,9,1,3
688,1965,Master,Married,71640.3,0,0,2014-12-12,26,1494.02,68.39,477.39,29.12,41.62,39.22,3,3,3,6,5,0,0,0,0,0,0,3,11,1,61,2149.76,0,18,15,0,0
689,1949,2n Cycle,Married,61036.29,2,0,2012-01-08,9,721.82,28.72,471.39,58.1,39.17,45.66,3,1,2,2,7,0,0,0,0,0,0,3,11,0,77,1364.86,2,1087,8,0,0
690,1965,Graduation,Married,27703.98,1,2,2013-04-27,96,202.96,5.7,105.81,8.09,7.16,28.85,0,4,3,3,8,0,0,0,0,0,0,3,11,0,61,358.57000000000005,3,612,10,0,2
691,1973,Graduation,Married,42580.29,0,1,2012-02-11,42,591.06,9.9,651.72,65.59,9.53,96.15,2,4,1,3,10,1,0,0,0,0,0,3,11,1,53,1423.9499999999998,1,1053,10,1,0
692,1990,Master,Single,65905.66,0,0,2012-11-28,54,965.49,30.51,552.93,36.82,31.2,59.62,3,3,1,2,4,0,0,1,0,0,0,3,11,1,36,1676.5699999999997,0,762,9,1,0
693,1980,Graduation,Together,27204.28,1,0,2014-12-29,70,125.02,9.79,154.64,20.23,12.96,24.54,2,7,5,8,5,0,0,0,0,0,0,3,11,0,46,347.18,1,1,22,0,3
694,1946,PhD,Together,52464.1,0,1,2014-11-05,5,308.5,10.94,202.57,47.09,22.02,46.88,3,5,2,11,2,1,0,0,0,0,0,3,11,0,80,638.0,1,55,21,1,1
695,1943,Master,Married,43665.14,0,0,2012-03-09,5,592.92,7.25,167.99,39.95,16.83,14.9,0,1,2,8,3,0,0,1,0,0,0,3,11,0,83,839.84,0,1026,11,1,1
696,1997,PhD,Single,21984.31,1,1,2012-02-22,76,267.01,6.07,90.94,6.06,28.14,7.4,3,7,2,5,6,0,0,1,0,0,0,3,11,0,29,405.62,2,1042,17,1,2
697,1992,Graduation,Married,46530.52,2,0,2013-11-15,47,129.08,23.97,126.0,48.97,27.55,22.99,5,4,3,7,2,0,0,0,0,0,1,3,11,0,34,378.56,2,410,19,0,2
698,1989,Graduation,Single,31729.84,0,0,2014-09-20,76,113.73,14.49,79.76,24.43,47.46,46.75,1,5,5,5,6,0,1,1,0,0,0,3,11,0,37,326.62,0,101,16,2,3
699,1984,Master,Together,27804.11,1,1,2013-06-10,1,151.47,9.44,89.3,12.19,27.3,18.24,4,4,3,4,4,0,0,0,0,0,0,3,11,0,42,307.94,2,568,15,0,1
700,1950,PhD,Married,44518.33,0,0,2012-03-03,82,436.88,23.04,229.59,18.23,56.72,26.0,1,3,0,3,3,0,0,0,0,0,0,3,11,0,76,790.46,0,1032,7,0,3
701,1968,Graduation,Married,20489.32,1,1,2012-09-17,50,102.65,17.53,28.31,10.76,4.93,11.84,4,2,2,6,6,0,0,1,0,0,0,3,11,0,58,176.02,2,834,14,1,2
702,1995,Master,Married,33869.96,0,0,2014-05-07,60,324.98,19.67,194.08,9.97,22.17,25.02,0,4,1,6,5,0,0,0,0,0,0,3,11,0,31,595.89,0,237,11,0,3
704,1964,Master,Divorced,57531.56,2,2,2014-11-05,1,831.37,46.04,444.22,90.08,9.72,42.16,2,3,2,4,3,0,0,0,0,0,0,3,11,0,62,1463.59,4,55,11,0,2
705,1960,Graduation,Single,31176.82,0,0,2012-12-20,50,107.84,8.04,109.01,26.24,35.08,15.61,3,4,0,0,5,0,0,0,1,0,0,3,11,0,66,301.82,0,740,7,1,1
706,1996,2n Cycle,Married,77782.08,1,1,2014-07-22,25,230.09,31.16,356.03,43.67,29.9,63.37,4,0,2,7,8,0,0,0,1,0,0,3,11,1,30,754.2199999999999,2,161,13,1,0
707,1975,Graduation,Together,29827.4,0,0,2013-12-27,69,156.32,12.12,78.37,17.01,7.26,68.6,1,3,1,4,6,0,0,0,0,0,0,3,11,0,51,339.67999999999995,0,368,9,0,3
708,1949,Graduation,Single,35543.83,0,1,2013-08-11,19,214.35,7.76,115.69,35.96,12.71,21.09,0,2,2,5,7,0,0,0,1,0,0,3,11,0,77,407.5599999999999,1,506,9,1,1
709,1976,Graduation,Single,28013.99,0,1,2013-08-27,22,85.54,9.98,53.18,51.63,7.97,11.07,1,5,0,6,6,0,0,0,0,0,0,3,11,0,50,219.37,1,490,12,0,1
710,1948,Graduation,Married,49140.16,0,0,2012-06-29,53,339.04,6.49,196.37,22.4,14.86,29.19,3,1,1,7,4,0,0,1,0,0,0,3,11,0,78,608.3500000000001,0,914,12,1,3
711,1963,Basic,Married,76684.27,1,1,2012-06-22,14,749.16,110.75,385.1,25.18,30.78,66.47,1,5,1,4,9,0,0,0,0,0,0,3,11,1,63,1367.44,2,921,11,0,0
712,1974,2n Cycle,Single,29744.44,0,1,2012-12-19,5,279.81,7.77,117.68,48.32,38.53,36.07,1,5,1,7,5,0,0,0,0,0,0,3,11,0,52,528.1800000000001,1,741,14,0,1
713,1988,Graduation,Married,19454.29,1,0,2012-12-19,91,129.75,23.1,71.8,4.27,5.98,28.56,1,4,0,3,2,0,0,0,0,0,0,3,11,0,38,263.46,1,741,8,0,3
714,1974,Graduation,Married,68623.25,1,1,2013-03-09,34,323.35,32.19,293.86,24.05,85.15,29.4,1,2,3,3,3,0,0,0,0,0,0,3,11,1,52,788.0,2,661,9,0,2
715,1987,Master,Married,82579.79,1,1,2014-06-23,74,981.84,53.14,344.75,45.71,63.01,37.45,3,3,2,7,3,0,0,0,0,0,0,3,11,1,39,1525.9,2,190,15,0,0
716,1975,Basic,Together,19969.63,0,0,2012-10-08,7,153.52,6.83,118.64,5.03,11.61,13.2,2,3,2,6,9,0,0,0,1,0,0,3,11,0,51,308.83,0,813,13,1,1
717,1957,PhD,Single,53317.6,2,0,2012-09-15,56,379.94,27.7,297.3,66.7,38.3,64.51,4,3,3,8,6,1,0,0,1,0,0,3,11,1,69,874.45,2,836,18,2,2
718,1988,Graduation,Divorced,48562.27,0,0,2014-05-17,49,671.87,32.9,212.16,52.13,22.45,18.3,2,3,2,4,3,0,0,0,1,0,0,3,11,0,38,1009.81,0,227,11,1,1
719,1978,Graduation,Together,32370.73,0,0,2013-07-12,48,191.29,22.11,143.02,14.72,32.11,18.04,4,4,3,8,5,0,1,0,0,0,0,3,11,0,48,421.29,0,536,19,1,3
720,1971,Master,Together,25393.73,0,1,2012-01-05,87,63.88,18.53,32.76,35.13,16.36,14.28,0,2,1,7,6,0,0,0,0,0,0,3,11,0,55,180.94,1,1090,10,0,3
721,1963,Graduation,Married,65953.16,0,0,2013-08-18,20,1265.33,24.24,791.8,101.01,11.14,93.12,1,4,1,3,7,1,0,0,1,0,0,3,11,1,63,2286.64,0,499,9,2,0
722,1962,PhD,Together,47649.54,0,2,2013-01-28,35,274.45,16.38,137.32,28.58,26.1,52.49,5,3,2,6,8,0,0,0,0,0,0,3,11,0,64,535.3199999999999,2,701,16,0,2
723,1971,Graduation,Married,49107.67,1,0,2012-12-01,70,216.4,8.65,349.04,24.05,36.04,67.77,2,2,3,3,3,0,0,0,0,0,0,3,11,0,55,701.9499999999999,1,759,10,0,3
724,1976,Master,Together,34589.04,0,0,2012-03-03,68,90.85,21.71,108.21,86.14,13.33,61.97,1,5,0,4,6,0,0,0,0,0,0,3,11,0,50,382.2099999999999,0,1032,10,0,3
725,1951,Graduation,Together,32184.37,0,1,2012-02-13,57,231.18,28.25,173.0,31.85,15.92,21.5,1,2,2,6,2,0,0,0,1,0,0,3,11,0,75,501.7000000000001,1,1051,11,1,3
726,1988,PhD,Married,16614.16,1,0,2012-06-01,62,57.49,20.09,59.0,12.44,5.27,6.54,4,3,1,3,5,0,0,0,0,0,0,3,11,0,38,160.82999999999998,1,942,11,0,3
727,1994,Graduation,Married,40489.13,0,0,2014-05-03,92,293.73,22.3,127.7,58.9,8.12,16.0,1,5,1,5,8,0,0,0,0,0,0,3,11,0,32,526.75,0,241,12,0,3
728,1952,PhD,Married,78867.98,0,0,2012-10-01,15,2437.67,22.83,976.38,60.68,14.26,21.01,1,5,1,7,5,0,0,0,0,0,0,3,11,1,74,3532.8300000000004,0,820,14,0,0
729,1962,Graduation,Married,31066.9,0,0,2013-03-01,5,106.99,5.15,148.25,14.72,5.66,18.93,1,3,3,8,2,0,0,0,0,0,0,3,11,0,64,299.70000000000005,0,669,15,0,1
730,1964,PhD,Married,24125.73,1,0,2013-04-27,77,254.23,20.67,148.85,16.25,16.53,15.37,0,4,1,3,3,0,0,0,0,0,0,3,11,0,62,471.9,1,612,8,0,3
731,1974,PhD,Widow,52799.97,0,2,2012-08-01,51,444.14,8.24,243.84,63.21,5.43,67.96,3,1,1,8,6,0,0,0,0,0,0,3,11,0,52,832.82,2,881,13,0,2
732,1980,PhD,Together,56842.07,0,0,2012-03-19,1,191.47,21.25,179.15,11.04,17.47,46.08,4,5,1,4,5,0,0,0,0,0,0,3,11,0,46,466.46,0,1016,14,0,1
733,1969,PhD,Together,35088.81,0,1,2012-05-18,88,451.81,14.06,317.13,18.95,10.16,20.98,0,3,2,3,9,0,0,0,0,1,0,3,11,0,57,833.09,1,956,8,1,3
734,1956,Master,Divorced,38580.19,1,1,2014-08-07,94,309.67,16.97,202.58,56.79,14.93,28.88,3,0,0,1,5,1,0,0,0,0,0,3,11,0,70,629.8199999999999,2,145,4,1,2
735,1988,Master,Widow,49294.18,1,0,2012-04-07,76,445.69,23.09,375.09,23.28,7.42,21.21,4,2,2,6,5,1,0,0,0,0,0,3,11,0,38,895.7799999999999,1,997,14,1,3
736,1959,Graduation,Together,41680.15,1,0,2013-10-25,17,665.41,20.76,579.74,67.65,24.35,61.88,3,4,5,3,5,0,0,0,0,0,0,3,11,0,67,1419.79,1,431,15,0,1
737,1987,Master,Single,66174.58,0,1,2012-07-16,80,589.98,7.12,330.26,99.27,14.13,33.14,1,3,1,9,9,0,0,1,0,0,0,3,11,1,39,1073.9000000000003,1,897,14,1,0
738,1964,Graduation,Married,117582.68,0,1,2014-02-23,91,643.33,54.39,503.75,72.57,106.36,47.61,2,4,2,1,5,0,0,0,0,0,0,3,11,0,62,1428.0099999999998,1,310,9,0,0
739,1961,Graduation,Married,22389.21,0,0,2012-06-04,75,130.4,2.69,173.08,10.22,7.07,29.35,3,3,4,4,5,0,0,0,0,0,0,3,11,0,65,352.81000000000006,0,939,14,0,3
740,1952,Graduation,Together,72540.63,0,0,2014-12-09,34,1085.36,51.61,619.14,39.19,31.41,82.15,0,6,0,5,8,0,0,0,0,0,0,3,11,1,74,1908.86,0,21,11,0,0
741,1998,Graduation,Single,46263.28,0,0,2013-04-23,85,161.85,15.2,178.13,146.91,21.26,13.2,3,3,4,2,4,0,0,0,0,0,0,3,11,0,28,536.55,0,616,12,0,3
742,1958,Master,Single,77286.95,0,0,2012-08-15,38,369.74,9.71,313.46,152.76,41.03,103.58,0,9,2,4,3,0,0,0,0,0,0,3,11,0,68,990.28,0,867,15,0,0
743,1988,Master,Married,59263.08,0,1,2013-06-05,0,851.94,16.67,268.74,41.01,27.78,30.47,1,2,2,5,8,0,0,0,0,0,0,3,11,0,38,1236.61,1,573,10,0,0
744,1975,Master,Married,45454.29,1,1,2012-05-28,36,271.16,14.8,223.49,20.26,16.13,29.14,4,4,0,2,5,0,0,0,0,0,0,3,11,0,51,574.98,2,946,10,0,2
745,1951,PhD,Together,60114.67,0,0,2014-12-17,20,265.36,56.31,191.37,41.4,33.86,53.96,1,2,1,6,8,0,1,0,0,0,0,3,11,0,75,642.26,0,13,10,1,1
746,1980,Graduation,Married,37886.03,1,1,2012-06-10,0,377.32,19.55,259.87,28.15,22.98,43.22,0,1,3,6,6,0,0,0,0,0,0,3,11,0,46,751.09,2,933,10,0,1
747,1958,Graduation,Together,32541.76,0,1,2014-05-12,3,344.26,18.35,188.83,9.91,9.43,34.11,2,4,3,9,3,0,1,0,1,1,0,3,11,0,68,604.89,1,232,18,3,1
748,1951,Graduation,Single,61349.68,0,0,2013-01-29,95,260.64,57.14,302.35,41.32,36.33,47.78,3,12,2,5,3,0,0,0,0,0,0,3,11,0,75,745.5600000000001,0,700,22,0,3
749,1948,Graduation,Single,31642.89,0,0,2014-03-11,57,210.64,13.7,140.38,44.91,29.66,19.68,4,4,0,7,6,0,1,0,0,0,0,3,11,0,78,458.97,0,294,15,1,3
750,1946,Graduation,Single,57351.2,0,1,2012-07-04,0,298.49,41.34,247.99,12.51,40.16,58.93,1,4,4,6,5,0,0,0,0,0,0,3,11,1,80,699.42,1,909,15,0,1
751,1967,Graduation,Divorced,44904.76,0,1,2013-07-11,12,204.54,31.03,108.01,47.33,36.02,33.56,0,4,1,3,5,0,0,1,0,0,0,3,11,0,59,460.49,1,537,8,1,1
752,1953,PhD,Together,17469.7,0,1,2013-03-21,45,101.94,3.7,54.73,25.59,8.88,41.41,2,4,4,5,4,0,0,0,0,0,0,3,11,0,73,236.25,1,649,15,0,1
753,1970,Master,Single,35250.92,2,0,2014-04-09,46,550.65,39.12,194.47,16.17,9.22,40.21,0,2,2,5,4,0,1,0,0,0,0,3,11,0,56,849.84,2,265,9,1,2
754,1991,2n Cycle,Together,50712.88,1,0,2012-03-27,80,126.06,9.92,110.1,89.96,14.31,23.38,2,4,0,6,6,1,0,0,0,0,0,3,11,0,35,373.73,1,1008,12,1,3
755,1958,Basic,Married,37706.95,0,0,2013-03-13,75,283.11,29.98,279.37,16.0,20.95,22.72,3,5,2,7,5,0,0,0,1,0,0,3,11,0,68,652.1300000000001,0,657,17,1,3
756,1997,PhD,Married,16015.42,1,1,2013-05-30,6,160.64,2.96,87.91,13.4,12.93,13.23,6,6,3,8,2,0,0,0,0,0,0,3,11,0,29,291.07,2,579,23,0,1
758,1955,PhD,Together,47465.1,1,0,2014-01-25,2,221.85,66.51,236.76,25.34,39.23,88.81,3,2,3,3,7,0,0,1,0,0,0,3,11,1,71,678.5,1,339,11,1,1
759,1992,Master,Together,52970.78,1,1,2014-03-07,49,355.68,21.37,119.35,23.48,12.03,33.51,0,6,2,5,6,0,0,0,0,0,0,3,11,0,34,565.42,2,298,13,0,2
760,1944,Graduation,Single,36705.78,0,1,2013-11-16,25,109.54,14.43,197.88,35.83,10.62,16.82,6,2,2,5,5,0,0,0,1,0,0,3,11,0,82,385.12,1,409,15,1,1
761,1974,Graduation,Married,54863.08,0,1,2012-11-20,30,227.78,36.28,251.64,58.61,98.71,23.28,1,6,1,5,10,0,0,0,1,0,0,3,11,1,52,696.3000000000001,1,770,13,1,1
762,1951,Master,Married,92404.23,0,2,2013-09-14,99,1143.58,34.77,782.62,57.07,37.25,86.27,5,3,5,5,5,0,0,0,0,0,0,3,11,1,75,2141.56,2,472,18,0,0
763,1964,Graduation,Widow,33056.41,0,0,2013-11-17,61,167.17,45.12,108.95,9.38,15.6,105.67,2,7,2,4,5,0,0,0,1,0,0,3,11,0,62,451.89,0,408,15,1,3
764,1991,PhD,Married,86405.37,0,2,2013-02-03,25,352.27,44.46,95.28,70.65,22.27,95.81,4,4,0,3,2,0,0,0,0,0,0,3,11,0,35,680.74,2,695,11,0,0
765,1998,PhD,Together,52022.19,1,0,2014-05-17,66,1350.16,19.68,1201.11,43.02,61.01,16.04,3,3,4,3,6,0,0,0,0,0,0,3,11,1,28,2691.02,1,227,13,0,0
766,1960,Graduation,Together,31326.73,2,0,2012-08-04,54,154.48,10.39,134.36,17.66,19.39,16.26,0,2,2,5,7,0,0,0,0,0,0,3,11,0,66,352.54,2,878,9,0,2
767,1975,Graduation,Together,107468.84,2,1,2014-03-19,27,623.03,28.15,839.46,211.51,30.96,59.31,2,4,6,5,7,1,0,0,0,0,0,3,11,1,51,1792.4199999999998,3,286,17,1,0
768,1992,Graduation,Married,51878.31,1,2,2014-08-18,43,209.66,16.32,246.87,13.03,13.1,25.42,6,1,2,8,6,0,0,0,0,0,0,3,11,0,34,524.4,3,134,17,0,2
769,1962,Graduation,Married,58138.97,1,0,2014-09-27,80,196.86,21.6,157.33,9.87,32.05,36.96,1,8,2,1,3,0,1,0,0,0,0,3,11,0,64,454.67,1,94,12,1,3
770,1955,Graduation,Married,39825.36,2,1,2014-07-20,37,215.76,13.63,168.78,16.49,18.75,39.89,4,2,4,5,2,0,1,1,0,0,0,3,11,0,71,473.3,3,163,15,2,2
771,1996,Master,Together,32256.32,0,1,2012-08-27,29,390.9,9.96,147.89,31.71,24.37,38.97,2,2,0,2,4,0,0,0,1,0,0,3,11,0,30,643.8000000000001,1,855,6,1,1
772,1978,Graduation,Together,47435.46,0,1,2012-02-17,65,703.0,76.62,375.96,16.16,30.2,73.28,2,5,2,1,3,0,0,0,0,0,0,3,11,0,48,1275.22,1,1047,10,0,3
773,1984,PhD,Married,83498.63,0,0,2014-05-24,7,537.58,20.64,824.32,29.75,32.67,91.76,1,1,1,9,11,0,0,0,0,1,0,3,11,1,42,1536.72,0,220,12,1,0
774,1992,Graduation,Together,39188.4,1,1,2012-05-11,13,91.43,19.62,186.55,44.51,12.97,9.74,1,5,1,2,4,0,0,0,0,0,0,3,11,0,34,364.8200000000001,2,963,9,0,1
775,1981,Basic,Single,43883.76,0,0,2013-09-16,98,57.01,28.71,109.1,37.18,18.28,18.67,2,5,1,8,3,0,0,0,0,0,0,3,11,0,45,268.95,0,470,16,0,3
776,1997,Graduation,Married,79422.06,1,0,2013-08-23,61,541.46,53.15,478.99,63.93,26.17,57.96,4,3,4,9,5,0,0,0,0,0,0,3,11,0,29,1221.66,1,494,20,0,0
777,1978,Graduation,Together,39334.97,0,0,2013-11-03,74,254.12,17.41,179.26,40.35,16.68,34.48,2,1,3,7,4,0,0,0,0,0,0,3,11,0,48,542.3000000000001,0,422,13,0,3
778,1953,Basic,Single,54399.52,0,0,2012-11-29,62,217.42,21.59,139.92,27.06,25.19,73.19,2,4,1,3,2,0,0,0,0,0,0,3,11,0,73,504.37,0,761,10,0,3
779,1970,Master,Married,63003.16,1,2,2012-02-05,78,597.25,37.88,321.77,32.22,16.86,51.88,0,5,1,5,2,0,0,0,0,0,0,3,11,0,56,1057.86,3,1059,11,0,2
780,1997,Graduation,Married,40998.37,0,0,2014-02-16,65,110.71,22.06,94.84,42.78,27.45,33.91,3,3,3,7,2,0,0,0,0,0,0,3,11,0,29,331.75,0,317,16,0,3
781,1944,Master,Together,50208.27,0,2,2012-08-10,95,542.99,19.71,336.04,14.38,18.43,46.47,2,4,2,6,6,0,0,0,0,0,0,3,11,0,82,978.02,2,872,14,0,2
782,1974,Graduation,Divorced,57782.49,0,0,2013-06-13,39,366.58,10.38,89.71,10.26,15.99,39.79,2,4,1,1,5,0,0,0,0,0,0,3,11,0,52,532.7099999999999,0,565,8,0,1
783,1962,Graduation,Single,37783.73,0,1,2012-08-28,12,130.35,13.08,168.22,18.7,14.03,31.94,7,4,1,5,6,0,0,1,0,1,0,3,11,1,64,376.32,1,854,17,2,1
784,1968,Graduation,Together,61470.09,1,1,2012-05-13,16,611.91,14.17,321.05,68.98,32.59,96.92,4,8,3,7,7,0,0,0,0,0,0,3,11,0,58,1145.62,2,961,22,0,0
785,1982,Graduation,Single,35639.35,0,1,2013-01-25,14,148.72,10.95,187.09,26.67,17.18,27.19,3,4,2,4,10,0,0,0,0,0,0,3,11,0,44,417.8,1,704,13,0,1
786,1950,Master,Married,33859.16,1,1,2012-04-11,32,311.59,15.84,280.69,36.35,20.0,26.68,3,4,2,7,7,0,0,1,1,0,0,3,11,1,76,691.1499999999999,2,993,16,2,2
787,1957,Graduation,Single,24081.12,0,1,2013-11-11,15,279.16,13.69,296.79,4.61,18.93,18.94,1,9,1,4,6,0,0,0,0,0,0,3,11,0,69,632.1200000000001,1,414,15,0,1
788,1986,Graduation,Together,36265.24,1,1,2013-05-12,12,300.99,48.39,142.05,28.13,36.38,63.39,0,3,5,5,3,0,1,1,0,0,0,3,11,1,40,619.33,2,597,13,2,1
789,1951,Master,Married,32009.85,0,1,2013-05-25,85,308.39,10.63,301.15,30.42,17.42,13.21,0,4,4,3,8,0,0,0,0,0,0,3,11,0,75,681.2199999999999,1,584,11,0,3
790,1948,Master,Single,37784.36,1,0,2013-12-03,22,654.28,27.58,158.63,10.78,9.12,87.99,0,5,1,5,5,0,0,0,0,0,0,3,11,0,78,948.38,1,392,11,0,1
791,1949,Graduation,Together,56658.49,1,1,2014-09-20,35,481.56,31.21,372.79,61.01,22.11,22.45,2,4,2,2,1,0,0,0,0,0,0,3,11,0,77,991.13,2,101,10,0,2
792,1997,PhD,Married,22241.84,0,0,2014-08-06,42,102.14,22.19,79.43,13.35,5.58,12.05,2,3,3,4,5,0,1,0,0,0,0,3,11,0,29,234.74,0,146,12,1,1
793,1983,Graduation,Divorced,20133.32,1,0,2014-04-20,49,98.12,13.04,59.98,81.61,25.55,25.26,2,2,6,8,12,0,0,0,1,0,0,3,11,0,43,303.56,1,254,18,1,1
794,1956,Master,Married,32871.73,1,1,2012-01-06,73,70.85,8.23,78.62,5.71,49.66,48.94,2,7,2,4,5,0,0,0,0,1,0,3,11,0,70,262.01,2,1089,15,1,2
795,1977,Master,Married,53342.69,0,0,2014-08-15,80,135.43,8.7,144.15,77.86,36.13,18.44,4,3,2,2,4,0,0,0,0,0,0,3,11,0,49,420.71,0,137,11,0,3
796,1946,2n Cycle,Married,49788.83,0,1,2012-07-12,93,1266.61,27.52,754.61,25.23,38.21,20.74,2,2,4,8,3,0,0,0,0,0,0,3,11,1,80,2132.92,1,901,16,0,0
797,1985,Graduation,Single,32662.24,2,0,2014-01-11,12,265.67,10.91,174.72,7.95,17.41,30.96,4,6,2,2,6,0,0,1,0,0,0,3,11,0,41,507.62000000000006,2,353,14,1,1
798,1952,Graduation,Single,70810.55,1,0,2014-06-30,29,506.31,18.03,227.76,33.13,40.44,231.95,0,6,2,4,5,0,0,0,0,1,0,3,11,0,74,1057.62,1,183,12,1,0
799,1979,Graduation,Married,34085.8,0,0,2013-04-17,56,364.38,7.31,258.43,25.84,5.99,57.77,3,6,4,3,5,0,1,0,0,0,0,3,11,0,47,719.72,0,622,16,1,3
800,1981,Graduation,Single,53368.8,0,0,2012-08-03,29,329.25,26.95,172.18,63.84,23.41,36.9,1,4,1,10,6,0,0,0,0,0,0,3,11,0,45,652.53,0,879,16,0,1
801,1948,Graduation,Together,38364.41,1,1,2014-05-25,70,290.1,43.47,234.98,69.2,10.37,7.21,2,4,3,4,3,0,0,0,0,0,0,3,11,0,78,655.3300000000002,2,219,13,0,2
802,1989,Basic,Single,31334.95,1,0,2012-02-07,9,306.18,11.24,139.82,47.21,17.01,26.41,4,4,1,5,5,0,0,0,0,0,0,3,11,0,37,547.87,1,1057,14,0,1
803,1966,Graduation,Together,34820.91,1,0,2013-04-15,98,316.77,22.75,238.87,12.52,15.41,34.72,5,1,0,5,5,0,0,0,0,0,0,3,11,0,60,641.04,1,624,11,0,3
804,1997,Graduation,Together,59492.18,0,0,2013-03-27,65,317.18,25.65,232.78,75.24,87.72,37.94,6,6,1,5,6,0,0,0,0,0,0,3,11,0,29,776.51,0,643,18,0,3
805,1941,Master,Divorced,51246.88,1,0,2014-10-09,93,240.98,10.84,160.11,41.6,40.73,24.68,5,5,4,5,5,0,0,0,0,0,0,3,11,0,85,518.94,1,82,19,0,3
806,1944,Graduation,Married,65332.25,0,1,2012-04-12,82,302.06,46.55,179.18,28.32,35.53,57.68,2,7,5,9,4,0,0,0,0,0,0,3,11,0,82,649.3199999999999,1,992,23,0,3
807,1968,Master,Married,51246.08,0,0,2012-02-11,38,403.43,12.18,115.24,28.97,20.02,23.36,2,2,2,3,5,0,0,0,0,0,0,3,11,0,58,603.2,0,1053,9,0,1
808,1976,Graduation,Together,23284.24,1,1,2014-08-04,36,166.08,10.82,107.52,9.76,29.18,57.46,0,2,3,2,9,0,1,0,0,0,0,3,11,0,50,380.82,2,148,7,1,1
809,1977,Graduation,Widow,103338.57,2,2,2012-03-06,2,363.3,38.6,356.62,67.83,46.54,206.01,7,7,1,2,5,0,1,0,1,0,0,3,11,1,49,1078.9,4,1029,17,2,0
810,1958,Graduation,Married,51537.64,0,1,2014-07-31,88,188.11,40.38,156.0,21.35,28.83,61.37,2,4,1,4,5,0,0,0,0,0,1,3,11,0,68,496.04,1,152,11,0,3
811,1947,Graduation,Married,54495.24,0,1,2012-07-11,33,500.9,13.24,196.27,18.88,25.63,46.15,4,3,1,11,3,1,0,0,0,0,0,3,11,0,79,801.0699999999999,1,902,19,1,1
812,1987,Basic,Married,38149.39,1,0,2014-11-27,85,298.51,22.12,205.93,32.65,13.73,20.6,2,5,1,7,5,0,0,0,0,0,0,3,11,0,39,593.54,1,33,15,0,3
813,1984,Graduation,Together,69235.66,0,0,2013-05-16,37,456.31,19.18,298.31,64.81,32.45,54.87,3,6,0,3,7,0,0,0,0,0,0,3,11,1,42,925.93,0,593,12,0,0
814,1940,PhD,Married,28645.65,1,1,2013-10-25,13,128.07,9.67,155.34,16.43,4.05,61.46,3,2,2,8,9,0,0,0,1,0,0,3,11,0,86,375.02,2,431,15,1,1
815,1961,Graduation,Single,56609.47,1,1,2012-12-17,63,961.93,2.93,760.57,82.56,10.26,76.5,2,1,2,1,9,0,0,0,0,0,0,3,11,1,65,1894.75,2,743,6,0,0
816,1991,Graduation,Widow,19305.53,0,1,2012-11-21,38,127.23,31.06,100.73,10.6,10.92,17.5,3,2,2,4,9,0,0,0,0,0,0,3,11,0,35,298.04,1,769,11,0,1
817,1956,Basic,Together,58155.95,2,1,2014-11-27,53,500.86,37.1,183.69,31.13,68.33,81.24,1,2,1,7,3,0,0,0,0,0,0,3,11,0,70,902.35,3,33,11,0,2
818,1946,Graduation,Married,28801.42,1,0,2012-04-17,1,183.69,8.33,113.3,27.48,16.27,32.06,1,8,2,3,4,0,0,0,0,0,0,3,11,0,80,381.13,1,987,14,0,1
819,1964,Master,Together,49552.99,1,0,2013-09-22,95,435.9,11.57,212.92,29.38,14.75,50.43,0,4,0,9,2,0,0,0,0,0,0,3,11,0,62,754.9499999999999,1,464,13,0,3
820,1984,2n Cycle,Married,76338.77,1,1,2012-05-30,42,280.65,26.0,387.2,51.56,14.73,110.32,2,4,2,4,7,0,0,0,0,0,0,3,11,0,42,870.4599999999998,2,944,12,0,0
821,1943,PhD,Divorced,61641.27,1,1,2014-12-16,52,906.05,43.45,418.96,8.72,45.25,67.45,0,6,2,5,6,0,1,0,0,0,0,3,11,0,83,1489.88,2,14,13,1,0
822,1975,Basic,Together,72384.88,0,0,2014-05-27,2,686.77,10.67,437.41,46.93,23.62,97.22,0,4,2,5,3,0,1,0,0,0,0,3,11,1,51,1302.62,0,217,11,1,0
823,1945,Graduation,Together,69448.4,0,1,2012-11-30,40,520.61,29.25,293.81,14.89,46.84,61.39,1,5,2,4,7,0,0,0,0,0,0,3,11,0,81,966.79,1,760,12,0,0
824,1999,Graduation,Single,35964.47,1,0,2014-03-14,7,339.53,47.71,130.39,11.1,20.84,24.78,2,4,2,9,5,0,0,0,0,0,0,3,11,0,27,574.3499999999999,1,291,17,0,1
825,1970,Graduation,Together,56349.69,0,0,2014-02-05,89,757.17,13.08,724.8,16.23,34.43,32.54,2,6,1,4,4,0,0,0,0,0,0,3,11,0,56,1578.25,0,328,13,0,0
826,1958,Master,Single,22248.58,0,1,2012-09-15,95,168.47,10.71,150.2,7.64,10.41,11.96,3,4,0,4,7,0,0,0,0,0,0,3,11,0,68,359.39,1,836,11,0,3
827,1983,2n Cycle,Married,33699.07,1,1,2014-02-20,74,236.42,57.96,76.06,15.56,19.45,10.32,1,3,0,2,5,0,1,0,0,0,0,3,11,0,43,415.77,2,313,6,1,2
828,1993,Graduation,Single,77424.76,1,0,2012-02-03,62,470.54,51.88,351.17,37.12,33.05,35.95,2,5,1,5,2,0,0,0,1,0,0,3,11,0,33,979.7100000000002,1,1061,13,1,0
829,1978,Master,Divorced,38024.47,0,0,2012-11-21,64,133.77,18.8,97.77,36.36,11.91,17.35,1,3,1,3,7,0,0,0,1,0,0,3,11,0,48,315.9600000000001,0,769,8,1,3
830,1966,Graduation,Single,21010.95,1,0,2014-04-16,78,194.99,13.06,84.64,15.41,5.4,12.43,2,4,2,7,5,0,0,0,0,0,0,3,11,0,60,325.93,1,258,15,0,3
831,1949,PhD,Divorced,99258.18,1,1,2013-11-21,3,1497.0,35.78,738.99,20.36,10.88,203.35,2,1,2,4,4,0,0,0,0,0,0,3,11,1,77,2506.36,2,404,9,0,0
832,1965,Graduation,Married,55542.3,0,0,2014-01-08,67,202.75,55.54,167.07,37.48,22.84,40.55,3,5,3,8,5,0,0,1,0,0,0,3,11,0,61,526.23,0,356,19,1,3
833,1958,2n Cycle,Together,60221.9,1,1,2014-01-13,91,420.78,21.73,174.89,46.79,68.71,55.87,0,2,1,6,7,0,0,0,0,0,0,3,11,0,68,788.77,2,351,9,0,2
834,1978,PhD,Together,29965.81,0,2,2014-04-26,9,402.09,4.24,147.53,15.79,21.29,28.33,2,2,2,1,2,0,0,0,1,0,0,3,11,0,48,619.27,2,248,7,1,1
835,1942,Graduation,Together,49693.16,0,1,2012-04-26,74,701.61,18.02,265.84,30.75,26.12,103.37,1,4,1,3,4,0,0,0,0,0,0,3,11,1,84,1145.71,1,978,9,0,3
836,1984,Graduation,Together,49169.56,0,0,2013-10-11,49,863.43,12.62,222.92,35.38,14.51,27.93,2,2,4,6,4,0,0,0,0,0,0,3,11,0,42,1176.7900000000002,0,445,14,0,3
837,1952,Graduation,Married,31933.35,0,1,2013-02-06,22,120.29,12.37,95.14,32.43,26.64,22.42,2,3,1,4,4,0,0,0,0,0,0,3,11,0,74,309.29,1,692,10,0,1
838,1989,Graduation,Married,41442.91,0,0,2014-09-23,60,417.34,16.27,121.67,10.34,17.69,31.2,2,1,0,2,5,0,0,0,0,0,1,3,11,0,37,614.5100000000001,0,98,5,0,3
839,1967,Graduation,Together,24338.46,1,0,2012-08-20,46,75.57,22.89,64.86,13.49,28.71,38.62,2,4,0,4,5,0,1,0,0,0,0,3,11,0,59,244.14,1,862,10,1,1
840,1997,Basic,Married,38611.92,1,0,2014-07-17,2,139.01,26.87,144.72,61.27,9.83,69.4,0,5,2,3,4,0,0,0,0,0,0,3,11,0,29,451.1,1,166,10,0,1
841,1959,PhD,Single,65482.52,1,0,2013-04-24,16,812.5,35.16,384.08,98.35,19.15,69.85,3,4,1,3,3,0,0,0,0,0,0,3,11,0,67,1419.09,1,615,11,0,0
842,1967,PhD,Married,32901.08,1,2,2014-09-02,21,194.11,15.06,125.57,35.19,9.07,55.32,0,4,2,4,2,0,0,0,0,0,0,3,11,0,59,434.32,3,119,10,0,2
843,1947,Graduation,Married,95122.34,0,0,2012-01-09,90,872.85,23.11,631.09,84.27,17.92,84.91,1,4,2,14,3,0,0,0,0,0,0,3,11,1,79,1714.1500000000003,0,1086,21,0,0
844,1980,Basic,Together,24973.32,0,0,2013-12-15,15,173.01,3.09,74.23,43.26,6.53,18.07,2,5,1,5,4,0,0,0,0,0,0,3,11,0,46,318.18999999999994,0,380,13,0,1
845,1978,Master,Together,39971.82,1,2,2013-01-13,79,785.84,19.62,488.74,81.09,19.5,65.06,1,4,3,7,9,1,0,0,0,0,0,3,11,1,48,1459.85,3,716,15,1,2
846,1940,Graduation,Divorced,34112.8,0,0,2013-01-15,2,340.82,25.2,88.96,20.27,10.2,36.68,1,3,0,4,2,0,0,0,0,0,0,3,11,0,86,522.1299999999999,0,714,8,0,1
847,1942,Master,Together,41271.51,0,1,2014-04-23,51,374.9,17.73,204.79,14.81,1.87,21.3,2,1,1,4,6,1,0,0,0,0,0,3,11,0,84,635.3999999999999,1,251,8,1,1
848,1952,PhD,Married,76771.59,1,0,2012-12-25,32,309.94,25.54,257.26,41.9,67.06,112.07,1,3,1,2,3,0,0,0,0,1,0,3,11,1,74,813.77,1,735,7,1,0
849,1967,Graduation,Single,29918.07,0,0,2012-06-24,41,452.4,18.13,232.21,123.12,4.99,21.18,2,5,4,6,1,0,0,0,1,0,0,3,11,0,59,852.03,0,919,17,1,3
850,1996,Graduation,Together,37030.3,1,2,2013-04-29,1,210.32,16.15,180.46,9.27,24.18,24.36,1,7,3,4,5,0,1,0,0,0,0,3,11,0,30,464.74,3,610,15,1,2
851,1999,Graduation,Married,57630.22,0,0,2012-02-02,38,244.43,72.66,211.87,27.89,26.92,79.02,1,4,0,0,4,0,0,0,0,0,0,3,11,0,27,662.79,0,1062,5,0,1
852,1988,Graduation,Together,46039.89,0,1,2013-11-26,45,598.2,44.23,258.87,12.66,75.2,35.03,1,0,3,5,6,0,1,0,0,1,0,3,11,0,38,1024.19,1,399,9,2,1
853,1964,Basic,Divorced,47575.35,0,0,2012-06-05,47,435.21,38.79,248.53,32.91,39.68,48.21,2,5,2,2,9,0,0,0,0,0,0,3,11,0,62,843.3299999999999,0,938,11,0,3
854,1995,Master,Together,30148.47,1,0,2013-07-18,26,115.42,21.78,194.78,9.4,10.21,35.99,2,2,1,8,4,0,0,0,0,0,0,3,11,0,31,387.58,1,530,13,0,1
855,1972,Master,Married,43103.81,0,0,2012-07-20,14,897.42,9.11,838.77,25.92,12.97,21.62,0,4,0,6,6,0,0,0,0,1,0,3,11,1,54,1805.81,0,893,10,1,0
856,1977,Graduation,Married,69747.12,0,0,2014-07-11,6,1502.71,47.6,860.35,13.9,78.79,70.5,1,3,5,5,1,0,0,0,0,0,0,3,11,1,49,2573.85,0,172,14,0,0
857,1992,Graduation,Married,23299.6,1,0,2012-03-14,56,147.19,13.39,138.91,21.67,4.41,42.01,0,3,2,7,9,0,0,0,0,0,0,3,11,0,34,367.58,1,1021,12,0,3
858,1945,Master,Together,33559.54,2,1,2012-04-05,41,252.9,22.14,213.57,44.86,17.25,15.17,2,3,2,4,7,0,0,0,1,1,0,3,11,1,81,565.89,3,999,11,2,2
859,1997,PhD,Together,21456.51,0,0,2012-06-21,8,152.07,13.22,142.94,10.94,9.09,22.55,4,4,1,2,2,0,0,0,0,1,0,3,11,0,29,350.81,0,922,11,1,1
860,1983,Graduation,Married,54983.6,0,0,2012-06-03,5,224.01,33.08,147.75,32.55,20.52,26.82,1,2,3,4,10,0,0,1,0,0,0,3,11,0,43,484.73,0,940,10,1,1
861,1984,PhD,Divorced,72416.41,0,0,2012-10-15,56,615.75,167.87,263.68,42.14,41.05,107.25,0,2,2,3,3,0,0,0,1,0,0,3,11,0,42,1237.74,0,806,7,1,0
862,1971,Master,Single,41218.23,2,2,2012-09-14,75,238.56,18.05,335.84,29.49,21.18,60.7,2,4,1,3,6,1,0,0,0,0,0,3,11,1,55,703.82,4,837,10,1,2
863,1984,Graduation,Together,29667.04,2,2,2012-06-22,29,94.69,23.86,110.12,18.61,17.9,19.25,2,7,2,11,8,0,0,0,0,0,0,3,11,0,42,284.43,4,921,22,0,2
864,1986,Graduation,Single,30016.47,0,1,2012-11-25,54,240.68,10.37,219.7,30.55,14.96,90.68,1,6,2,2,7,1,0,0,0,0,0,3,11,0,40,606.94,1,765,11,1,3
865,1960,Master,Married,39386.45,1,1,2014-01-28,83,73.93,29.02,74.88,52.98,23.2,61.39,3,4,2,3,11,0,0,0,0,0,0,3,11,0,66,315.4,2,336,12,0,2
866,1955,Graduation,Together,39326.39,0,0,2014-10-16,83,178.94,31.68,101.11,15.49,19.07,48.23,4,6,0,5,8,0,0,0,0,0,0,3,11,1,71,394.52,0,75,15,0,3
867,1993,Graduation,Together,63878.15,0,0,2012-06-09,53,621.24,36.45,672.79,34.06,19.72,75.73,1,7,3,7,4,0,1,0,0,0,0,3,11,1,33,1459.99,0,934,18,1,0
868,1960,Graduation,Single,33943.4,0,1,2012-07-04,26,541.31,42.37,377.25,37.43,15.6,49.15,2,2,3,5,8,0,0,0,0,0,0,3,11,0,66,1063.11,1,909,12,0,1
869,1950,Graduation,Single,52787.59,0,1,2012-05-22,83,396.75,14.24,162.74,14.44,15.77,23.31,4,0,2,0,7,0,0,0,0,0,0,3,11,0,76,627.25,1,952,6,0,3
870,1999,Master,Married,39254.13,0,0,2014-06-25,58,744.15,13.44,127.8,7.72,11.27,35.4,1,4,2,5,8,0,0,1,0,0,0,3,11,1,27,939.78,0,188,12,1,3
871,1976,PhD,Divorced,32928.61,0,0,2013-10-01,6,215.81,17.15,299.73,24.21,12.34,33.25,2,5,5,9,6,0,0,0,0,0,0,3,11,0,50,602.4900000000001,0,455,21,0,1
872,1975,Graduation,Married,38865.01,1,2,2012-01-27,39,280.49,30.23,116.56,33.6,16.59,24.53,1,3,1,4,4,0,0,0,0,0,0,3,11,0,51,502.0,3,1068,9,0,2
873,1974,Basic,Divorced,50747.38,0,1,2012-07-20,93,435.39,25.91,264.4,21.12,23.77,53.82,5,6,1,9,6,0,0,0,0,1,0,3,11,0,52,824.4100000000001,1,893,21,1,3
874,1958,Basic,Widow,63957.45,1,0,2014-11-10,71,581.68,63.43,237.02,29.01,50.82,107.46,4,5,5,4,2,0,0,0,0,0,0,3,11,0,68,1069.4199999999998,1,50,18,0,0
875,1959,Basic,Married,40103.17,0,1,2013-10-31,1,629.91,12.36,355.77,16.31,13.63,24.98,2,4,1,5,3,0,0,0,0,0,0,3,11,0,67,1052.96,1,425,12,0,1
876,1996,Graduation,Single,27403.47,0,0,2014-10-28,13,167.27,6.34,43.45,10.46,14.14,21.28,1,3,1,8,11,0,0,0,1,0,0,3,11,0,30,262.94000000000005,0,63,13,1,1
877,1957,Graduation,Married,66163.61,0,0,2013-04-16,9,301.53,36.5,171.53,64.39,32.56,32.45,3,2,4,5,7,0,0,0,0,0,0,3,11,0,69,638.96,0,623,14,0,1
878,1986,2n Cycle,Together,30968.7,0,0,2012-09-15,49,174.6,13.56,211.73,9.79,9.86,8.5,1,4,0,1,1,0,0,0,0,0,0,3,11,0,40,428.04,0,836,6,0,1
879,1980,Master,Together,49233.49,0,0,2012-02-24,17,456.74,31.27,151.89,26.95,23.6,63.04,0,4,2,3,11,0,0,0,0,0,0,3,11,0,46,753.49,0,1040,9,0,1
880,1988,Graduation,Together,43917.45,0,0,2014-06-29,17,293.67,19.81,199.24,16.38,36.75,34.7,2,4,2,8,9,1,0,0,0,0,0,3,11,0,38,600.5500000000001,0,184,16,1,1
881,1953,Graduation,Divorced,41629.82,0,1,2014-10-26,15,332.27,15.57,195.06,11.16,21.35,34.37,1,5,4,3,6,0,1,0,0,0,0,3,11,0,73,609.78,1,65,13,1,1
882,1954,Graduation,Single,36505.18,0,0,2013-07-07,51,139.59,16.0,95.25,39.5,19.18,16.2,2,4,1,6,9,0,0,0,0,0,0,3,11,0,72,325.72,0,541,13,0,3
883,1970,Basic,Together,56843.63,1,1,2014-12-09,68,295.24,26.52,242.25,26.71,17.07,40.81,5,6,4,1,5,0,0,0,0,0,0,3,11,0,56,648.6000000000001,2,21,16,0,2
884,1940,PhD,Single,10584.81,1,0,2012-04-21,51,93.93,4.04,22.1,7.61,15.82,16.4,2,6,0,2,4,1,1,0,0,0,0,3,11,0,86,159.90000000000003,1,983,10,2,1
885,1992,Graduation,Divorced,69883.73,0,0,2012-05-25,30,265.58,28.37,331.61,18.15,21.72,56.1,2,4,0,2,5,0,1,0,0,0,0,3,11,0,34,721.53,0,949,8,1,1
886,1993,Graduation,Married,30791.59,0,1,2012-08-17,83,218.96,11.08,102.66,12.66,5.19,25.14,0,2,2,8,4,0,0,0,0,0,0,3,11,0,33,375.69000000000005,1,865,12,0,3
888,1942,Master,Married,51124.05,1,2,2013-04-05,95,301.56,26.34,225.28,154.99,21.88,19.54,1,2,4,4,4,0,0,0,0,0,0,3,11,0,84,749.5899999999999,3,634,11,0,2
889,1955,Graduation,Single,73864.75,0,2,2014-03-17,41,652.9,131.17,528.44,14.49,28.24,86.23,2,4,4,3,4,0,0,0,0,0,0,3,11,1,71,1441.47,2,288,13,0,0
890,1962,Master,Married,48006.88,0,0,2012-08-13,80,268.42,24.24,219.74,27.31,15.87,18.14,4,4,2,3,6,0,0,0,0,0,0,3,11,0,64,573.72,0,869,13,0,3
891,1996,2n Cycle,Married,31836.11,0,0,2012-02-28,61,104.98,10.49,104.74,26.17,44.87,14.54,3,9,2,3,2,0,0,0,0,0,0,3,11,0,30,305.79,0,1036,17,0,3
892,1950,Graduation,Together,23344.06,2,1,2013-03-03,76,83.47,53.14,74.02,10.35,13.24,9.98,1,7,1,5,10,1,0,1,0,0,0,3,11,0,76,244.2,3,667,14,2,2
893,1951,PhD,Single,38579.59,0,2,2013-12-28,49,111.48,22.67,97.79,41.23,24.6,27.87,1,0,1,8,7,0,0,0,0,0,0,3,11,0,75,325.64000000000004,2,367,10,0,2
894,1949,Graduation,Together,20266.61,1,1,2014-07-20,76,80.73,16.83,34.89,7.73,10.24,13.16,3,6,2,3,2,0,0,0,0,0,0,3,11,0,77,163.57999999999998,2,163,14,0,2
895,1971,Master,Married,34496.24,0,1,2013-05-12,80,146.18,22.56,127.32,24.29,18.6,27.66,1,3,6,6,8,0,0,0,0,0,0,3,11,0,55,366.61000000000007,1,597,16,0,3
896,1955,PhD,Together,39456.25,2,1,2014-03-26,14,141.87,26.29,142.94,18.52,41.87,18.39,0,7,2,6,4,0,0,0,0,1,0,3,11,0,71,389.88,3,279,15,1,2
897,1947,PhD,Divorced,33658.93,1,0,2014-06-28,89,190.92,21.28,98.75,44.91,13.28,49.37,1,3,3,6,4,0,0,0,1,0,0,3,11,0,79,418.51,1,185,13,1,3
898,1977,Master,Together,45103.24,0,1,2012-03-07,43,308.17,10.68,128.54,19.3,8.63,59.69,1,4,1,7,2,0,0,0,0,0,0,3,11,0,49,535.01,1,1028,13,0,1
899,1951,Graduation,Married,40358.54,1,1,2012-08-17,91,270.82,23.07,130.26,20.98,31.15,29.18,3,4,3,4,5,0,0,0,0,0,0,3,11,0,75,505.46,2,865,14,0,2
900,1963,Basic,Together,38906.84,0,1,2014-09-09,41,482.04,8.06,234.43,44.05,24.03,23.43,1,3,1,7,9,0,0,0,0,0,0,3,11,0,63,816.0399999999998,1,112,12,0,1
901,1967,PhD,Married,16820.27,1,0,2012-11-28,44,40.93,6.95,29.16,5.83,8.23,9.53,2,4,1,4,5,1,0,0,0,0,0,3,11,0,59,100.63,1,762,11,1,1
902,1992,Graduation,Single,26426.38,1,0,2012-10-03,93,135.63,7.84,69.31,17.68,16.07,17.6,4,4,2,5,6,0,0,0,0,0,0,3,11,0,34,264.13,1,818,15,0,3
903,1947,Master,Single,57357.72,0,0,2013-12-21,34,118.88,32.59,91.5,12.34,21.05,19.87,5,1,3,5,4,0,0,0,0,0,0,3,11,0,79,296.23,0,374,14,0,1
904,1997,Master,Together,61187.76,1,0,2012-05-23,21,346.94,34.28,295.45,20.45,28.41,27.61,4,8,1,5,3,0,1,0,0,0,0,3,11,1,29,753.1400000000001,1,951,18,1,1
905,1967,Graduation,Married,21258.02,0,2,2013-11-21,73,250.19,13.01,163.9,17.16,9.01,28.58,1,4,4,9,7,0,1,0,0,0,0,3,11,0,59,481.85,2,404,18,1,2
906,1975,Basic,Single,32019.9,0,0,2012-02-26,74,69.09,17.44,120.48,11.34,10.3,30.79,1,9,4,4,11,0,1,0,0,0,0,3,11,0,51,259.44,0,1038,18,1,3
907,1965,Basic,Together,68103.65,0,0,2012-11-03,37,263.86,21.7,166.02,31.53,63.74,145.69,5,1,3,4,4,0,0,1,0,0,0,3,11,0,61,692.54,0,787,13,1,1
908,1947,Graduation,Single,33282.42,1,0,2012-06-22,96,100.41,13.05,135.85,28.72,6.54,22.32,2,5,2,4,7,0,0,0,0,0,0,3,11,1,79,306.89,1,921,13,0,3
909,1997,2n Cycle,Together,42421.21,0,1,2014-01-19,69,349.1,33.79,181.16,19.24,80.19,27.4,2,6,0,6,6,0,1,0,0,0,0,3,11,0,29,690.88,1,345,14,1,3
910,1999,Graduation,Single,78962.01,0,0,2014-09-30,63,284.56,68.71,390.22,83.05,61.29,49.6,1,3,2,4,4,0,0,0,0,0,0,3,11,0,27,937.43,0,91,10,0,0
911,1989,Graduation,Together,38382.97,1,0,2013-11-08,6,225.07,8.84,277.28,28.04,6.06,25.43,1,6,3,7,5,0,0,0,0,0,0,3,11,0,37,570.7199999999998,1,417,17,0,1
912,1967,Graduation,Together,36247.01,0,0,2013-07-13,43,227.33,6.63,142.0,30.22,14.53,19.57,1,3,3,4,6,0,0,0,0,0,0,3,11,0,59,440.28,0,535,11,0,1
913,1967,Basic,Divorced,41655.36,0,0,2012-12-14,75,99.15,12.35,78.34,56.3,17.26,39.33,3,7,0,6,4,0,0,1,0,0,0,3,11,1,59,302.73,0,746,16,1,3
914,1976,Master,Together,93093.94,0,0,2014-12-26,6,741.7,79.92,717.9,72.4,54.0,76.02,1,4,1,4,9,0,0,0,1,0,0,3,11,1,50,1741.94,0,4,10,1,0
915,1980,Graduation,Together,53022.98,0,0,2012-11-25,65,384.58,50.4,217.1,85.69,13.43,31.33,2,2,2,8,6,0,0,0,0,1,0,3,11,0,46,782.53,0,765,14,1,3
916,1975,Graduation,Married,44695.7,0,2,2012-07-12,59,212.56,11.77,110.1,49.57,20.89,75.98,1,2,1,0,5,0,1,0,0,0,0,3,11,0,51,480.87,2,901,4,1,2
917,1966,PhD,Together,35963.36,0,0,2012-09-22,0,186.33,19.83,221.16,16.86,15.33,90.05,0,5,0,6,4,0,0,0,1,0,0,3,11,0,60,549.5600000000001,0,829,11,1,1
918,1993,Graduation,Together,55024.11,2,0,2012-06-16,61,300.12,75.84,113.08,76.74,16.21,88.91,3,4,2,8,5,0,0,0,0,0,0,3,11,0,33,670.9,2,927,17,0,2
919,1956,Basic,Married,57750.07,1,1,2012-05-24,86,525.85,33.97,545.17,43.43,15.65,64.77,2,4,3,5,8,0,0,0,1,0,0,3,11,0,70,1228.84,2,950,14,1,2
920,1948,Master,Married,28874.92,0,0,2012-07-04,88,159.27,31.07,133.32,14.63,22.98,36.59,2,3,7,7,2,0,0,0,1,0,0,3,11,0,78,397.86,0,909,19,1,3
921,1972,PhD,Together,58375.48,0,1,2014-06-04,17,374.38,48.73,220.15,44.28,9.67,142.68,1,5,2,7,6,0,0,0,0,0,0,3,11,0,54,839.8899999999999,1,209,15,0,1
922,1992,2n Cycle,Single,41753.52,0,0,2014-05-14,6,421.39,11.09,528.42,52.24,25.5,52.87,0,4,2,3,6,0,0,0,0,0,0,3,11,0,34,1091.5099999999998,0,230,9,0,1
924,1952,2n Cycle,Married,31141.12,0,1,2014-10-03,66,250.26,14.58,115.2,59.66,12.52,31.62,3,7,2,5,4,0,0,0,0,0,0,3,11,0,74,483.8399999999999,1,88,17,0,3
925,1967,Master,Single,37797.84,0,2,2014-02-24,92,221.59,18.45,112.94,46.57,17.88,44.16,0,4,2,8,5,0,0,0,0,1,0,3,11,0,59,461.59,2,309,14,1,2
926,1987,PhD,Married,29376.29,1,0,2013-04-01,9,137.97,23.34,122.07,25.81,27.07,12.98,2,4,3,7,6,0,0,0,0,0,0,3,11,0,39,349.24,1,638,16,0,1
927,1968,Graduation,Together,28816.77,0,0,2012-12-10,60,101.75,16.88,146.47,9.99,8.66,19.49,1,2,1,1,6,1,0,0,0,0,0,3,11,0,58,303.24000000000007,0,750,5,1,3
928,1952,Basic,Married,51577.26,0,0,2014-01-04,58,953.84,4.06,390.68,29.72,16.48,80.09,2,6,2,2,3,0,0,0,0,0,0,3,11,0,74,1474.87,0,360,12,0,0
929,1985,Graduation,Married,38482.29,1,2,2013-07-07,58,178.0,8.03,204.43,25.79,13.11,10.34,2,3,1,6,5,0,0,0,0,0,0,3,11,0,41,439.7000000000001,3,541,12,0,2
930,1974,Graduation,Married,26374.29,1,2,2014-10-17,68,176.79,3.26,255.18,25.72,24.33,9.99,3,2,3,3,6,0,0,0,0,0,0,3,11,0,52,495.27,3,74,11,0,2
931,1945,Graduation,Together,105960.44,0,0,2014-02-26,62,515.93,53.98,994.25,99.7,105.5,76.48,0,2,1,11,6,0,0,0,0,0,0,3,11,1,81,1845.84,0,307,14,0,0
932,1957,PhD,Married,28286.44,1,0,2014-07-24,97,298.28,14.98,120.19,20.1,5.61,28.06,2,0,1,8,6,0,0,0,0,0,0,3,11,0,69,487.22,1,159,11,0,3
933,1990,PhD,Together,68654.45,0,0,2013-12-05,7,731.49,37.31,1048.99,47.37,57.57,24.39,1,3,2,3,4,0,0,0,0,0,0,3,11,1,36,1947.12,0,390,9,0,0
934,1944,Master,Together,24573.27,1,0,2012-09-03,77,102.23,6.34,41.68,24.3,18.42,18.27,3,5,4,6,6,0,0,0,0,0,0,3,11,0,82,211.24000000000004,1,848,18,0,3
935,1986,Basic,Together,53241.9,0,0,2014-03-22,54,550.2,36.58,182.65,20.42,62.01,85.37,2,2,2,6,3,0,1,0,0,1,0,3,11,1,40,937.23,0,283,12,2,3
936,1964,Graduation,Together,40125.84,1,0,2014-11-12,5,224.52,28.28,182.44,71.24,23.18,33.55,2,7,4,10,3,0,0,0,0,0,0,3,11,0,62,563.2099999999999,1,48,23,0,1
937,1941,Master,Single,34488.37,2,1,2014-08-10,0,294.18,7.45,261.26,6.48,15.4,48.62,3,2,4,7,2,0,0,0,0,0,0,3,11,0,85,633.39,3,142,16,0,2
938,1949,Graduation,Married,47987.55,2,2,2014-03-25,55,235.76,9.13,236.57,73.77,43.74,26.99,1,8,3,8,5,0,0,0,0,1,0,3,11,0,77,625.96,4,280,20,1,2
939,1995,Basic,Together,45474.36,2,2,2012-05-23,96,95.02,20.85,45.09,28.41,31.71,22.44,1,5,3,3,6,0,0,0,0,0,0,3,11,0,31,243.52,4,951,12,0,2
940,1969,Master,Married,32048.76,0,0,2013-12-30,74,428.27,43.06,220.16,37.54,56.51,42.8,3,5,1,4,8,0,0,0,0,0,0,3,11,0,57,828.3399999999999,0,365,13,0,3
941,1989,PhD,Married,31473.6,0,1,2014-05-12,87,412.82,40.01,118.81,25.13,25.65,31.52,2,1,0,1,7,0,0,0,0,0,0,3,11,0,37,653.9399999999999,1,232,4,0,3
942,1998,Master,Together,23633.83,0,1,2013-04-09,9,88.99,15.19,78.85,18.67,11.88,9.31,1,2,1,4,6,0,0,0,0,0,0,3,11,0,28,222.89,1,630,8,0,1
943,1984,Graduation,Together,50122.52,1,0,2013-01-09,22,237.64,14.83,178.03,44.87,11.36,24.87,2,2,4,6,5,0,0,0,0,0,0,3,11,0,42,511.6,1,720,14,0,1
944,1944,Graduation,Divorced,26862.27,1,1,2013-11-07,15,129.7,20.97,56.57,28.02,8.69,55.11,2,3,1,3,5,0,0,0,0,0,0,3,11,0,82,299.06,2,418,9,0,1
945,1994,Master,Together,44426.44,0,0,2013-11-22,15,218.36,15.53,422.39,23.41,8.61,20.47,3,3,2,4,10,0,1,0,0,0,0,3,11,0,32,708.77,0,403,12,1,1
946,1995,Graduation,Divorced,56217.94,2,0,2013-09-20,55,433.6,16.26,369.1,67.14,22.66,79.02,1,4,1,6,4,0,0,0,0,0,0,3,11,1,31,987.78,2,466,12,0,2
947,1972,Graduation,Married,48205.19,1,0,2013-07-09,94,278.52,6.11,256.85,16.14,38.53,29.03,3,6,4,5,2,1,0,0,1,0,0,3,11,0,54,625.18,1,539,18,2,3
948,1993,Graduation,Married,33214.69,2,0,2014-05-12,5,158.07,16.19,243.06,21.25,15.2,26.6,0,3,3,4,5,0,1,0,0,0,0,3,11,0,33,480.37,2,232,10,1,1
949,1940,Master,Married,63801.05,1,1,2012-03-14,29,218.87,20.05,189.56,67.63,54.0,61.09,2,4,4,3,6,0,0,0,1,0,0,3,11,1,86,611.2,2,1021,13,1,2
950,1957,Graduation,Married,37677.24,0,0,2013-03-13,62,509.76,18.3,151.04,43.94,21.15,8.57,6,4,6,9,8,0,1,0,0,1,0,3,11,1,69,752.76,0,657,25,2,3
951,1971,Graduation,Together,26012.58,0,0,2014-05-30,0,97.84,3.0,40.45,22.02,9.36,8.68,1,6,1,9,6,0,0,0,0,0,0,3,11,0,55,181.35,0,214,17,0,1
952,1986,Master,Single,39597.01,0,0,2012-08-13,50,376.06,20.1,240.67,20.07,19.14,33.46,1,5,2,8,4,0,0,0,0,0,0,3,11,0,40,709.5000000000001,0,869,16,0,3
953,1988,Master,Married,56090.34,0,1,2012-11-03,88,135.12,5.98,62.54,61.66,34.14,29.14,1,3,3,2,4,0,0,0,0,0,0,3,11,0,38,328.5799999999999,1,787,9,0,3
954,1950,Graduation,Divorced,33868.28,1,0,2014-08-23,45,324.82,29.83,148.74,14.55,16.88,49.42,2,5,0,6,8,0,0,0,0,0,0,3,11,0,76,584.2399999999999,1,129,13,0,1
955,1960,Graduation,Single,63024.13,1,1,2012-12-13,20,509.15,39.52,138.1,115.71,31.63,19.29,3,1,3,4,7,0,1,0,0,0,0,3,11,1,66,853.4,2,747,11,1,2
956,1965,Graduation,Married,32593.55,1,1,2013-04-20,98,160.06,12.64,177.96,19.89,9.42,36.71,0,3,2,6,2,0,0,0,0,1,0,3,11,0,61,416.68,2,619,11,1,2
957,1964,Graduation,Married,34417.3,1,0,2013-06-08,37,403.26,22.12,297.29,8.77,12.17,12.09,2,5,4,3,6,0,0,0,1,0,0,3,11,0,62,755.7,1,570,14,1,1
958,1961,Graduation,Married,29189.62,0,0,2013-06-07,68,267.07,7.44,229.45,9.15,51.89,18.96,2,6,4,4,8,0,0,0,0,0,0,3,11,0,65,583.96,0,571,16,0,3
959,1998,Master,Married,58307.37,0,1,2013-07-15,62,122.69,27.92,181.11,38.42,55.87,24.7,2,9,2,8,4,1,0,0,0,0,0,3,11,0,28,450.71,1,533,21,1,3
960,1966,Master,Married,43421.2,0,0,2013-07-22,49,291.2,32.07,349.24,30.31,8.22,109.1,3,7,2,6,3,0,0,0,0,1,0,3,11,0,60,820.14,0,526,18,1,3
961,1988,PhD,Together,29974.29,0,0,2012-04-15,11,621.58,2.15,333.08,62.73,3.32,10.77,2,4,1,4,7,1,0,0,0,0,0,3,11,0,38,1033.63,0,989,11,1,1
962,1952,Graduation,Married,37854.91,0,1,2012-07-09,68,276.8,13.27,431.71,13.03,18.17,28.23,3,7,0,3,6,0,0,0,0,0,0,3,11,0,74,781.2099999999999,1,904,13,0,3
963,1972,Master,Married,12984.86,0,0,2013-11-30,72,58.11,5.87,42.94,8.54,10.18,3.7,2,3,0,7,3,0,0,0,0,1,0,3,11,0,54,129.33999999999995,0,395,12,1,3
964,1973,Graduation,Widow,60547.83,0,0,2014-04-10,43,347.12,24.68,348.52,20.58,20.32,126.85,3,4,0,3,5,0,0,0,0,0,0,3,11,0,53,888.07,0,264,10,0,1
965,1980,2n Cycle,Single,41427.55,0,0,2012-03-12,51,509.19,45.53,126.79,19.79,35.06,42.29,2,3,0,7,6,0,0,1,0,0,0,3,11,0,46,778.6499999999999,0,1023,12,1,3
966,1974,PhD,Divorced,16941.22,1,0,2014-01-24,8,46.95,3.96,76.74,29.87,8.05,14.76,2,1,1,4,4,0,0,0,0,0,0,3,11,0,52,180.33,1,340,8,0,1
967,1940,Graduation,Married,24768.49,0,1,2013-04-01,98,323.92,7.82,227.93,8.04,10.3,48.14,4,3,2,9,4,0,0,0,1,0,0,3,11,0,86,626.15,1,638,18,1,3
968,1960,Master,Together,37472.49,0,1,2014-06-23,64,325.22,5.44,345.49,34.21,27.05,32.85,2,4,3,6,3,0,0,0,0,0,0,3,11,0,66,770.2600000000001,1,190,15,0,3
969,1987,Graduation,Together,26221.41,0,1,2013-04-23,9,76.06,29.75,67.83,21.31,8.74,24.0,0,2,0,4,7,0,0,0,0,0,0,3,11,0,39,227.69,1,616,6,0,1
970,1994,Master,Married,60921.4,2,1,2012-02-21,45,379.97,24.1,172.15,38.54,23.52,52.9,2,4,2,2,5,1,0,1,0,0,0,3,11,1,32,691.18,3,1043,10,2,2
971,1945,Graduation,Married,52440.22,0,0,2014-09-30,99,173.49,18.48,209.3,45.97,35.95,59.01,3,4,3,2,5,0,0,1,0,0,0,3,11,0,81,542.2,0,91,12,1,3
972,1967,Graduation,Single,51216.36,0,0,2013-07-27,57,146.51,22.76,68.66,16.39,23.05,30.58,2,1,3,5,5,0,1,0,0,0,0,3,11,0,59,307.95,0,521,11,1,3
973,1956,Basic,Single,15650.55,1,0,2014-06-11,36,57.07,10.51,34.68,27.14,22.56,11.04,2,6,4,6,5,1,1,1,0,1,0,3,11,1,70,162.99999999999997,1,202,18,4,1
974,1944,Graduation,Together,35947.57,1,0,2012-09-11,51,85.6,20.3,99.66,73.24,24.99,46.9,1,4,3,5,1,0,0,0,0,0,0,3,11,0,82,350.69,1,840,13,0,3
975,1970,Master,Together,33555.41,2,2,2013-11-15,98,253.83,75.35,307.93,22.16,22.44,31.8,4,5,2,7,4,0,0,0,0,0,0,3,11,0,56,713.51,4,410,18,0,2
976,1944,Graduation,Together,30284.1,0,1,2012-02-26,80,120.32,18.23,120.91,83.2,13.48,22.69,1,3,2,8,6,1,0,0,0,0,0,3,11,0,82,378.83,1,1038,14,1,3
977,1977,PhD,Married,37568.83,0,0,2014-08-07,12,103.96,13.03,115.33,18.98,29.12,13.01,1,1,2,3,9,1,0,0,0,0,0,3,11,0,49,293.42999999999995,0,145,7,1,1
978,1942,Master,Married,28268.54,0,0,2014-12-26,5,111.29,9.26,102.74,23.07,10.68,55.73,0,7,4,5,5,0,0,0,0,0,0,3,11,1,84,312.77000000000004,0,4,16,0,1
979,1992,PhD,Married,48343.56,1,0,2014-12-05,57,905.03,17.51,195.72,73.27,26.26,26.08,1,5,0,6,2,0,0,0,0,0,0,3,11,0,34,1243.87,1,25,12,0,0
980,1962,Graduation,Married,60271.86,0,0,2013-08-28,47,248.53,11.22,320.71,29.38,15.95,87.45,0,4,2,9,7,0,0,1,0,0,0,3,11,1,64,713.2400000000001,0,489,15,1,3
981,1976,Graduation,Divorced,58229.86,0,0,2013-01-03,31,706.05,27.35,423.1,16.32,49.81,51.92,3,2,2,2,6,0,1,0,0,0,0,3,11,1,50,1274.55,0,726,9,1,0
982,1992,Graduation,Together,41975.25,0,0,2012-08-19,10,197.01,30.8,122.53,10.24,22.91,15.5,6,4,2,4,2,1,0,0,0,0,0,3,11,1,34,398.99000000000007,0,863,16,1,1
983,1976,Graduation,Single,98685.75,0,1,2014-06-26,80,1251.92,31.32,638.58,218.14,148.66,167.87,0,3,2,4,4,0,0,0,0,0,0,3,11,1,50,2456.49,1,187,9,0,0
984,1949,Master,Married,69981.77,0,1,2014-11-12,4,656.68,19.77,309.32,32.71,134.81,65.42,2,5,1,9,3,0,0,0,0,0,0,3,11,1,77,1218.71,1,48,17,0,0
985,1949,Basic,Together,42590.08,1,0,2013-07-27,5,271.5,48.49,154.74,24.46,30.87,76.15,2,4,2,7,7,0,1,0,0,0,0,3,11,0,77,606.2099999999999,1,521,15,1,1
986,1958,Basic,Married,36573.94,1,0,2014-04-20,73,202.5,7.13,144.98,12.04,17.47,26.3,6,3,1,9,6,0,0,0,0,0,0,3,11,0,68,410.42,1,254,19,0,3
987,1956,Master,Married,75751.3,0,0,2012-04-27,96,193.2,10.04,142.1,85.9,19.69,92.73,4,3,0,8,5,0,0,0,0,0,0,3,11,0,70,543.66,0,977,15,0,3
988,1960,Master,Married,66372.11,0,1,2014-12-14,93,467.43,15.24,280.14,26.66,52.37,18.5,0,5,2,6,2,0,0,0,0,0,0,3,11,0,66,860.3399999999999,1,16,13,0,3
989,1953,Master,Single,25231.01,1,1,2012-09-24,20,241.89,4.59,160.57,12.06,13.12,15.0,2,3,0,5,4,0,0,0,0,0,0,3,11,0,73,447.23,2,827,10,0,1
990,1948,Graduation,Single,68482.16,0,2,2012-04-22,41,546.87,39.59,415.2,52.62,43.36,25.6,0,2,3,10,1,0,0,0,0,0,0,3,11,0,78,1123.2399999999998,2,982,15,0,0
991,1985,Basic,Together,41699.76,0,0,2012-06-14,80,265.11,15.4,128.14,14.14,53.98,26.72,3,5,2,5,4,0,0,0,0,0,0,3,11,0,41,503.49,0,929,15,0,3
992,1940,Master,Together,31433.69,0,1,2013-10-29,26,691.4,12.63,643.08,18.13,8.79,33.48,2,6,3,2,9,0,0,0,0,0,0,3,11,1,86,1407.5100000000002,1,427,13,0,1
993,1990,PhD,Divorced,20096.84,1,0,2014-10-28,2,94.36,18.4,77.12,29.92,5.29,11.22,2,4,1,3,5,0,0,0,0,1,0,3,11,0,36,236.31,1,63,10,1,1
995,1952,Graduation,Married,44139.44,1,0,2013-03-06,92,609.4,32.22,479.4,30.64,33.13,21.18,3,5,2,4,4,0,0,0,0,0,0,3,11,0,74,1205.9700000000005,1,664,14,0,3
996,1943,Graduation,Married,83694.71,0,0,2014-06-11,65,806.61,95.03,545.4,61.12,53.54,114.23,5,3,1,6,4,0,0,0,0,0,0,3,11,1,83,1675.9299999999998,0,202,15,0,0
997,1940,Basic,Single,65048.83,0,1,2014-12-09,92,561.32,22.69,306.03,33.06,17.43,114.53,3,3,2,7,5,0,0,1,0,0,0,3,11,0,86,1055.0600000000002,1,21,15,1,3
998,1988,PhD,Widow,35131.21,1,0,2012-04-16,48,148.52,25.07,76.39,74.7,25.36,51.78,4,3,3,5,4,0,0,1,0,0,0,3,11,0,38,401.8200000000001,1,988,15,1,3
999,1979,Graduation,Married,51830.65,0,0,2014-10-29,99,679.14,20.56,215.04,20.44,11.56,33.83,2,4,0,4,7,0,0,0,1,0,0,3,11,0,47,980.57,0,62,10,1,3
1000,1971,2n Cycle,Divorced,61728.42,2,0,2014-01-14,33,791.54,49.28,1123.28,44.97,17.12,13.84,2,2,1,6,6,0,0,0,0,0,0,3,11,0,55,2040.03,2,350,11,0,0
1001,1973,Graduation,Single,45907.46,2,0,2013-11-30,36,319.6,8.2,136.59,31.57,19.64,52.24,2,6,3,2,7,0,0,0,1,0,0,3,11,0,53,567.84,2,395,13,1,2
1002,1967,Graduation,Married,35071.3,0,0,2012-11-18,41,83.44,5.99,78.27,41.24,11.54,26.1,2,3,4,9,7,0,0,0,0,0,0,3,11,0,59,246.58,0,772,18,0,3
1003,1970,Graduation,Together,35851.15,2,0,2012-11-04,64,68.77,13.0,48.53,44.61,28.04,15.99,1,4,1,8,6,0,0,0,0,0,0,3,11,0,56,218.94000000000003,2,786,14,0,2
1004,1947,Master,Together,51750.49,0,0,2014-04-29,59,482.67,13.92,300.7,32.59,28.18,29.74,2,3,1,4,9,0,0,0,1,0,0,3,11,1,79,887.8,0,245,10,1,3
1005,1978,Basic,Widow,52323.05,1,0,2013-09-13,89,290.99,17.6,94.13,39.99,69.2,99.28,4,4,3,3,2,0,0,0,0,0,0,3,11,0,48,611.19,1,473,14,0,3
1006,1965,Graduation,Married,39451.14,0,2,2014-09-21,0,410.77,15.86,175.65,30.84,15.6,16.0,2,5,4,6,3,0,0,0,0,0,0,3,11,0,61,664.72,2,100,17,0,1
1007,1997,Basic,Single,15558.14,0,0,2012-05-24,58,85.92,10.99,28.27,2.55,6.63,16.53,0,5,3,5,3,0,0,1,1,0,0,3,11,0,29,150.89,0,950,13,2,3
1008,1973,Graduation,Married,26470.63,1,0,2014-01-09,3,131.39,9.5,82.7,6.55,25.09,24.21,0,3,2,6,0,0,0,0,0,0,0,3,11,0,53,279.44,1,355,11,0,1
1009,1993,Basic,Single,56833.18,1,0,2014-03-31,13,234.51,15.9,146.35,25.38,24.68,36.8,2,1,2,3,2,0,0,1,0,1,0,3,11,1,33,483.62,1,274,8,2,1
1010,1993,Master,Together,18914.13,0,1,2013-02-15,17,75.6,7.02,47.21,8.67,21.25,22.34,1,1,2,7,5,0,0,0,0,0,0,3,11,0,33,182.09,1,683,11,0,1
1011,1942,Master,Together,71230.22,1,1,2012-04-23,33,919.12,20.59,586.76,22.27,45.18,152.19,0,3,3,8,7,1,0,0,0,0,0,3,11,1,84,1746.11,2,981,14,1,0
1012,1998,Graduation,Single,67135.14,0,0,2013-07-28,0,782.09,17.58,356.65,67.57,7.5,45.1,2,3,3,6,8,0,0,0,0,0,0,3,11,1,28,1276.49,0,520,14,0,0
1013,1989,2n Cycle,Single,45091.03,0,1,2013-02-02,52,127.74,7.85,139.87,28.98,41.91,31.27,2,3,1,2,2,0,1,0,0,1,1,3,11,0,37,377.62,1,696,8,2,1
1014,1951,Master,Divorced,56340.7,0,1,2012-05-03,21,299.19,26.93,186.12,31.8,44.67,65.66,2,5,0,6,6,0,0,0,0,0,0,3,11,1,75,654.3699999999999,1,971,13,0,1
1015,1940,Graduation,Married,54803.53,0,1,2012-03-26,79,529.5,17.86,430.4,16.56,44.47,76.29,5,9,2,9,5,0,0,0,0,0,0,3,11,1,86,1115.08,1,1009,25,0,3
1016,1993,Master,Single,42329.98,0,1,2012-02-16,60,320.36,34.66,207.21,26.46,6.17,31.46,3,2,5,5,10,0,0,0,0,0,0,3,11,0,33,626.32,1,1048,15,0,3
1017,1983,Graduation,Married,25602.48,0,1,2014-08-01,21,326.53,4.93,245.73,3.4,7.89,17.1,1,3,2,8,3,0,0,0,0,0,0,3,11,0,43,605.5799999999999,1,151,14,0,1
1018,1944,Basic,Together,65310.57,0,1,2014-03-14,49,202.04,21.63,189.45,38.02,21.03,13.85,2,6,0,7,4,0,0,0,0,0,0,3,11,0,82,486.02,1,291,15,0,3
1019,1969,Graduation,Together,77877.47,0,1,2013-01-23,15,375.19,105.97,482.17,51.92,21.56,39.18,1,4,1,1,3,0,0,0,0,0,0,3,11,0,57,1075.99,1,706,7,0,0
1020,1969,Master,Together,27352.52,0,0,2013-07-29,27,84.65,7.14,41.12,20.3,35.67,11.08,1,5,2,3,10,0,0,0,0,0,0,3,11,0,57,199.96,0,519,11,0,1
1021,1998,PhD,Together,25222.66,2,1,2013-09-23,91,165.35,10.03,123.25,6.33,11.48,30.52,2,3,1,7,3,0,0,0,0,0,0,3,11,0,28,346.96,3,463,13,0,2
1022,1996,Graduation,Widow,41993.97,0,1,2013-12-14,85,333.95,9.28,171.96,30.85,18.84,29.11,1,5,1,2,9,0,0,0,0,0,0,3,11,0,30,593.99,1,381,9,0,3
1023,1956,Graduation,Married,34527.46,2,0,2014-12-05,69,254.77,7.05,80.09,11.87,22.05,23.38,3,1,1,4,8,0,0,0,1,0,0,3,11,0,70,399.21,2,25,9,1,2
1024,1987,Graduation,Single,47003.61,1,2,2013-09-13,88,965.67,54.54,1056.82,18.53,30.33,37.51,1,5,3,4,3,0,0,0,0,0,0,3,11,0,39,2163.4,3,473,13,0,0
1025,1986,Graduation,Together,71911.94,1,0,2012-02-15,41,932.17,36.54,811.25,71.02,4.46,34.23,1,4,2,3,7,0,0,0,0,0,0,3,11,1,40,1889.67,1,1049,10,0,0
1026,1962,Graduation,Married,18065.0,1,0,2013-12-24,65,184.37,8.97,167.21,38.83,5.62,36.81,2,3,2,6,7,0,0,0,0,0,0,3,11,0,64,441.81,1,371,13,0,3
1027,1954,PhD,Married,83492.22,1,1,2013-06-23,70,318.5,13.84,194.28,55.27,16.4,145.99,4,2,0,4,1,0,0,0,0,0,0,3,11,0,72,744.28,2,555,10,0,0
1028,1976,Graduation,Divorced,37696.88,0,0,2012-03-27,80,325.11,21.44,205.48,14.82,21.98,79.86,1,2,2,5,6,0,1,0,0,0,0,3,11,0,50,668.69,0,1008,10,1,3
1029,1960,Graduation,Divorced,54432.22,0,0,2014-03-13,34,581.89,49.98,239.65,39.13,20.99,65.82,3,3,5,4,5,0,0,0,0,0,0,3,11,1,66,997.46,0,292,15,0,1
1030,1953,Master,Divorced,56811.29,1,0,2012-09-21,19,259.61,51.92,145.2,64.06,26.29,44.79,2,8,1,2,3,0,0,0,0,0,0,3,11,0,73,591.8699999999999,1,830,13,0,1
1031,1941,Graduation,Widow,59524.09,1,0,2014-11-11,1,297.16,40.76,422.3,55.46,7.84,125.85,2,4,2,3,5,0,0,0,0,0,0,3,11,0,85,949.37,1,49,11,0,1
1032,1950,Basic,Married,45467.96,1,0,2013-12-03,6,278.08,10.59,251.77,151.35,17.31,24.25,4,4,5,4,4,1,0,0,0,0,0,3,11,0,76,733.3499999999999,1,392,17,1,1
1033,1990,Basic,Married,49922.36,0,0,2012-08-19,95,152.9,27.62,170.79,20.86,44.69,23.75,4,5,7,3,6,0,1,0,0,1,0,3,11,0,36,440.61,0,863,19,2,3
1034,1978,Master,Single,49791.96,1,0,2012-07-04,48,418.53,34.08,352.79,37.19,53.18,27.85,2,4,0,1,3,0,0,0,0,0,0,3,11,0,48,923.62,1,909,7,0,1
1035,1977,PhD,Together,34471.46,0,2,2012-11-21,82,98.11,5.39,106.37,56.05,24.33,37.85,0,4,0,6,6,0,0,0,1,0,0,3,11,0,49,328.1,2,769,10,1,2
1036,1999,Basic,Together,21955.61,0,2,2013-01-31,75,106.79,5.14,43.23,34.38,4.52,11.15,2,7,5,4,6,0,0,1,0,0,0,3,11,0,27,205.21,2,698,18,1,2
1037,1973,Graduation,Married,27236.84,0,0,2014-12-24,8,134.07,21.28,113.9,5.43,26.59,19.91,2,4,1,6,1,0,0,0,0,0,0,3,11,0,53,321.18,0,6,13,0,1
1038,1977,Graduation,Together,42544.45,1,1,2014-08-13,26,407.9,33.0,225.34,27.26,30.12,13.06,2,6,3,5,6,0,0,1,0,0,0,3,11,0,49,736.68,2,139,16,1,1
1039,1989,Graduation,Together,32379.39,1,0,2013-07-08,77,115.76,5.86,149.45,50.65,13.84,34.68,1,1,1,5,2,0,0,0,0,0,0,3,11,0,37,370.24,1,540,8,0,3
1040,1973,Master,Married,32409.33,0,0,2014-01-02,1,240.84,23.94,88.88,117.87,4.41,10.47,0,1,3,9,6,0,0,0,0,0,0,3,11,0,53,486.4100000000001,0,362,13,0,1
1041,1957,Graduation,Together,91098.85,1,0,2014-11-06,84,364.65,44.23,335.72,89.21,74.02,41.78,1,2,4,6,4,0,0,0,0,0,0,3,11,0,69,949.61,1,54,13,0,0
1042,1969,PhD,Together,62539.77,0,2,2014-03-07,67,200.49,45.82,235.1,32.19,20.1,104.16,2,5,3,6,4,0,0,0,0,0,0,3,11,0,57,637.8599999999999,2,298,16,0,2
1043,1954,2n Cycle,Together,40101.52,0,2,2013-01-25,59,453.06,12.57,168.44,14.05,22.63,65.33,3,2,3,4,7,0,0,0,0,0,0,3,11,0,72,736.0799999999999,2,704,12,0,2
1044,1966,Basic,Married,58035.72,0,0,2012-02-13,84,387.86,39.19,119.13,141.04,27.73,58.29,2,5,3,6,7,0,0,0,0,0,0,3,11,0,60,773.24,0,1051,16,0,3
1045,1990,PhD,Single,37492.36,0,0,2014-06-19,85,220.57,28.52,130.58,37.27,43.27,35.5,0,3,2,5,4,0,0,0,0,0,0,3,11,0,36,495.71,0,194,10,0,3
1046,1973,Graduation,Married,46364.5,0,0,2013-04-26,48,317.9,17.22,161.68,17.89,19.72,27.05,1,6,1,10,6,0,0,1,0,0,0,3,11,1,53,561.46,0,613,18,1,3
1047,1991,Master,Married,52926.08,0,0,2013-07-19,1,351.61,24.53,216.5,30.08,24.05,26.71,3,5,6,12,10,0,0,0,0,0,0,3,11,0,35,673.48,0,529,26,0,1
1048,1996,PhD,Single,37532.32,1,1,2012-08-07,16,312.16,11.66,106.12,29.02,44.37,24.23,1,0,4,6,4,0,0,1,0,0,0,3,11,0,30,527.5600000000001,2,875,11,1,1
1049,1977,Graduation,Together,33721.8,1,0,2014-02-10,82,117.91,41.65,97.16,30.0,10.42,10.91,3,2,4,1,6,0,0,0,1,0,0,3,11,0,49,308.05000000000007,1,323,10,1,3
1050,1972,Graduation,Married,72371.85,0,1,2013-02-12,87,284.46,30.87,166.44,27.08,54.09,67.57,0,3,3,3,6,0,0,0,1,0,0,3,11,0,54,630.51,1,686,9,1,3
1051,1963,Basic,Single,56706.56,0,0,2013-04-15,19,241.17,14.95,334.25,25.18,23.08,46.85,3,4,1,3,6,0,1,0,0,0,0,3,11,0,63,685.48,0,624,11,1,1
1052,1954,Master,Together,18000.52,0,2,2014-12-20,75,225.96,5.37,103.94,4.29,4.52,8.25,1,7,2,3,8,0,0,0,0,0,0,3,11,0,72,352.33,2,10,13,0,2
1053,1999,Master,Single,33953.45,0,1,2012-06-14,88,148.83,16.8,132.39,40.67,15.58,69.83,3,2,4,8,7,0,0,0,0,0,0,3,11,0,27,424.1,1,929,17,0,3
1054,1969,Basic,Single,32451.14,0,0,2013-11-02,86,171.68,23.38,174.11,16.97,22.53,37.48,3,4,2,9,5,0,0,0,0,0,0,3,11,0,57,446.15,0,423,18,0,3
1055,1994,PhD,Together,34597.78,0,1,2012-04-20,97,121.78,7.12,106.83,29.38,35.74,42.05,2,3,2,3,5,0,0,0,0,0,0,3,11,0,32,342.90000000000003,1,984,10,0,3
1056,1981,PhD,Together,62627.57,2,1,2013-07-02,31,682.37,87.01,368.84,94.38,69.57,37.51,1,5,1,3,5,0,0,0,0,0,0,3,11,1,45,1339.6799999999998,3,546,10,0,2
1057,1990,Graduation,Married,44697.93,1,0,2014-10-23,50,575.4,24.66,303.22,32.74,17.17,35.84,1,1,2,3,4,0,0,0,0,0,0,3,11,0,36,989.03,1,68,7,0,1
1058,1956,Graduation,Married,25441.78,0,0,2014-11-02,87,124.72,15.43,53.27,15.26,6.45,29.75,2,5,3,3,5,0,0,0,1,0,0,3,11,0,70,244.88,0,58,13,1,3
1059,1944,Graduation,Together,38052.2,0,2,2012-12-09,41,132.77,16.46,182.29,27.44,14.41,33.46,2,4,3,3,6,0,0,0,0,1,0,3,11,0,82,406.83,2,751,12,1,2
1060,1968,Master,Together,55088.43,0,0,2012-11-27,62,787.77,25.55,503.77,36.73,12.43,115.58,4,6,0,9,6,0,0,0,1,0,0,3,11,1,58,1481.83,0,763,19,1,0
1061,1943,PhD,Together,40625.12,1,0,2012-09-20,88,91.32,17.04,100.66,55.08,16.35,28.85,1,4,2,3,2,1,1,0,0,1,0,3,11,0,83,309.3,1,831,10,3,3
1062,1949,Basic,Married,34273.56,0,0,2012-03-23,60,238.36,28.94,149.53,26.51,12.8,20.32,0,4,1,2,5,0,0,0,1,0,0,3,11,1,77,476.46,0,1012,7,1,3
1063,1995,Graduation,Married,50639.53,0,1,2014-02-15,61,331.02,23.11,244.35,23.45,35.93,59.45,3,4,2,7,10,0,0,0,0,0,0,3,11,0,31,717.3100000000001,1,318,16,0,3
1064,1956,PhD,Together,84734.4,1,1,2014-07-12,2,483.43,61.56,375.59,102.0,10.34,31.84,1,6,0,6,4,0,0,1,0,0,0,3,11,1,70,1064.7599999999998,2,171,13,1,0
1065,1949,PhD,Married,53346.84,0,2,2012-11-29,88,892.93,18.85,511.89,71.65,15.75,74.53,6,4,3,9,6,0,0,0,0,1,0,3,11,0,77,1585.6,2,761,22,1,0
1066,1956,PhD,Single,74635.88,0,0,2013-10-19,91,499.71,38.48,477.98,21.46,22.14,27.44,1,6,1,5,3,0,0,0,0,0,0,3,11,0,70,1087.21,0,437,13,0,0
1067,1999,Master,Married,35205.38,0,0,2013-03-29,75,254.66,9.97,392.75,56.69,32.91,41.44,2,5,1,3,4,0,0,0,0,1,0,3,11,0,27,788.4199999999998,0,641,11,1,3
1068,1959,Graduation,Together,44207.74,0,1,2013-11-03,25,347.27,42.06,110.07,35.32,10.39,24.04,6,5,6,6,7,0,0,0,0,0,0,3,11,0,67,569.15,1,422,23,0,1
1069,1963,PhD,Divorced,43852.16,0,1,2014-01-10,47,368.64,12.19,151.96,33.36,23.04,46.84,4,3,3,6,9,0,0,0,0,0,0,3,11,0,63,636.03,1,354,16,0,1
1070,1944,Graduation,Married,46512.28,0,0,2012-11-28,7,179.22,17.55,232.82,54.62,19.75,64.33,1,5,1,5,7,0,0,0,0,0,0,3,11,1,82,568.2900000000001,0,762,12,0,1
1071,1973,Graduation,Together,52902.6,0,0,2012-11-05,4,165.44,20.08,168.41,24.17,45.36,46.54,1,5,3,5,5,0,0,0,0,0,0,3,11,0,53,470.0,0,785,14,0,1
1072,1945,Graduation,Married,30712.11,0,0,2013-12-27,10,400.03,11.39,171.71,34.95,20.13,12.0,1,6,0,1,1,1,0,0,0,0,0,3,11,0,81,650.21,0,368,8,1,1
1073,1992,Master,Together,57465.1,1,1,2012-12-19,41,683.9,40.65,442.71,29.42,28.34,26.92,0,6,3,4,4,0,0,0,0,1,0,3,11,1,34,1251.94,2,741,13,1,0
1074,1941,2n Cycle,Together,23129.07,0,1,2014-04-03,98,251.99,8.77,133.75,6.13,7.6,11.99,1,3,1,7,5,0,0,0,0,0,0,3,11,0,85,420.23,1,271,12,0,3
1075,1952,PhD,Together,25995.98,0,1,2012-05-24,90,164.1,27.51,137.47,9.17,3.92,6.69,1,2,2,3,3,0,0,0,0,0,0,3,11,0,74,348.86,1,950,8,0,3
1076,1982,Master,Together,104219.07,1,2,2014-10-30,40,177.47,29.24,200.48,94.01,55.42,164.49,7,7,2,5,6,0,0,0,0,0,0,3,11,1,44,721.11,3,61,21,0,0
1077,1982,PhD,Divorced,36168.78,1,0,2014-12-03,18,216.25,18.36,127.06,13.17,22.8,31.0,0,2,5,8,8,0,0,0,0,0,0,3,11,0,44,428.64,1,27,15,0,1
1078,1987,PhD,Married,59385.64,1,2,2014-06-28,47,654.43,17.1,468.08,100.16,10.58,24.11,2,2,2,4,4,1,0,0,0,1,0,3,11,1,39,1274.4599999999998,3,185,10,2,2
1080,1990,Graduation,Divorced,17574.73,0,0,2013-05-09,54,189.92,7.98,65.77,25.11,9.38,9.26,2,9,2,4,3,0,0,0,0,0,0,3,11,0,36,307.42,0,600,17,0,3
1081,1986,Graduation,Together,69598.51,1,2,2013-10-03,60,573.57,29.08,675.5,48.15,39.11,64.91,3,2,2,3,4,0,0,0,0,0,0,3,11,1,40,1430.3200000000002,3,453,10,0,0
1082,1996,Graduation,Divorced,57502.14,1,0,2013-06-14,31,596.07,53.79,364.6,43.09,14.55,28.12,0,4,4,7,5,0,0,0,0,0,0,3,11,0,30,1100.2199999999998,1,564,15,0,0
1083,1962,Graduation,Together,85490.36,0,1,2013-05-27,45,690.27,26.47,365.63,26.81,27.78,20.44,0,6,5,7,6,0,0,0,0,0,0,3,11,1,64,1157.4,1,582,18,0,0
1084,1994,Graduation,Single,27650.27,2,1,2012-05-09,91,139.44,18.03,114.66,32.26,4.21,9.78,4,3,1,3,3,1,0,0,0,0,0,3,11,0,32,318.37999999999994,3,965,11,1,2
1085,1955,Graduation,Together,79261.03,0,1,2014-10-04,35,479.8,22.91,253.17,63.9,83.04,48.59,2,4,2,4,8,0,0,0,1,1,0,3,11,1,71,951.41,1,87,12,2,0
1086,1970,2n Cycle,Single,32999.06,2,1,2014-01-03,17,131.98,16.19,81.79,29.77,6.94,45.39,2,3,1,8,3,0,0,0,0,0,0,3,11,0,56,312.05999999999995,3,361,14,0,2
1087,1950,Graduation,Divorced,67637.05,1,0,2014-08-04,73,668.08,15.14,453.59,119.56,42.94,66.82,0,6,3,7,2,1,0,0,0,0,0,3,11,0,76,1366.13,1,148,16,1,0
1088,1993,Graduation,Together,43721.34,1,0,2014-09-28,95,89.57,13.47,61.01,19.51,19.63,38.16,2,3,1,7,7,0,0,0,0,0,0,3,11,0,33,241.35,1,93,13,0,3
1089,1955,Graduation,Married,60373.62,2,0,2013-04-08,17,656.29,26.35,472.44,35.93,60.01,14.5,4,2,1,3,5,0,1,0,0,0,0,3,11,1,71,1265.52,2,631,10,1,0
1090,1947,PhD,Married,45231.44,1,1,2012-05-20,11,243.41,61.61,160.33,35.32,12.89,77.77,1,7,3,7,1,0,0,1,0,0,0,3,11,0,79,591.33,2,954,18,1,1
1091,1943,Graduation,Married,21252.7,0,1,2014-05-31,71,122.72,10.35,93.31,7.78,10.11,19.5,5,3,0,6,5,0,0,0,0,0,1,3,11,0,83,263.77,1,213,14,0,3
1092,1979,Graduation,Married,12730.84,0,2,2013-03-31,96,100.88,15.75,67.87,7.3,2.11,9.51,3,1,1,6,5,0,0,0,0,0,0,3,11,0,47,203.42,2,639,11,0,2
1093,1943,PhD,Married,48241.08,0,0,2013-03-09,45,124.37,25.25,145.49,41.62,6.91,76.36,3,2,1,2,9,0,0,0,0,0,0,3,11,0,83,420.00000000000006,0,661,8,0,1
1094,1995,Graduation,Together,39914.94,0,1,2012-06-21,54,385.82,14.51,168.69,21.08,26.17,67.7,1,3,3,5,5,0,0,0,0,0,0,3,11,0,31,683.97,1,922,12,0,3
1095,1964,Graduation,Together,52015.05,1,2,2013-04-17,37,619.18,60.06,484.29,73.23,8.17,83.44,4,0,2,10,3,0,0,1,1,0,0,3,11,0,62,1328.37,3,622,16,2,2
1096,1942,Graduation,Together,40100.28,0,1,2014-10-16,77,344.17,23.9,264.11,10.4,16.03,27.74,1,3,1,7,8,1,0,0,0,0,0,3,11,1,84,686.35,1,75,12,1,3
1097,1971,Graduation,Together,99432.17,0,0,2014-07-05,1,1023.32,31.0,484.57,125.19,83.64,43.7,7,8,1,10,3,0,0,0,0,0,0,3,11,1,55,1791.4200000000003,0,178,26,0,0
1098,1942,Graduation,Married,48640.65,1,0,2013-03-14,8,203.17,29.58,95.6,46.43,34.91,70.65,3,4,2,0,6,0,0,0,0,0,0,3,11,0,84,480.34,1,656,9,0,1
1099,1966,Graduation,Married,37094.39,1,0,2014-10-12,4,199.79,14.27,99.53,16.93,11.42,13.12,1,5,0,8,9,0,0,0,1,0,0,3,11,1,60,355.06000000000006,1,79,14,1,1
1100,1968,Master,Married,50764.13,0,1,2014-12-16,97,281.86,7.06,148.01,18.71,8.97,131.03,1,3,4,5,3,0,0,0,0,0,0,3,11,0,58,595.64,1,14,13,0,3
1101,1971,PhD,Together,37366.51,0,1,2013-05-12,18,317.56,30.04,162.99,6.88,23.26,30.49,2,4,3,4,10,0,0,0,0,0,0,3,11,0,55,571.22,1,597,13,0,1
1102,1989,PhD,Married,46035.68,0,2,2012-06-17,70,295.4,40.72,291.19,18.34,47.23,19.55,0,2,1,5,4,0,0,0,0,0,0,3,11,0,37,712.43,2,926,8,0,2
1103,1997,Graduation,Married,27255.43,1,0,2014-09-15,38,237.09,37.65,85.84,32.79,8.4,10.44,1,1,1,6,4,0,0,0,0,1,0,3,11,0,29,412.21,1,106,9,1,1
1104,1990,Basic,Together,44203.79,0,0,2013-07-14,41,181.45,26.11,80.22,27.44,12.52,16.48,1,2,1,7,5,0,0,0,0,0,0,3,11,0,36,344.22,0,534,11,0,1
1105,1958,Graduation,Single,36638.65,1,1,2013-03-03,16,187.14,14.47,132.72,47.26,12.26,31.98,0,2,1,5,2,0,0,0,0,0,0,3,11,0,68,425.83,2,667,8,0,1
1106,1960,Graduation,Married,28308.16,0,1,2013-02-22,62,124.28,21.42,211.65,12.53,18.29,22.63,2,3,3,2,1,1,0,0,0,0,0,3,11,0,66,410.8,1,676,10,1,3
1107,1944,PhD,Single,97762.3,0,2,2013-03-30,89,294.46,74.64,160.5,95.92,93.68,37.37,1,4,2,4,5,0,0,0,1,0,0,3,11,1,82,756.5699999999998,2,640,11,1,0
1108,1957,Graduation,Single,28753.24,2,1,2013-12-14,45,76.94,35.23,56.41,12.0,6.27,18.63,2,3,2,5,5,0,0,0,1,0,0,3,11,0,69,205.48,3,381,12,1,2
1109,1967,Graduation,Single,44479.59,0,0,2012-07-20,90,113.36,19.86,147.0,16.0,8.3,15.71,1,6,1,3,3,0,0,0,0,0,0,3,11,0,59,320.23,0,893,11,0,3
1110,1981,PhD,Divorced,32172.8,0,1,2012-06-27,91,133.66,13.36,102.25,19.37,60.06,36.77,1,3,1,3,3,0,1,0,0,0,0,3,11,0,45,365.47,1,916,8,1,3
1111,1961,Basic,Married,49951.9,0,1,2012-02-26,19,187.65,14.91,106.61,21.52,20.59,38.79,1,3,2,7,6,0,0,0,0,0,0,3,11,0,65,390.07,1,1038,13,0,1
1112,1960,Graduation,Married,26642.05,0,0,2014-08-03,69,272.03,16.86,109.55,6.78,14.22,17.04,2,4,1,11,2,0,0,0,1,0,0,3,11,0,66,436.48,0,149,18,1,3
1113,1945,Master,Divorced,62077.74,0,0,2013-05-15,7,616.58,11.24,510.83,35.72,18.79,23.0,2,3,1,6,5,0,0,0,0,0,0,3,11,1,81,1216.16,0,594,12,0,0
1114,1940,2n Cycle,Together,100153.82,0,0,2014-01-08,95,1432.39,73.16,657.6,68.53,61.62,67.12,0,8,1,12,6,0,0,0,0,0,0,3,11,1,86,2360.42,0,356,21,0,0
1115,1944,Graduation,Together,31703.56,0,0,2012-04-21,18,250.19,20.68,130.95,43.56,25.86,19.84,1,7,4,7,5,0,0,0,0,0,0,3,11,0,82,491.08,0,983,19,0,1
1116,1980,Graduation,Single,72170.56,0,1,2013-12-15,31,685.57,47.01,321.12,81.27,39.61,70.07,1,3,1,3,8,0,0,0,0,0,0,3,11,1,46,1244.65,1,380,8,0,0
1117,1951,Graduation,Single,38072.53,1,0,2014-05-26,18,88.8,18.97,88.72,50.81,49.61,33.77,2,4,1,6,10,0,0,0,0,0,0,3,11,0,75,330.68,1,218,13,0,1
1118,1965,Graduation,Divorced,81009.07,1,0,2014-12-15,23,338.31,93.19,177.25,80.12,30.53,104.55,0,6,3,3,3,0,0,0,0,1,0,3,11,1,61,823.9499999999999,1,15,12,1,0
1119,1985,Graduation,Widow,106446.69,0,0,2014-03-23,23,582.79,82.36,455.28,83.42,41.69,63.86,2,7,2,5,2,0,0,0,0,1,0,3,11,0,41,1309.4,0,282,16,1,0
1120,1973,Basic,Single,40397.29,1,1,2014-08-21,55,564.23,12.87,433.96,12.41,21.28,10.62,2,7,3,4,11,0,0,0,0,0,0,3,11,0,53,1055.37,2,131,16,0,2
1121,1988,Master,Married,24146.47,0,0,2014-12-13,80,113.04,7.77,152.07,16.96,14.63,35.12,5,10,2,6,2,0,1,0,0,0,0,3,11,0,38,339.59,0,17,23,1,3
1122,1953,PhD,Divorced,64811.2,0,1,2012-02-06,17,428.48,17.53,669.8,59.52,34.07,29.66,2,3,3,13,4,1,0,0,0,0,0,3,11,1,73,1239.06,1,1058,21,1,0
1123,1965,Graduation,Married,48521.72,0,0,2014-10-09,11,253.1,30.97,112.87,74.68,10.29,20.04,2,5,3,3,8,0,1,0,0,0,0,3,11,0,61,501.9500000000001,0,82,13,1,1
1124,1984,Master,Married,54215.19,0,0,2014-05-12,40,428.01,13.64,309.99,52.53,29.99,42.39,0,3,2,4,5,0,0,0,0,0,0,3,11,0,42,876.55,0,232,9,0,1
1125,1966,2n Cycle,Divorced,38718.08,0,0,2014-01-01,86,453.83,34.01,363.33,52.31,14.18,37.25,0,3,4,5,6,0,0,0,0,0,0,3,11,0,60,954.91,0,363,12,0,3
1126,1948,Master,Married,31138.58,0,0,2014-03-20,47,643.61,31.58,511.87,10.76,10.08,18.17,0,1,3,3,5,0,0,0,0,0,0,3,11,0,78,1226.07,0,285,7,0,1
1127,1965,Graduation,Married,70554.4,1,0,2014-10-21,81,325.26,19.09,217.12,37.24,32.99,40.98,2,2,3,8,4,0,0,0,0,1,0,3,11,0,61,672.6800000000001,1,70,15,1,3
1128,1996,PhD,Married,50408.55,2,0,2012-01-23,63,621.38,20.68,231.99,41.87,12.98,31.99,1,4,2,4,7,0,0,0,0,0,0,3,11,0,30,960.89,2,1072,11,0,2
1129,1986,Graduation,Single,24898.86,0,1,2014-03-06,15,188.52,11.53,246.45,32.08,5.78,46.74,2,5,2,3,2,0,0,0,0,0,0,3,11,0,40,531.0999999999999,1,299,12,0,1
1130,1996,Graduation,Together,58381.25,1,1,2013-05-10,79,348.29,45.5,216.13,34.35,5.57,46.77,1,5,1,6,1,0,0,0,0,0,0,3,11,0,30,696.6100000000001,2,599,13,0,2
1131,1961,Graduation,Single,53877.46,1,0,2014-06-18,99,680.84,64.88,394.19,32.92,70.48,24.19,4,4,4,6,4,0,0,0,0,0,0,3,11,1,65,1267.5000000000002,1,195,18,0,3
1132,1986,PhD,Married,38944.02,1,0,2013-02-28,22,307.63,6.5,296.85,37.76,24.92,17.59,2,2,2,2,3,0,0,0,0,1,0,3,11,0,40,691.25,1,670,8,1,1
1133,1995,Master,Single,84789.36,0,2,2013-11-30,85,303.78,32.12,249.33,27.7,36.25,58.53,0,2,1,5,4,0,0,0,0,0,0,3,11,0,31,707.71,2,395,8,0,0
1134,1969,Graduation,Single,34638.84,0,1,2012-01-18,38,145.81,13.54,99.63,58.33,10.64,32.06,2,5,2,4,1,0,0,0,0,0,0,3,11,0,57,360.01,1,1077,13,0,1
1135,1982,Graduation,Married,41456.73,0,0,2013-09-18,32,164.57,8.2,123.78,15.7,3.38,44.47,1,0,3,3,3,0,0,0,0,0,0,3,11,0,44,360.0999999999999,0,468,7,0,1
1136,1987,Graduation,Together,60322.43,0,1,2014-11-28,23,286.5,20.67,168.62,12.25,17.86,52.15,0,6,0,3,7,0,0,0,0,0,0,3,11,1,39,558.0500000000001,1,32,9,0,1
1137,1956,Graduation,Married,45738.93,1,1,2012-07-29,60,330.21,27.11,106.39,29.54,32.22,22.15,5,4,2,4,5,0,0,0,0,0,0,3,11,0,70,547.62,2,884,15,0,2
1138,1965,Graduation,Widow,25494.82,0,1,2013-07-18,54,351.0,9.89,134.36,45.34,20.57,15.86,5,4,4,11,3,0,1,1,0,0,0,3,11,0,61,577.0200000000001,1,530,24,2,3
1139,1975,Graduation,Single,47739.75,0,0,2014-08-29,60,239.4,8.66,196.15,43.57,32.18,59.5,4,2,2,5,5,0,0,0,0,0,0,3,11,0,51,579.46,0,123,13,0,3
1140,1940,Master,Divorced,37580.63,1,0,2012-05-12,83,170.37,96.66,82.9,37.86,18.95,15.16,4,3,0,6,1,1,0,0,0,0,0,3,11,0,86,421.9,1,962,13,1,3
1141,1947,Graduation,Married,62492.29,1,0,2013-03-24,96,713.01,33.62,393.42,41.12,62.65,37.92,3,1,3,4,3,0,0,0,0,0,0,3,11,0,79,1281.74,1,646,11,0,0
1142,1988,Graduation,Single,47121.63,0,2,2012-09-20,94,581.41,23.1,225.94,27.61,17.74,54.11,2,1,4,3,6,1,1,0,0,0,0,3,11,0,38,929.91,2,831,10,2,2
1143,1974,Graduation,Single,46064.74,1,1,2012-04-20,39,207.44,10.93,109.21,11.7,40.5,62.49,3,5,0,6,4,0,0,0,0,0,0,3,11,0,52,442.27,2,984,14,0,2
1144,1991,Basic,Single,29164.27,0,0,2014-04-29,57,167.96,15.64,91.16,4.83,10.62,20.84,1,4,1,5,4,0,0,0,0,0,0,3,11,0,35,311.04999999999995,0,245,11,0,3
1145,1954,Master,Widow,40456.79,0,2,2014-06-19,71,315.62,16.81,219.0,29.22,10.93,25.36,2,5,2,10,10,0,0,0,0,0,0,3,11,0,72,616.94,2,194,19,0,2
1146,1986,Master,Together,65384.5,0,2,2014-01-28,73,479.39,9.65,298.49,92.25,16.4,23.73,3,4,3,6,5,0,0,0,0,0,0,3,11,0,40,919.91,2,336,16,0,2
1147,1995,Graduation,Married,32512.68,1,2,2014-05-10,0,234.26,7.84,80.64,25.66,7.87,35.76,1,4,1,6,8,0,0,0,0,0,0,3,11,0,31,392.03,3,234,12,0,2
1148,1961,PhD,Single,43782.08,2,1,2014-06-15,84,340.4,32.34,357.35,40.86,29.81,77.51,1,4,2,6,7,0,0,0,0,0,0,3,11,0,65,878.27,3,198,13,0,2
1149,1953,Graduation,Single,30498.16,0,2,2014-05-11,24,135.8,44.89,82.77,50.63,8.96,114.05,4,6,1,6,3,0,0,0,0,0,0,3,11,0,73,437.1,2,233,17,0,1
1151,1967,Basic,Married,42875.52,0,1,2013-05-29,52,375.38,38.11,351.09,25.57,30.17,33.37,1,1,2,5,3,0,0,0,0,0,0,3,11,0,59,853.6899999999999,1,580,9,0,1
1152,1962,PhD,Together,47549.21,0,1,2014-02-28,60,222.73,19.86,261.84,18.68,26.54,21.97,1,1,5,11,5,0,0,0,0,0,0,3,11,0,64,571.6199999999999,1,305,18,0,3
1153,1953,Basic,Married,98473.74,0,0,2014-08-25,45,925.25,42.87,655.3,212.69,80.45,25.59,2,6,2,6,3,0,0,0,0,0,0,3,11,1,73,1942.15,0,127,16,0,0
1154,1963,Master,Together,36968.29,0,0,2012-03-24,73,123.55,32.62,90.53,32.55,23.05,32.99,2,3,0,3,3,0,0,0,0,0,0,3,11,0,63,335.29,0,1011,8,0,3
1155,1941,Graduation,Single,43474.61,1,2,2014-03-08,59,296.96,54.06,193.13,15.84,12.69,142.91,2,3,2,2,2,0,0,0,0,0,0,3,11,0,85,715.59,3,297,9,0,2
1156,1984,Basic,Single,26902.39,1,0,2012-03-20,50,85.39,26.93,81.4,8.55,12.91,46.27,0,2,2,4,4,0,1,0,0,0,0,3,11,0,42,261.45,1,1015,8,1,1
1157,1965,Graduation,Married,56664.09,0,1,2013-06-05,72,304.28,13.7,206.56,77.15,28.01,88.85,2,5,1,9,1,0,0,0,0,0,0,3,11,0,61,718.55,1,573,17,0,3
1158,1953,PhD,Together,52012.43,0,0,2012-08-21,83,363.99,22.91,186.6,17.92,13.74,48.36,2,1,4,8,3,0,0,0,0,1,0,3,11,0,73,653.52,0,861,15,1,3
1159,1998,Graduation,Married,80447.32,0,0,2012-08-31,47,687.12,43.57,609.25,157.06,19.01,80.09,4,8,0,10,1,0,1,0,0,1,0,3,11,1,28,1596.1,0,851,22,2,0
1160,1995,Graduation,Married,69192.58,0,0,2014-04-28,83,472.2,27.15,101.67,8.5,21.09,12.97,0,5,0,9,11,0,0,0,1,0,0,3,11,1,31,643.58,0,246,14,1,3
1161,1990,Graduation,Single,51050.09,1,0,2013-01-27,39,509.68,29.54,406.31,76.94,79.44,64.73,2,1,2,3,3,0,0,0,0,0,0,3,11,0,36,1166.64,1,702,8,0,1
1162,1946,Graduation,Divorced,36752.86,2,1,2012-01-09,6,490.55,27.57,499.27,31.6,13.16,20.83,0,4,1,5,5,1,1,0,0,0,0,3,11,1,80,1082.98,3,1086,10,2,2
1163,1942,Graduation,Married,48139.94,0,1,2013-09-04,74,209.01,40.29,235.88,33.18,46.25,25.35,2,2,2,4,5,0,1,0,0,0,0,3,11,0,84,589.9599999999999,1,482,10,1,3
1164,1986,PhD,Single,42429.31,0,0,2014-03-17,84,144.14,53.5,144.67,24.51,14.69,28.04,2,3,1,5,7,0,0,0,0,0,0,3,11,0,40,409.55,0,288,11,0,3
1165,1962,Graduation,Divorced,64949.09,1,0,2013-12-15,18,558.97,24.44,317.36,129.64,50.76,42.07,3,4,1,6,7,0,0,0,0,0,0,3,11,1,64,1123.24,1,380,14,0,0
1166,1985,Graduation,Single,61727.98,0,0,2012-04-19,14,401.32,12.49,160.0,60.56,48.64,32.2,2,10,1,6,1,0,0,0,0,0,0,3,11,0,41,715.2099999999999,0,985,19,0,1
1167,1982,PhD,Married,39396.56,1,0,2014-04-13,69,118.24,22.4,82.53,14.71,31.99,31.88,3,5,2,1,2,0,1,0,0,0,0,3,11,0,44,301.75,1,261,11,1,3
1168,1986,Graduation,Divorced,24715.91,0,1,2012-09-22,60,309.91,35.09,292.67,5.66,14.3,14.19,2,5,1,6,5,1,0,0,0,0,0,3,11,0,40,671.82,1,829,14,1,3
1169,1999,Master,Married,75610.84,1,0,2014-09-02,55,1767.39,26.04,703.49,53.98,79.22,64.43,2,8,1,8,4,0,0,0,0,0,0,3,11,1,27,2694.55,1,119,19,0,0
1170,1984,Master,Married,55979.99,0,0,2014-08-12,9,150.69,38.76,180.24,35.91,32.21,18.4,3,4,4,6,9,0,0,0,0,1,0,3,11,1,42,456.21,0,140,17,1,1
1171,1957,Master,Married,39034.61,1,0,2014-06-25,45,177.33,27.17,135.88,10.07,50.04,27.55,4,3,1,3,9,0,0,0,0,0,0,3,11,0,69,428.04,1,188,11,0,1
1173,1977,Graduation,Married,45704.16,0,0,2012-06-24,74,273.13,21.04,90.78,20.79,25.83,24.96,5,5,0,5,8,0,0,0,0,0,0,3,11,0,49,456.53,0,919,15,0,3
1174,1974,Master,Married,75165.47,1,0,2013-06-08,56,1124.22,19.8,842.05,48.52,40.85,65.73,5,3,3,7,7,0,0,0,0,0,0,3,11,1,52,2141.17,1,570,18,0,0
1175,1990,Graduation,Married,20498.11,1,1,2014-12-26,34,103.13,2.39,61.99,20.34,5.36,6.28,2,4,1,7,7,0,0,0,0,0,0,3,11,0,36,199.49,2,4,14,0,1
1176,1954,Graduation,Single,37840.06,0,2,2014-08-09,71,184.87,8.9,136.6,59.48,24.57,18.54,1,7,3,3,5,1,0,0,0,0,0,3,11,0,72,432.96,2,143,14,1,2
1177,1964,Master,Divorced,84088.22,0,1,2014-11-24,91,1512.77,30.51,1126.32,93.12,15.77,94.93,0,4,4,5,1,0,0,1,0,0,0,3,11,1,62,2873.42,1,36,13,1,0
1178,1994,Graduation,Married,55563.37,0,0,2013-05-19,2,514.48,49.22,342.54,23.14,17.21,19.1,1,3,4,2,4,0,0,0,0,0,0,3,11,1,32,965.69,0,590,10,0,1
1179,1976,Master,Single,90133.09,0,0,2014-04-28,65,1015.55,38.85,801.55,72.19,12.45,210.16,3,3,5,4,2,1,0,0,0,0,0,3,11,1,50,2150.75,0,246,15,1,0
1180,1967,Master,Single,27208.29,0,0,2014-08-20,52,128.81,9.14,94.07,18.14,31.78,44.97,1,5,3,10,5,0,0,0,0,0,0,3,11,0,59,326.91,0,132,19,0,3
1181,1949,Basic,Single,68109.96,1,1,2013-04-16,77,429.13,18.3,215.26,19.66,27.18,40.62,2,3,1,2,2,0,0,1,0,0,0,3,11,0,77,750.15,2,623,8,1,2
1182,1978,Basic,Married,66495.51,0,2,2013-06-06,51,260.88,45.22,137.25,54.21,111.89,33.27,0,9,1,6,7,0,0,0,0,0,0,3,11,1,48,642.72,2,572,16,0,2
1183,1996,Graduation,Single,22636.27,1,0,2014-05-29,92,373.46,23.45,157.24,44.27,16.8,20.5,1,1,0,3,5,0,0,0,0,0,0,3,11,0,30,635.7199999999999,1,215,5,0,3
1184,1956,Graduation,Divorced,39410.95,0,0,2012-09-30,52,312.26,34.2,317.45,25.8,23.64,13.27,6,5,4,6,8,0,0,0,0,0,0,3,11,0,70,726.6199999999999,0,821,21,0,3
1185,1978,PhD,Single,42505.48,0,1,2012-02-23,53,124.67,28.04,193.5,10.48,13.71,10.26,2,6,2,7,6,0,0,0,0,0,0,3,11,0,48,380.66,1,1041,17,0,3
1186,1961,Graduation,Married,23206.27,0,1,2014-12-14,46,73.22,4.39,82.97,15.17,5.68,14.14,4,6,2,4,3,0,0,0,0,0,0,3,11,0,65,195.57,1,16,16,0,1
1187,1965,PhD,Together,39741.81,0,1,2014-06-06,2,117.17,14.76,138.17,12.32,24.94,29.42,2,4,3,5,4,0,0,0,1,1,0,3,11,1,61,336.78000000000003,1,207,14,2,1
1188,1983,Master,Single,62898.23,0,1,2014-01-14,64,275.3,92.77,137.49,67.79,27.63,53.41,0,4,0,3,6,0,0,1,0,0,0,3,11,0,43,654.39,1,350,7,1,3
1189,1964,Master,Together,37935.05,0,2,2012-10-03,14,223.62,34.1,93.13,33.37,7.79,21.05,1,4,2,8,5,0,0,0,0,0,0,3,11,0,62,413.06000000000006,2,818,15,0,1
1190,1956,Graduation,Married,48866.79,0,0,2014-06-01,83,679.39,8.91,488.94,28.31,9.02,84.21,1,9,1,4,5,0,0,0,0,0,0,3,11,1,70,1298.78,0,212,15,0,3
1191,1952,Graduation,Married,49008.45,1,2,2013-09-23,85,159.11,21.73,214.2,25.79,12.64,16.03,5,4,1,5,3,0,0,0,0,0,0,3,11,0,74,449.5,3,463,15,0,2
1192,1959,Graduation,Single,44140.92,1,2,2013-07-23,33,385.74,25.17,137.41,24.95,60.35,17.89,1,5,4,1,2,0,0,0,0,0,0,3,11,0,67,651.5100000000001,3,525,11,0,2
1193,1964,Graduation,Divorced,33454.02,0,1,2012-06-24,49,131.19,9.71,111.08,21.58,57.88,35.95,1,4,1,5,7,1,0,0,0,0,0,3,11,0,62,367.39,1,919,11,1,1
1194,1943,Basic,Married,57729.62,1,0,2013-07-19,32,377.16,6.62,132.09,23.32,29.93,23.07,1,3,2,5,3,0,0,0,0,0,0,3,11,0,83,592.19,1,529,11,0,1
1195,1949,Graduation,Divorced,23510.13,1,0,2014-02-09,72,148.58,11.44,111.14,6.56,11.79,9.18,2,2,3,4,4,0,0,1,0,1,0,3,11,0,77,298.69000000000005,1,324,11,2,3
1196,1942,Graduation,Married,44508.49,0,0,2012-09-18,2,138.99,12.72,94.46,56.58,16.68,38.46,1,3,0,3,5,0,0,0,0,0,0,3,11,0,84,357.89,0,833,7,0,1
1197,1980,Graduation,Single,77203.07,2,0,2013-06-14,1,1682.69,22.12,550.01,39.33,20.21,32.92,2,5,2,5,6,0,0,0,0,0,0,3,11,1,46,2347.28,2,564,14,0,0
1198,1984,PhD,Single,37088.07,1,1,2014-06-09,3,555.73,13.75,130.47,26.32,38.81,27.48,1,7,2,7,10,0,0,0,0,0,0,3,11,0,42,792.5600000000002,2,204,17,0,1
1199,1957,PhD,Single,33159.07,0,0,2014-08-05,15,122.67,14.03,66.06,25.26,46.79,17.48,2,6,2,7,5,0,0,0,0,0,0,3,11,0,69,292.29,0,147,17,0,1
1200,1986,Graduation,Divorced,59290.62,0,0,2013-08-07,53,250.98,27.04,275.6,46.17,15.91,28.37,4,8,1,6,3,0,0,0,0,0,0,3,11,0,40,644.0699999999999,0,510,19,0,3
1201,1975,Graduation,Married,47352.4,0,1,2014-03-25,32,310.08,12.77,169.9,15.03,20.66,10.76,0,4,5,7,5,0,0,0,0,0,0,3,11,0,51,539.1999999999999,1,280,16,0,1
1202,1986,Graduation,Single,59765.2,0,0,2012-10-28,8,203.7,24.01,97.91,14.04,20.92,52.14,1,4,1,3,2,0,0,0,0,0,0,3,11,0,40,412.72,0,793,9,0,1
1203,1961,Graduation,Married,45044.19,1,0,2013-09-19,56,236.03,7.2,174.89,20.31,16.05,17.1,1,8,3,5,6,0,0,0,0,0,0,3,11,0,65,471.58,1,467,17,0,3
1204,1973,Master,Single,17063.26,0,0,2013-07-26,39,142.29,9.43,279.76,13.89,15.94,12.38,3,1,4,4,4,0,0,0,0,0,0,3,11,0,53,473.69,0,522,12,0,1
1205,1986,PhD,Single,71108.73,1,1,2013-06-12,51,329.11,5.87,270.27,29.49,14.84,41.96,3,1,2,5,2,1,0,0,0,0,0,3,11,0,40,691.5400000000001,2,566,11,1,2
1206,1947,Graduation,Single,101519.94,1,0,2012-02-03,81,744.07,39.13,570.51,52.67,61.58,71.97,4,13,3,2,6,0,0,1,0,0,0,3,11,1,79,1539.93,1,1061,22,1,0
1207,1979,Graduation,Married,74133.03,1,1,2013-06-15,15,323.72,59.0,330.0,170.54,52.62,54.38,2,7,2,3,2,1,0,0,0,0,0,3,11,1,47,990.26,2,563,14,1,0
1208,1988,2n Cycle,Divorced,10769.32,1,0,2013-01-05,7,93.08,2.62,38.98,2.28,4.53,9.71,3,4,1,4,0,0,0,0,0,0,0,3,11,0,38,151.20000000000002,1,724,12,0,1
1209,1983,Graduation,Married,53126.72,0,2,2013-02-12,86,568.55,37.44,185.02,21.68,41.63,27.55,3,6,4,3,3,0,0,0,0,0,0,3,11,0,43,881.8699999999999,2,686,16,0,2
1210,1958,Master,Married,36801.79,0,0,2013-09-08,59,137.37,33.76,152.86,73.72,18.44,62.24,0,8,0,1,1,0,0,1,0,0,0,3,11,0,68,478.39,0,478,9,1,3
1211,1981,Graduation,Single,28747.4,1,0,2012-03-11,35,718.82,1.81,572.08,17.97,27.36,7.61,2,5,3,3,5,0,0,0,0,1,0,3,11,0,45,1345.65,1,1024,13,1,1
1212,1980,Graduation,Together,46587.75,0,0,2012-03-24,2,106.12,19.51,163.43,19.58,8.57,32.63,1,4,2,3,2,0,0,0,0,0,0,3,11,0,46,349.84,0,1011,10,0,1
1213,1976,Graduation,Single,41790.36,0,0,2012-07-27,14,237.19,3.41,208.44,54.09,15.54,55.38,2,3,2,4,5,0,0,0,0,0,0,3,11,0,50,574.05,0,886,11,0,1
1214,1945,PhD,Together,54364.31,1,0,2012-09-15,96,270.55,23.22,227.98,36.07,23.88,58.07,1,1,1,8,7,0,0,0,0,0,0,3,11,0,81,639.7700000000001,1,836,11,0,3
1215,1991,2n Cycle,Married,45371.17,1,0,2014-07-20,81,1729.63,20.71,1466.76,23.63,4.19,20.28,2,2,0,6,8,0,0,0,0,0,0,3,11,1,35,3265.2000000000007,1,163,10,0,0
1216,1965,Graduation,Single,28329.96,0,0,2012-10-08,22,81.82,2.93,66.95,20.41,6.77,14.0,1,2,2,7,4,0,0,0,0,0,0,3,11,0,61,192.88,0,813,12,0,1
1217,1973,Graduation,Together,35219.64,1,1,2013-01-28,2,115.31,51.25,126.84,15.23,9.91,15.45,0,4,5,2,10,0,0,0,0,0,0,3,11,0,53,333.99,2,701,11,0,1
1218,1998,Graduation,Married,33018.28,1,0,2013-02-21,29,339.67,17.97,136.91,11.51,26.74,37.96,4,7,3,4,7,0,0,0,0,1,0,3,11,1,28,570.76,1,677,18,1,1
1219,1995,Graduation,Single,22323.76,0,0,2014-05-08,44,155.89,6.15,107.91,13.39,6.7,11.49,2,4,1,7,7,0,0,1,0,0,0,3,11,0,31,301.53,0,236,14,1,1
1220,1998,Graduation,Together,25625.47,0,1,2013-09-17,16,140.06,28.31,107.8,8.97,7.19,23.96,3,6,2,5,7,0,0,0,1,0,0,3,11,0,28,316.29,1,469,16,1,1
1221,1984,Graduation,Together,40764.73,2,2,2013-07-15,57,399.46,6.36,188.54,26.34,30.53,38.33,0,5,2,5,5,0,0,0,0,0,0,3,11,0,42,689.5600000000001,4,533,12,0,2
1222,1945,Master,Together,78393.92,0,0,2014-04-11,57,826.36,17.19,426.86,62.25,13.62,260.51,3,1,1,7,6,0,0,0,0,1,0,3,11,1,81,1606.79,0,263,12,1,0
1223,1976,Graduation,Single,35802.65,0,0,2014-07-29,95,169.66,4.13,128.92,38.34,4.74,34.67,3,1,4,4,7,0,0,0,0,0,0,3,11,0,50,380.46,0,154,12,0,3
1224,1996,Graduation,Single,32762.1,0,2,2012-03-02,56,391.6,44.26,255.65,41.38,12.09,16.16,1,6,1,9,1,1,0,0,0,0,0,3,11,1,30,761.14,2,1033,17,1,2
1225,1972,Basic,Single,27652.88,1,0,2014-01-03,6,226.72,15.48,127.91,13.92,5.32,9.24,1,3,2,5,5,0,0,0,0,1,0,3,11,0,54,398.59,1,361,11,1,1
1226,1992,Graduation,Married,44900.97,0,2,2014-02-20,38,181.84,30.58,182.41,38.89,8.84,30.53,2,7,1,4,5,0,0,1,0,0,0,3,11,0,34,473.09,2,313,14,1,2
1227,1961,2n Cycle,Single,71090.13,0,0,2013-06-22,77,477.95,39.05,272.69,61.32,45.98,53.11,3,3,1,3,4,0,0,0,0,0,0,3,11,1,65,950.1,0,556,10,0,3
1228,1960,Graduation,Single,98821.76,0,1,2013-08-19,57,359.03,63.93,281.57,77.23,76.64,21.05,0,6,2,4,5,0,0,0,0,0,0,3,11,0,66,879.4499999999999,1,498,12,0,0
1229,1945,Basic,Single,49719.86,2,0,2012-01-09,55,445.82,23.89,323.16,23.94,36.6,26.0,2,2,3,5,8,0,1,0,0,0,0,3,11,0,81,879.4100000000001,2,1086,12,1,2
1230,1945,PhD,Married,46910.53,0,2,2012-10-02,14,291.68,25.31,263.62,16.25,41.84,44.99,1,3,1,6,8,0,0,0,1,0,0,3,11,0,81,683.69,2,819,11,1,1
1231,1994,Master,Divorced,35689.46,1,0,2012-08-14,43,91.1,17.46,159.45,30.96,34.46,20.81,1,3,3,4,2,0,0,0,0,0,0,3,11,0,32,354.23999999999995,1,868,11,0,1
1232,1987,2n Cycle,Single,38153.52,2,1,2012-07-04,11,88.52,12.14,67.67,8.8,4.88,54.74,0,4,1,5,7,1,0,0,0,0,0,3,11,0,39,236.75,3,909,10,1,2
1233,1943,Graduation,Married,57049.24,0,0,2013-08-13,7,602.48,25.44,411.53,31.18,34.27,17.97,2,1,4,4,5,0,1,0,0,0,0,3,11,1,83,1122.87,0,504,11,1,1
1234,1969,2n Cycle,Together,39106.73,2,0,2013-03-08,79,167.4,21.13,202.05,5.42,13.05,47.1,2,7,1,4,9,1,0,0,0,0,0,3,11,0,57,456.1500000000001,2,662,14,1,2
1236,1969,Graduation,Married,43908.41,1,0,2013-10-17,33,185.51,8.3,137.98,16.65,28.18,62.54,1,6,4,5,6,0,0,0,0,0,0,3,11,0,57,439.16,1,439,16,0,1
1237,1970,Graduation,Widow,35019.8,0,2,2012-12-21,45,184.36,7.16,162.86,43.41,5.69,10.98,2,4,1,3,5,0,0,0,0,0,0,3,11,0,56,414.46,2,739,10,0,2
1238,1963,PhD,Single,43045.3,1,0,2014-04-22,87,296.64,37.8,131.82,41.76,6.9,41.71,1,3,0,2,6,0,0,1,0,0,0,3,11,1,63,556.63,1,252,6,1,3
1239,1994,Graduation,Together,19776.26,1,1,2013-01-26,28,115.38,7.54,69.19,9.11,13.26,10.62,1,5,0,3,6,0,0,0,0,0,0,3,11,0,32,225.1,2,703,9,0,1
1240,1948,PhD,Married,55245.07,2,0,2013-08-01,15,328.75,35.98,261.52,54.93,33.94,19.07,1,6,1,1,2,1,0,0,0,0,0,3,11,0,78,734.1899999999999,2,516,9,1,1
1241,1994,PhD,Married,113630.67,0,2,2013-02-23,4,328.64,27.06,234.03,124.24,56.56,71.13,0,4,0,6,9,1,0,0,0,0,0,3,11,1,32,841.66,2,675,10,1,0
1242,1942,Master,Divorced,35567.32,1,2,2012-06-12,4,172.33,6.74,147.55,20.73,9.62,16.58,3,6,4,6,8,0,0,0,0,0,0,3,11,1,84,373.55,3,931,19,0,2
1243,1990,Master,Married,51510.19,0,0,2014-02-17,29,845.52,14.24,600.92,14.41,36.9,71.81,1,3,0,10,9,0,0,0,0,0,0,3,11,1,36,1583.8,0,316,14,0,0
1244,1970,Graduation,Single,62356.96,0,1,2013-09-29,49,557.6,25.02,642.78,35.33,43.0,68.07,2,5,1,5,4,0,0,0,0,0,0,3,11,0,56,1371.8,1,457,13,0,0
1245,1979,Graduation,Together,74019.67,0,1,2012-01-17,4,854.2,22.77,800.58,44.8,35.72,29.75,2,2,2,7,5,0,0,0,0,0,0,3,11,1,47,1787.8200000000002,1,1078,13,0,0
1246,1976,Graduation,Married,39905.58,1,0,2013-03-21,12,324.23,39.77,213.45,12.23,9.03,20.74,1,2,5,3,2,1,1,0,0,0,0,3,11,0,50,619.45,1,649,11,2,1
1247,1975,Graduation,Married,21561.68,0,1,2012-06-18,98,274.42,11.01,153.07,17.25,7.66,13.77,2,4,1,6,4,0,0,0,0,0,0,3,11,0,51,477.18,1,925,13,0,3
1248,1963,Graduation,Together,49359.86,0,0,2012-12-05,48,212.65,68.63,150.74,37.48,37.42,37.92,4,7,1,1,3,0,0,0,0,0,0,3,11,0,63,544.84,0,755,13,0,3
1249,1970,Graduation,Widow,46697.76,2,1,2013-12-26,88,309.59,27.29,204.61,39.15,47.48,68.54,1,1,2,4,4,0,1,0,0,0,0,3,11,0,56,696.66,3,369,8,1,2
1250,1945,Graduation,Married,38628.03,0,0,2014-10-31,49,178.64,4.16,126.66,29.31,14.56,46.91,0,6,3,4,5,0,0,0,0,0,0,3,11,0,81,400.24,0,60,13,0,3
1251,1941,2n Cycle,Married,42049.18,1,0,2012-05-12,13,258.11,36.33,67.49,41.82,16.6,34.8,2,3,4,4,4,1,0,0,1,0,0,3,11,1,85,455.15,1,962,13,2,1
1252,1959,PhD,Married,46979.76,0,0,2014-06-19,45,395.52,8.71,261.05,27.08,19.55,32.24,2,7,0,7,6,0,0,0,0,0,0,3,11,0,67,744.15,0,194,16,0,3
1253,1967,Graduation,Together,51261.99,0,1,2013-10-01,89,613.46,26.99,225.83,37.14,27.72,14.19,2,2,0,5,7,0,0,0,0,0,0,3,11,0,59,945.3300000000002,1,455,9,0,3
1254,1950,PhD,Together,50408.94,1,1,2014-04-02,81,271.5,14.52,149.66,25.49,16.31,87.81,1,3,2,4,6,1,0,0,0,0,0,3,11,0,76,565.29,2,272,10,1,2
1255,1943,Graduation,Divorced,40656.98,2,2,2014-08-11,83,976.25,67.43,497.73,18.38,3.28,24.95,0,5,3,5,5,0,0,0,0,0,0,3,11,0,83,1588.0200000000002,4,141,13,0,2
1256,1954,Graduation,Together,51725.78,0,0,2012-03-19,33,461.28,56.26,235.07,74.12,48.51,105.5,5,4,0,8,8,0,0,0,0,0,0,3,11,0,72,980.74,0,1016,17,0,1
1257,1945,PhD,Together,39576.38,1,0,2012-12-11,70,192.21,11.63,156.26,7.45,53.27,35.72,0,6,1,8,4,0,0,0,0,0,0,3,11,0,81,456.54,1,749,15,0,3
1258,1993,Graduation,Married,57343.24,0,1,2013-08-31,46,230.97,24.36,149.22,62.29,18.21,155.1,2,4,5,5,5,0,0,0,0,0,0,3,11,0,33,640.15,1,486,16,0,1
1259,1988,Graduation,Widow,34510.64,0,1,2013-09-30,59,501.61,18.33,348.46,15.27,8.34,39.84,1,6,3,4,7,0,0,0,0,0,0,3,11,0,38,931.85,1,456,14,0,3
1260,1969,2n Cycle,Married,45671.2,0,0,2014-11-13,73,263.16,35.15,197.3,18.69,19.29,15.52,3,5,0,9,2,0,1,0,0,0,0,3,11,0,57,549.11,0,47,17,1,3
1261,1995,Basic,Married,23167.47,0,0,2012-05-10,78,118.1,10.81,74.53,17.4,9.49,12.86,2,2,3,6,2,0,0,0,1,0,0,3,11,0,31,243.19,0,964,13,1,3
1262,1977,PhD,Single,38255.24,0,0,2012-12-21,80,97.16,9.48,68.02,10.05,31.88,27.73,2,6,1,2,5,0,0,0,0,0,0,3,11,0,49,244.32,0,739,11,0,3
1263,1990,PhD,Together,55658.8,0,0,2014-08-01,10,600.75,16.59,136.71,21.9,26.37,26.44,3,1,5,3,0,0,0,0,0,0,0,3,11,1,36,828.7600000000001,0,151,12,0,1
1264,1996,PhD,Together,29334.1,0,1,2012-05-29,97,258.05,13.41,64.95,11.31,8.36,18.77,2,3,3,3,3,0,0,0,0,0,0,3,11,0,30,374.85,1,945,11,0,3
1265,1941,Graduation,Together,39025.08,0,0,2012-02-19,90,140.67,37.53,73.17,21.93,8.11,13.79,0,2,1,6,7,0,0,0,0,0,0,3,11,0,85,295.20000000000005,0,1045,9,0,3
1266,1954,Graduation,Single,16949.14,0,1,2013-04-08,84,110.36,10.05,52.56,6.72,13.06,13.65,5,6,1,3,7,0,0,0,0,0,0,3,11,0,72,206.4,1,631,15,0,3
1267,1950,Graduation,Married,25662.1,1,0,2013-03-30,94,333.88,7.4,158.33,43.05,16.86,23.74,6,7,2,4,2,0,0,0,0,0,0,3,11,0,76,583.26,1,640,19,0,3
1268,1947,Graduation,Single,28492.9,2,0,2012-11-30,49,520.89,19.28,270.76,53.76,24.69,12.52,2,5,1,4,7,1,0,0,0,0,0,3,11,0,79,901.9,2,760,12,1,2
1269,1965,PhD,Single,46198.4,1,1,2013-10-29,3,401.49,16.79,144.69,8.82,11.85,118.74,4,2,0,1,5,1,0,0,1,1,0,3,11,1,61,702.3800000000001,2,427,7,3,1
1270,1990,Graduation,Together,50683.9,0,1,2012-11-22,40,240.18,39.65,269.52,45.1,70.03,42.25,7,4,1,4,8,0,0,0,0,0,0,3,11,0,36,706.7299999999999,1,768,16,0,1
1271,1984,2n Cycle,Together,43372.37,2,0,2014-10-12,58,284.84,90.58,110.59,46.61,6.99,21.32,0,4,2,4,5,0,0,0,0,0,0,3,11,0,42,560.9300000000001,2,79,10,0,2
1272,1983,Basic,Married,38061.66,1,1,2012-12-01,59,496.46,14.07,128.61,33.84,26.71,11.49,3,8,1,6,6,0,1,0,1,0,0,3,11,0,43,711.1800000000001,2,759,18,2,2
1273,1944,Master,Single,38114.85,0,0,2013-10-27,80,214.3,28.27,98.21,16.49,5.56,31.7,1,4,0,3,3,1,0,1,0,0,0,3,11,0,82,394.53,0,429,8,2,3
1274,1945,PhD,Together,59066.45,0,1,2014-09-21,61,486.33,17.32,241.58,32.75,16.86,40.54,1,6,2,1,8,0,0,0,0,1,0,3,11,0,81,835.38,1,100,10,1,3
1275,1965,Basic,Married,48297.16,1,0,2012-03-21,83,674.73,20.7,182.97,19.79,56.5,62.0,2,4,1,7,5,0,0,0,0,0,0,3,11,0,61,1016.69,1,1014,14,0,3
1276,1993,Graduation,Together,38809.56,1,1,2012-03-27,24,324.92,18.11,232.89,19.36,29.3,28.57,3,1,1,3,9,0,0,0,0,0,0,3,11,0,33,653.1500000000001,2,1008,8,0,2
1277,1943,Master,Widow,74408.08,1,0,2012-09-14,86,282.08,30.37,150.54,23.11,24.58,29.17,1,4,3,10,5,0,0,0,0,1,0,3,11,0,83,539.85,1,837,18,1,3
1278,1958,Graduation,Together,96760.1,1,0,2014-09-17,78,428.27,194.47,251.88,57.98,32.5,211.56,2,2,1,3,6,0,0,0,0,0,0,3,11,0,68,1176.66,1,104,8,0,0
1279,1959,Master,Divorced,26949.04,1,2,2012-07-03,32,95.19,10.28,75.51,7.02,13.13,28.08,1,5,2,4,4,0,0,0,0,0,0,3,11,0,67,229.21000000000004,3,910,12,0,2
1282,1988,Basic,Married,49616.67,0,0,2013-08-27,14,533.04,29.48,177.95,36.06,17.3,52.91,2,3,4,4,6,0,0,0,0,0,0,3,11,0,38,846.7399999999999,0,490,13,0,1
1283,1951,Graduation,Together,46452.1,1,0,2013-05-29,40,320.38,42.26,157.64,19.84,8.1,15.82,0,7,1,5,8,0,0,1,0,0,0,3,11,0,75,564.0400000000001,1,580,13,1,1
1284,1986,Graduation,Married,43377.95,0,1,2014-06-22,68,227.79,14.49,151.45,33.15,21.85,38.26,5,2,0,10,6,0,0,1,0,0,0,3,11,0,40,486.99,1,191,17,1,3
1285,1940,2n Cycle,Married,53964.01,1,1,2012-10-31,79,432.48,5.49,468.7,66.29,18.8,33.05,3,6,3,3,3,0,0,0,0,0,0,3,11,0,86,1024.81,2,790,15,0,2
1286,1965,Graduation,Divorced,59991.59,2,1,2013-10-18,59,294.71,26.88,184.76,99.94,12.6,65.26,3,10,2,5,2,0,0,0,0,0,0,3,11,0,61,684.15,3,438,20,0,2
1287,1953,Basic,Single,26959.56,1,0,2012-09-18,95,98.22,12.49,53.95,3.8,14.78,13.87,1,5,1,5,5,0,0,0,0,0,0,3,11,0,73,197.11,1,833,12,0,3
1288,1977,PhD,Single,43888.45,1,1,2013-05-05,21,397.03,31.07,169.92,17.08,17.71,24.5,2,3,3,3,1,0,1,0,0,0,0,3,11,0,49,657.3100000000001,2,604,11,1,1
1289,1976,Graduation,Married,17893.64,0,0,2014-01-07,42,202.82,27.42,184.57,9.58,9.86,38.94,3,8,1,6,0,0,0,0,0,1,0,3,11,0,50,473.19,0,357,18,1,1
1290,1950,Graduation,Married,40793.31,0,0,2014-11-20,31,410.55,14.89,143.15,34.52,10.94,68.51,1,5,1,5,2,0,0,0,0,0,0,3,11,0,76,682.5600000000001,0,40,12,0,1
1291,1975,Graduation,Married,30912.77,0,1,2013-12-02,12,265.26,8.48,174.8,7.37,18.98,3.43,1,6,0,2,4,0,0,0,0,0,0,3,11,0,51,478.3200000000001,1,393,9,0,1
1292,1952,Master,Single,50800.99,1,2,2014-06-05,37,276.51,11.57,274.18,18.09,10.57,81.6,1,1,3,3,3,0,1,0,0,0,0,3,11,1,74,672.5200000000001,3,208,8,1,2
1293,1982,Graduation,Divorced,22866.95,1,1,2012-01-12,25,148.2,11.81,112.0,15.87,6.38,17.56,0,4,2,5,6,0,0,0,0,0,0,3,11,0,44,311.82,2,1083,11,0,2
1294,1942,PhD,Together,36137.02,1,1,2012-03-31,80,356.1,22.09,192.32,24.41,14.32,18.96,3,4,3,8,3,1,0,0,0,0,0,3,11,0,84,628.2,2,1004,18,1,2
1295,1972,Graduation,Married,65291.54,0,1,2013-08-22,4,403.93,21.58,161.19,52.57,85.13,28.63,1,5,1,11,6,0,0,0,0,0,0,3,11,1,54,753.0300000000001,1,495,18,0,1
1296,1945,PhD,Together,33842.3,0,2,2012-10-27,48,390.07,24.76,116.77,28.35,24.85,15.37,1,4,3,6,8,0,0,0,0,0,0,3,11,0,81,600.1700000000001,2,794,14,0,2
1297,1989,Basic,Married,20702.83,1,0,2012-03-20,96,133.54,12.55,103.93,16.28,18.12,11.05,3,4,1,7,10,0,0,0,0,0,0,3,11,0,37,295.47,1,1015,15,0,3
1298,1995,2n Cycle,Married,49168.74,0,0,2014-04-15,90,235.32,23.14,187.16,35.45,52.76,20.06,1,0,2,10,5,0,0,0,0,0,0,3,11,0,31,553.89,0,259,13,0,3
1299,1949,Graduation,Together,35080.07,0,2,2013-10-13,4,364.1,9.36,187.07,23.28,139.71,12.49,1,3,4,9,6,0,0,0,0,0,0,3,11,0,77,736.01,2,443,17,0,1
1300,1944,Master,Single,41177.44,1,1,2013-03-08,70,265.24,14.14,219.58,39.39,19.36,17.7,0,6,0,5,3,0,0,0,0,0,0,3,11,0,82,575.4100000000001,2,662,11,0,2
1301,1962,Master,Married,33125.28,1,0,2013-02-20,47,87.58,3.53,62.41,5.55,35.62,32.27,3,2,2,4,7,0,0,0,0,0,0,3,11,0,64,226.96,1,678,11,0,1
1302,1949,PhD,Married,97709.95,0,0,2012-01-18,17,786.06,51.61,469.63,158.43,82.26,80.8,0,2,4,5,4,0,0,0,0,0,0,3,11,1,77,1628.79,0,1077,11,0,0
1303,1983,2n Cycle,Widow,23784.06,1,0,2014-12-13,94,100.17,11.08,137.68,4.07,19.82,26.64,2,5,2,2,7,0,1,0,0,0,0,3,11,0,43,299.46,1,17,11,1,3
1305,1952,Graduation,Married,37939.4,2,2,2012-08-27,65,245.21,23.54,262.5,21.26,13.53,13.9,4,1,1,6,4,0,0,0,0,0,0,3,11,1,74,579.9399999999999,4,855,12,0,2
1306,1979,Basic,Married,47733.02,0,0,2014-04-25,76,1351.19,27.59,1294.55,45.87,16.23,51.53,3,3,3,5,3,1,0,1,0,0,0,3,11,1,47,2786.96,0,249,14,2,0
1307,1941,Graduation,Married,35245.09,0,1,2013-02-21,41,165.81,15.12,120.75,3.75,19.58,15.48,2,3,2,3,4,0,0,0,1,0,0,3,11,0,85,340.49,1,677,10,1,1
1308,1959,Master,Together,34660.17,1,0,2014-05-05,51,127.52,16.36,154.55,21.88,14.24,40.99,5,2,2,7,5,0,0,0,0,0,0,3,11,0,67,375.54,1,239,16,0,3
1309,1940,Basic,Single,32405.0,0,0,2013-08-21,10,147.22,6.4,141.38,33.46,17.99,12.92,1,12,2,6,10,0,0,0,0,0,0,3,11,0,86,359.37,0,496,21,0,1
1310,1976,Graduation,Married,56415.72,1,0,2013-02-23,25,323.53,18.22,195.58,65.77,66.07,29.97,4,7,2,3,7,0,0,0,0,0,0,3,11,0,50,699.1400000000001,1,675,16,0,1
1311,1948,Basic,Together,25227.25,1,1,2012-08-03,20,99.09,11.92,65.37,10.66,8.68,16.3,3,3,3,2,7,0,0,0,0,0,0,3,11,0,78,212.02,2,879,11,0,1
1312,1956,Graduation,Single,51310.13,1,1,2013-12-09,65,478.15,15.13,251.67,27.5,19.6,61.71,1,3,3,10,4,0,0,0,0,0,0,3,11,0,70,853.76,2,386,17,0,2
1313,1948,PhD,Together,18512.53,2,1,2013-07-04,39,64.25,14.22,45.52,8.21,9.42,16.51,2,6,1,6,5,0,0,0,1,0,0,3,11,0,78,158.13,3,544,15,1,2
1314,1950,PhD,Divorced,49484.34,0,0,2014-08-23,55,592.55,15.28,431.6,25.1,19.78,40.19,1,3,1,1,6,0,0,1,0,0,0,3,11,0,76,1124.4999999999998,0,129,6,1,3
1315,1954,Basic,Divorced,62296.28,1,0,2014-04-12,50,625.23,32.52,299.08,21.53,9.06,154.96,3,3,1,6,8,0,0,0,0,0,0,3,11,1,72,1142.38,1,262,13,0,0
1316,1963,Graduation,Married,26640.62,0,0,2013-11-10,19,130.27,13.1,58.45,10.03,8.62,7.1,3,6,1,4,2,0,0,0,0,0,0,3,11,0,63,227.57,0,415,14,0,1
1317,1977,Graduation,Single,58191.64,0,0,2013-05-01,80,844.61,41.75,381.65,48.48,40.3,25.04,1,0,2,6,5,0,0,1,0,0,0,3,11,0,49,1381.83,0,608,9,1,0
1318,1994,Master,Together,45276.99,1,1,2013-09-14,79,238.87,35.64,201.89,31.45,49.18,18.99,3,4,1,9,6,0,0,0,1,0,0,3,11,0,32,576.02,2,472,17,1,2
1319,1974,Master,Widow,84067.1,0,1,2012-08-06,56,338.3,58.46,201.83,72.48,19.28,23.31,3,3,2,8,2,1,0,0,0,0,0,3,11,0,52,713.66,1,876,16,1,0
1320,1969,Master,Together,31505.5,1,1,2013-12-21,4,233.62,4.08,142.38,23.0,7.21,16.42,4,3,1,5,2,0,0,0,0,0,0,3,11,0,57,426.71,2,374,13,0,1
1322,1988,Graduation,Single,17046.28,1,0,2012-03-27,23,48.24,19.54,42.14,18.53,2.25,9.59,4,2,3,4,0,0,0,0,0,1,0,3,11,0,38,140.29,1,1008,13,1,1
1323,1944,Graduation,Married,38878.57,2,0,2014-03-25,67,97.86,13.35,89.01,8.78,13.65,25.55,2,5,1,4,4,0,0,0,1,0,0,3,11,0,82,248.2,2,280,12,1,2
1324,1999,Master,Together,22484.29,0,0,2013-02-14,51,285.37,11.88,156.82,8.64,3.64,6.42,1,5,3,5,11,0,0,0,1,0,0,3,11,1,27,472.77,0,684,14,1,3
1325,1983,Graduation,Widow,93006.22,1,1,2013-11-21,47,675.25,24.99,221.89,51.96,96.96,46.28,1,6,2,3,2,0,0,0,0,0,0,3,11,1,43,1117.33,2,404,12,0,0
1326,1989,Graduation,Single,39947.43,1,1,2014-10-09,87,378.86,5.69,180.43,25.3,11.54,24.3,2,3,3,4,6,0,0,0,0,0,0,3,11,0,37,626.1199999999999,2,82,12,0,2
1327,1953,2n Cycle,Married,41412.0,0,0,2013-06-08,46,160.62,12.19,102.95,17.78,51.19,48.86,0,5,1,7,2,0,0,1,0,0,0,3,11,0,73,393.59,0,570,13,1,3
1328,1992,Graduation,Single,52960.16,0,0,2013-03-22,59,226.43,17.56,288.8,58.76,47.37,15.56,1,4,2,7,4,0,0,0,0,0,0,3,11,0,34,654.4799999999999,0,648,14,0,3
1329,1995,2n Cycle,Married,44270.68,1,1,2012-10-26,72,693.54,16.41,473.49,93.22,13.77,27.04,3,2,3,4,7,0,0,0,0,0,0,3,11,0,31,1317.47,2,795,12,0,2
1330,1950,Master,Married,34978.73,0,1,2013-02-11,2,91.29,9.02,89.77,25.11,8.43,53.88,1,3,1,5,3,0,0,0,0,0,0,3,11,0,76,277.5,1,687,10,0,1
1331,1948,Master,Together,26831.75,0,1,2013-01-09,8,177.6,7.92,237.83,18.12,10.95,16.48,1,8,4,5,7,0,0,0,0,0,0,3,11,0,78,468.9,1,720,18,0,1
1332,1973,Graduation,Married,47448.75,1,0,2012-08-20,81,425.84,21.61,322.61,50.71,20.43,10.7,2,3,0,4,4,0,0,0,0,0,0,3,11,0,53,851.9,1,862,9,0,3
1333,1951,Graduation,Single,51613.24,0,0,2013-09-29,99,145.64,14.91,112.99,10.82,29.13,89.22,3,6,2,7,5,0,0,0,0,0,0,3,11,0,75,402.7099999999999,0,457,18,0,3
1334,1974,Master,Married,58580.13,2,2,2013-10-11,82,558.28,37.22,239.27,38.25,16.86,73.05,0,9,4,3,6,0,0,1,0,0,0,3,11,0,52,962.93,4,445,16,1,2
1335,1974,Master,Single,95329.13,1,1,2014-08-18,23,618.0,65.8,333.52,110.11,68.4,128.87,1,2,4,2,7,1,0,0,1,0,0,3,11,1,52,1324.6999999999998,2,134,9,2,0
1336,1940,Master,Married,18592.11,1,0,2014-12-08,3,105.32,35.56,53.32,8.11,10.0,5.24,3,6,1,0,4,0,0,0,0,0,0,3,11,0,86,217.55,1,22,10,0,1
1337,1979,Graduation,Married,43170.52,0,1,2012-07-04,8,192.47,38.89,231.6,13.28,16.14,85.84,0,5,3,10,3,1,0,1,0,0,0,3,11,1,47,578.22,1,909,18,2,1
1338,1961,Master,Married,71445.85,0,1,2012-03-18,96,307.92,37.9,204.68,41.02,21.37,36.05,6,4,2,3,4,0,0,0,0,0,0,3,11,0,65,648.9399999999999,1,1017,15,0,3
1339,1999,Master,Married,42200.66,0,0,2012-07-12,0,221.45,13.34,163.59,26.12,17.32,24.94,2,1,2,6,1,0,0,0,0,0,0,3,11,0,27,466.76,0,901,11,0,1
1340,1968,Master,Married,17408.8,2,0,2012-10-13,34,86.63,9.52,82.06,6.48,4.89,9.16,1,2,2,6,5,0,0,0,0,0,0,3,11,0,58,198.73999999999995,2,808,11,0,2
1341,1947,Master,Married,26465.15,0,0,2012-09-06,73,222.11,14.76,229.77,59.75,12.57,37.48,0,5,1,2,7,0,0,0,0,0,0,3,11,0,79,576.44,0,845,8,0,3
1342,1950,Master,Together,50585.89,0,0,2013-06-19,11,124.55,17.05,161.34,24.37,24.41,36.44,1,8,0,2,5,0,1,0,0,0,0,3,11,0,76,388.16,0,559,11,1,1
1343,1980,PhD,Married,49855.24,0,1,2012-10-26,17,574.79,36.58,396.81,16.02,26.75,53.41,3,7,1,5,1,0,0,1,0,0,0,3,11,1,46,1104.36,1,795,16,1,1
1344,1976,Graduation,Together,58046.98,0,0,2014-03-19,77,255.76,11.5,236.7,35.23,76.8,48.75,1,5,1,5,2,0,0,0,0,0,0,3,11,0,50,664.7399999999999,0,286,12,0,3
1345,1953,Graduation,Married,32454.57,0,1,2013-04-02,9,234.06,12.85,106.74,35.92,13.74,24.6,3,2,3,3,5,0,0,0,0,0,0,3,11,0,73,427.91,1,637,11,0,1
1346,1999,Graduation,Divorced,49214.98,1,2,2013-11-21,73,385.85,31.5,409.34,31.92,41.23,22.38,0,3,1,4,4,0,0,1,0,0,0,3,11,0,27,922.22,3,404,8,1,2
1347,1969,Graduation,Divorced,30383.49,0,0,2013-12-18,17,76.44,11.72,98.33,26.1,15.99,72.32,3,6,1,5,6,0,0,0,1,0,0,3,11,0,57,300.9,0,377,15,1,1
1348,1974,Graduation,Together,49216.45,0,0,2012-02-09,23,289.99,19.93,285.2,18.73,19.56,16.41,2,6,4,7,2,0,0,0,0,0,0,3,11,0,52,649.8199999999999,0,1055,19,0,1
1350,1976,Graduation,Married,31941.33,1,1,2012-09-17,93,433.56,8.87,201.65,28.72,14.14,32.13,1,6,3,5,4,0,1,0,0,0,0,3,11,0,50,719.07,2,834,15,1,2
1351,1944,Graduation,Divorced,82724.7,1,1,2013-06-09,78,531.39,76.72,326.18,99.57,44.86,132.69,6,3,2,9,8,0,0,1,0,0,0,3,11,1,82,1211.41,2,569,20,1,0
1352,1958,Master,Married,22420.83,0,0,2013-12-10,71,135.05,5.58,65.79,17.92,5.78,41.38,8,3,2,6,9,0,0,0,0,1,0,3,11,0,68,271.50000000000006,0,385,19,1,3
1353,1998,Basic,Married,41913.01,1,0,2012-05-05,98,509.36,23.26,474.44,44.13,7.98,30.97,5,6,1,9,5,0,0,0,0,0,0,3,11,0,28,1090.14,1,969,21,0,3
1354,1953,Graduation,Married,31660.9,0,1,2014-12-21,81,217.79,18.61,119.79,12.04,21.5,34.92,0,4,2,8,10,0,0,1,0,0,0,3,11,0,73,424.65,1,9,14,1,3
1355,1965,2n Cycle,Married,92381.39,2,2,2012-02-23,15,655.98,23.97,451.94,44.16,72.61,213.73,1,4,4,6,5,0,0,0,1,0,0,3,11,1,61,1462.39,4,1041,15,1,0
1356,1943,PhD,Married,56351.22,0,0,2012-12-11,84,173.42,27.0,183.81,81.14,40.42,43.48,1,7,2,3,4,0,0,0,0,0,0,3,11,0,83,549.27,0,749,13,0,3
1357,1964,Graduation,Single,34210.09,1,2,2012-05-15,14,115.32,9.09,91.42,55.98,17.21,14.48,1,3,2,5,10,0,0,0,0,0,0,3,11,0,62,303.5,3,959,11,0,2
1358,1984,Graduation,Married,39660.61,1,0,2012-11-25,61,455.37,41.9,389.54,12.79,28.82,25.27,2,1,1,6,9,0,0,0,0,0,0,3,11,0,42,953.69,1,765,10,0,3
1359,1981,PhD,Together,93386.58,1,2,2012-05-15,4,912.07,21.62,658.49,69.64,65.7,34.25,2,4,0,6,7,0,0,0,0,0,0,3,11,1,45,1761.7700000000002,3,959,12,0,0
1360,1964,Master,Married,30378.48,0,1,2014-03-23,44,157.28,9.41,169.22,15.06,22.34,30.47,0,6,1,3,9,0,0,0,0,0,0,3,11,0,62,403.78,1,282,10,0,1
1361,1957,Master,Married,21899.54,0,0,2014-05-01,51,228.65,4.82,130.42,9.25,6.0,33.28,1,7,1,3,5,0,0,0,0,0,0,3,11,0,69,412.42,0,243,12,0,3
1362,1979,Graduation,Divorced,49831.51,1,1,2014-05-20,70,205.84,10.12,234.63,37.95,11.83,37.18,2,3,3,8,6,0,0,0,0,0,0,3,11,0,47,537.55,2,224,16,0,2
1363,1947,Graduation,Married,50284.7,0,0,2014-06-10,6,282.83,59.9,362.16,64.01,18.26,15.26,0,7,2,1,6,0,1,0,0,0,0,3,11,0,79,802.42,0,203,10,1,1
1364,1978,Graduation,Single,57896.59,1,0,2013-09-26,26,972.04,36.77,354.12,48.73,26.27,85.76,2,2,0,4,0,1,0,0,0,0,0,3,11,1,48,1523.6899999999998,1,460,8,1,0
1365,1979,Graduation,Together,58049.44,1,0,2013-10-30,88,304.3,28.95,176.1,30.76,23.02,16.04,2,4,1,3,3,0,0,0,0,0,0,3,11,0,47,579.17,1,426,10,0,3
1366,1953,Graduation,Married,90064.58,1,0,2014-11-06,85,782.32,27.85,556.45,78.74,13.39,28.58,0,5,0,1,3,0,0,0,0,0,0,3,11,1,73,1487.3300000000002,1,54,6,0,0
1367,1971,Graduation,Divorced,22308.99,0,0,2012-09-25,12,52.16,17.63,123.93,11.54,28.74,16.08,2,6,1,4,4,0,0,0,0,1,0,3,11,0,55,250.08,0,826,13,1,1
1368,1990,Master,Married,27415.91,1,1,2014-05-10,16,543.2,7.67,188.13,22.54,10.66,25.59,2,4,3,2,5,0,1,0,0,0,0,3,11,0,36,797.79,2,234,11,1,1
1369,1977,Basic,Single,57807.94,1,1,2013-04-26,43,168.93,42.67,131.98,85.77,29.4,59.76,0,4,2,5,4,0,0,0,1,0,0,3,11,0,49,518.51,2,613,11,1,2
1370,1972,Graduation,Married,28502.58,1,0,2012-10-11,12,306.71,7.74,245.13,5.26,27.58,21.98,4,2,0,2,4,0,0,0,0,0,0,3,11,0,54,614.4,1,810,8,0,1
1371,1962,Basic,Single,24769.41,0,1,2014-11-26,89,183.17,7.71,178.06,25.65,2.78,57.14,2,1,3,6,2,0,0,0,0,0,0,3,11,0,64,454.50999999999993,1,34,12,0,3
1372,1954,Graduation,Married,93558.09,0,1,2012-04-12,72,635.4,67.61,416.66,23.85,31.56,78.07,0,6,0,10,8,1,0,0,0,1,0,3,11,1,72,1253.15,1,992,16,2,0
1373,1972,Graduation,Together,23202.68,0,2,2014-03-02,4,120.39,17.86,141.82,31.12,8.43,34.64,1,1,3,4,4,0,0,0,0,0,0,3,11,0,54,354.26,2,303,9,0,1
1374,1964,Graduation,Single,38541.51,0,1,2012-08-26,32,213.48,25.29,103.57,16.88,14.44,49.59,2,2,1,6,4,0,0,0,1,0,0,3,11,0,62,423.25,1,856,11,1,1
1375,1956,PhD,Divorced,43314.95,1,0,2014-01-10,3,228.67,10.58,105.18,13.39,17.9,16.0,0,6,4,5,2,0,0,0,0,1,0,3,11,0,70,391.72,1,354,15,1,1
1376,1972,2n Cycle,Divorced,74880.94,2,0,2013-10-06,91,342.46,26.26,436.53,72.95,81.81,54.27,4,4,3,4,9,0,1,0,1,0,0,3,11,1,54,1014.28,2,450,15,2,0
1377,1986,PhD,Single,21004.22,0,1,2014-05-31,25,574.71,10.58,271.33,16.78,14.43,60.25,3,1,1,6,3,0,1,0,0,0,0,3,11,0,40,948.08,1,213,11,1,1
1378,1994,Graduation,Divorced,52375.28,1,0,2013-08-29,67,935.17,14.43,284.83,18.46,42.67,31.05,1,4,2,6,4,1,0,0,0,0,0,3,11,0,32,1326.61,1,488,13,1,0
1379,1941,PhD,Married,31065.38,0,0,2012-07-06,15,172.02,32.42,61.86,9.4,14.65,16.63,0,5,2,8,4,0,0,0,0,0,0,3,11,0,85,306.98,0,907,15,0,1
1380,1953,Graduation,Married,57013.56,0,0,2014-06-06,21,434.57,6.19,218.55,32.7,11.29,50.68,4,9,1,6,5,0,1,0,0,0,0,3,11,1,73,753.9799999999999,0,207,20,1,1
1381,1992,Basic,Married,30861.88,0,0,2014-09-13,35,81.7,8.87,141.92,9.62,4.06,18.7,0,4,1,5,7,0,0,0,0,0,0,3,11,0,34,264.87,0,108,10,0,1
1382,1979,PhD,Married,83193.33,0,0,2014-07-12,57,590.7,28.1,399.27,28.25,15.24,41.46,2,1,0,9,7,0,0,0,0,0,0,3,11,0,47,1103.0200000000002,0,171,12,0,0
1383,1979,Graduation,Together,30934.03,2,0,2014-03-04,54,118.14,2.57,80.34,21.28,17.6,18.57,1,5,3,2,8,0,0,1,0,0,0,3,11,1,47,258.5,2,301,11,1,2
1384,1990,PhD,Together,16567.66,0,0,2013-06-13,34,123.94,3.29,101.13,5.96,7.74,31.39,0,5,1,5,5,0,0,0,0,1,0,3,11,0,36,273.45000000000005,0,565,11,1,1
1385,1978,PhD,Married,32352.94,1,1,2013-11-06,24,172.44,21.59,183.44,26.83,13.08,23.92,3,4,2,4,5,0,0,0,1,0,0,3,11,0,48,441.3,2,419,13,1,1
1386,1990,Graduation,Single,39953.84,0,1,2013-01-26,71,216.6,18.66,182.41,62.71,14.68,14.45,2,6,2,3,6,0,1,0,0,0,0,3,11,0,36,509.50999999999993,1,703,13,1,3
1387,1945,Master,Married,68387.24,2,0,2013-11-02,80,729.8,80.58,1750.17,40.16,104.84,22.15,0,5,1,7,8,0,0,0,0,0,0,3,11,1,81,2727.7000000000003,2,423,13,0,0
1388,1945,Graduation,Married,26812.78,0,0,2014-05-10,60,379.53,31.07,214.86,18.61,7.5,80.87,2,5,1,5,9,0,1,1,0,0,0,3,11,1,81,732.44,0,234,13,2,3
1389,1942,Master,Together,27025.65,0,0,2013-04-10,17,306.5,16.07,178.36,58.23,21.62,18.97,1,8,0,4,12,0,0,0,0,0,0,3,11,0,84,599.75,0,629,13,0,1
1390,1946,Master,Single,65135.9,0,0,2014-04-18,57,222.12,36.04,195.48,20.5,29.9,67.84,6,1,4,2,6,0,1,0,0,0,0,3,11,0,80,571.88,0,256,13,1,3
1391,1990,Master,Single,25588.8,0,0,2014-09-14,75,299.37,12.21,141.38,33.57,11.31,12.93,0,6,3,6,3,0,0,1,1,0,0,3,11,0,36,510.77,0,107,15,2,3
1392,1947,PhD,Single,41291.28,0,0,2014-12-09,56,243.93,3.85,254.55,50.39,38.35,40.17,5,2,4,7,8,0,1,0,0,0,0,3,11,0,79,631.24,0,21,18,1,3
1393,1981,PhD,Married,41628.47,1,1,2012-01-04,96,421.34,8.27,270.17,44.62,45.9,80.18,1,3,2,4,5,0,0,0,0,0,0,3,11,0,45,870.48,2,1091,10,0,2
1394,1991,Graduation,Together,48389.19,1,0,2014-05-01,86,449.54,23.57,391.34,67.43,19.22,26.25,1,5,4,3,5,0,0,0,0,1,0,3,11,1,35,977.35,1,243,13,1,3
1395,1954,Master,Married,32861.62,1,0,2013-06-18,62,279.17,21.81,203.91,24.96,24.34,34.72,2,1,0,7,3,0,1,0,0,0,0,3,11,0,72,588.9100000000001,1,560,10,1,3
1396,1986,Graduation,Married,30613.68,0,0,2014-06-21,11,720.59,16.7,387.17,13.85,17.46,10.57,4,1,4,9,6,0,0,0,1,0,0,3,11,1,40,1166.34,0,192,18,1,1
1397,1968,Graduation,Together,50714.02,0,1,2014-12-20,10,468.18,13.61,237.55,62.78,23.36,136.97,4,1,3,6,4,0,0,0,0,0,0,3,11,0,58,942.45,1,10,14,0,1
1398,1972,Graduation,Married,30995.63,0,1,2013-10-07,12,158.8,24.94,262.41,39.26,16.06,29.22,1,3,5,3,4,0,0,0,0,0,0,3,11,0,54,530.69,1,449,12,0,1
1399,1991,Graduation,Married,25745.43,2,1,2012-01-24,34,350.38,28.73,352.44,32.08,7.81,16.13,2,6,1,8,5,0,0,0,0,0,0,3,11,0,35,787.5699999999999,3,1071,17,0,2
1400,1969,PhD,Divorced,72483.92,1,1,2013-07-10,26,620.85,58.35,508.87,47.79,27.66,48.64,3,6,2,10,4,0,0,0,0,0,0,3,11,0,57,1312.1600000000003,2,538,21,0,0
1401,1978,Graduation,Divorced,53919.0,1,0,2013-11-21,88,416.57,44.77,205.91,22.52,17.45,31.86,1,9,2,5,8,1,1,0,0,0,0,3,11,0,48,739.08,1,404,17,2,3
1402,1966,Master,Married,89949.26,1,0,2012-12-21,66,642.97,29.49,394.44,64.77,70.83,54.8,2,4,4,5,8,1,0,0,0,0,0,3,11,1,60,1257.3,1,739,15,1,0
1403,1975,Graduation,Married,60693.21,0,1,2014-05-19,88,326.63,53.07,413.19,68.57,26.28,11.21,2,3,2,7,4,0,0,0,0,0,0,3,11,0,51,898.95,1,225,14,0,3
1404,1968,Graduation,Married,26708.64,0,0,2014-07-29,44,115.08,13.37,83.91,31.7,5.62,20.21,3,3,3,1,4,0,0,0,0,0,0,3,11,0,58,269.89,0,154,10,0,1
1405,1977,PhD,Together,46099.05,0,2,2013-07-28,73,482.75,28.73,260.85,22.87,13.69,34.01,2,2,1,5,3,0,0,0,0,0,0,3,11,0,49,842.9000000000001,2,520,10,0,2
1406,1996,Graduation,Divorced,29547.33,0,1,2012-01-29,80,160.98,16.87,52.3,22.92,1.99,31.79,2,5,2,5,3,0,0,1,0,0,0,3,11,0,30,286.85,1,1066,14,1,3
1407,1972,Graduation,Married,22910.63,0,1,2012-12-22,66,51.89,9.77,33.89,6.71,7.81,13.43,5,3,3,5,1,0,0,0,0,0,0,3,11,0,54,123.5,1,738,16,0,3
1408,1976,Master,Single,37090.65,0,0,2012-12-30,21,146.0,10.15,307.17,42.99,17.4,18.74,3,4,1,4,2,0,0,0,0,1,0,3,11,0,50,542.45,0,730,12,1,1
1409,1966,Graduation,Married,65684.16,1,1,2013-08-30,77,378.17,28.67,206.01,26.35,27.76,52.46,2,1,3,6,3,0,0,0,0,0,0,3,11,0,60,719.4200000000001,2,487,12,0,2
1410,1994,Master,Widow,49511.74,1,0,2013-02-12,90,230.16,41.04,148.21,50.91,74.48,15.1,3,3,3,7,7,0,0,0,0,0,0,3,11,0,32,559.9,1,686,16,0,3
1411,1972,Graduation,Together,25428.92,1,0,2013-07-20,41,124.48,8.95,58.82,8.19,16.46,22.24,1,3,0,8,7,0,0,0,0,1,0,3,11,0,54,239.14,1,528,12,1,1
1412,1943,Graduation,Single,36572.92,2,0,2012-08-06,19,304.91,28.66,161.88,43.59,23.05,9.6,2,3,3,6,4,1,0,0,0,0,0,3,11,1,83,571.69,2,876,14,1,1
1413,1961,Master,Married,41892.13,0,1,2012-06-21,47,110.39,29.89,69.15,32.62,7.17,65.85,5,7,2,4,2,0,0,0,0,0,0,3,11,0,65,315.07,1,922,18,0,3
1414,1941,Graduation,Together,22569.51,0,0,2013-08-30,17,230.19,8.65,119.96,9.07,8.31,27.3,3,1,4,2,3,1,0,0,0,0,0,3,11,0,85,403.48,0,487,10,1,1
1415,1949,Graduation,Married,58998.6,1,0,2014-11-01,76,444.94,62.24,122.25,57.34,20.2,27.16,2,6,2,5,5,0,1,0,0,0,0,3,11,0,77,734.1300000000001,1,59,15,1,3
1416,1944,Graduation,Married,40477.68,0,0,2014-05-07,69,280.08,14.99,134.59,18.23,11.58,48.29,0,7,1,5,4,0,0,0,0,0,0,3,11,0,82,507.76,0,237,13,0,3
1417,1998,Graduation,Divorced,25431.96,0,1,2013-10-18,73,139.57,28.85,84.87,25.6,7.22,21.82,4,6,4,6,3,0,0,0,0,0,0,3,11,0,28,307.93,1,438,20,0,3
1418,1949,Master,Divorced,24862.86,0,1,2014-08-26,92,119.91,14.79,71.83,13.54,3.85,10.89,1,6,2,4,9,0,0,0,1,0,0,3,11,0,77,234.80999999999997,1,126,13,1,3
1419,1972,Graduation,Divorced,68889.95,0,1,2013-03-16,5,233.29,31.29,407.76,15.75,14.69,16.42,0,1,4,7,3,0,0,0,0,0,0,3,11,0,54,719.1999999999999,1,654,12,0,1
1420,1993,Master,Together,38088.77,0,0,2013-09-08,38,159.45,10.25,78.9,13.56,29.51,36.95,4,3,1,5,3,0,0,0,0,0,0,3,11,0,33,328.61999999999995,0,478,13,0,1
1421,1977,Basic,Single,71406.26,0,0,2012-08-13,10,990.25,31.05,591.06,35.4,30.05,35.58,0,3,0,4,4,0,0,0,0,0,0,3,11,1,49,1713.39,0,869,7,0,0
1422,1952,Graduation,Married,83188.32,0,1,2013-01-05,24,1070.61,33.75,558.48,121.36,28.15,128.76,3,2,2,3,1,0,0,0,0,0,0,3,11,1,74,1941.11,1,724,10,0,0
1423,1970,Basic,Married,66768.01,1,0,2012-01-28,93,651.19,14.39,386.89,73.6,30.52,54.03,2,3,2,3,5,0,0,0,0,0,0,3,11,0,56,1210.62,1,1067,10,0,0
1425,1975,2n Cycle,Together,16331.67,0,1,2014-09-21,83,32.68,4.62,25.97,28.28,7.51,38.54,2,5,2,4,3,0,0,0,0,0,0,3,11,0,51,137.6,1,100,13,0,3
1426,1984,Graduation,Married,50271.75,0,0,2012-01-16,57,417.02,32.76,291.58,23.41,31.88,57.01,0,4,0,3,1,0,0,0,0,1,0,3,11,0,42,853.6599999999999,0,1079,7,1,3
1427,1963,Master,Married,102398.83,0,0,2012-11-28,36,674.29,102.81,337.93,58.7,28.25,9.17,4,2,1,4,8,0,0,1,0,0,0,3,11,1,63,1211.15,0,762,11,1,0
1428,1991,Graduation,Together,43732.38,1,1,2013-04-27,15,596.63,9.6,168.71,21.93,13.83,26.21,1,4,2,7,6,0,0,0,0,0,0,3,11,0,35,836.9100000000001,2,612,14,0,1
1429,1995,Graduation,Single,20011.73,1,0,2013-07-19,94,66.14,25.63,97.39,8.59,11.35,7.0,2,4,1,7,7,0,0,0,0,0,0,3,11,0,31,216.1,1,529,14,0,3
1430,1954,PhD,Together,33862.0,1,0,2012-04-23,92,150.56,14.37,185.76,7.2,48.33,16.82,2,5,3,1,3,0,0,0,0,0,0,3,11,0,72,423.04,1,981,11,0,3
1431,1968,Master,Married,41212.9,0,1,2012-02-07,69,121.97,10.53,95.44,26.22,44.56,30.32,1,3,2,4,4,0,1,0,0,0,0,3,11,0,58,329.04,1,1057,10,1,3
1432,1947,Graduation,Married,28589.78,1,0,2013-03-29,92,228.37,20.65,82.65,8.49,18.6,28.37,2,3,2,9,8,0,0,0,0,0,0,3,11,0,79,387.13000000000005,1,641,16,0,3
1433,1944,Graduation,Married,15905.47,1,1,2014-01-11,95,152.72,5.58,173.6,10.0,7.99,14.93,3,6,1,14,6,0,0,0,0,0,0,3,11,0,82,364.82,2,353,24,0,3
1434,1968,Master,Married,42653.29,0,0,2012-06-14,72,194.47,18.62,386.05,97.44,45.33,65.35,1,7,3,3,5,0,0,1,0,0,0,3,11,0,58,807.26,0,929,14,1,3
1435,1986,Master,Single,32404.4,0,1,2013-11-24,36,121.02,11.66,82.0,15.32,23.94,38.1,1,6,1,7,4,0,0,0,1,1,0,3,11,0,40,292.04,1,401,15,2,1
1436,1943,2n Cycle,Together,90136.16,0,0,2012-07-23,52,1958.78,25.32,1051.42,65.03,10.44,102.11,5,6,0,4,7,0,0,1,0,1,0,3,11,1,83,3213.1000000000004,0,890,15,2,0
1437,1951,Master,Single,46185.14,1,0,2014-05-27,86,444.74,32.7,267.29,51.08,11.25,41.82,1,5,7,4,2,0,0,0,0,0,0,3,11,0,75,848.8800000000001,1,217,17,0,3
1438,1984,2n Cycle,Married,53521.12,1,1,2012-09-01,15,430.05,20.67,197.62,40.65,30.06,92.95,3,1,2,4,13,0,0,0,0,0,0,3,11,0,42,812.0,2,850,10,0,1
1439,1941,Master,Single,42292.52,0,1,2014-07-31,17,424.85,8.19,311.18,32.36,6.64,28.07,1,7,2,6,7,0,0,0,1,0,0,3,11,1,85,811.2900000000001,1,152,16,1,1
1440,1966,Graduation,Married,46050.47,1,0,2014-03-31,18,114.64,29.39,181.47,23.78,12.32,31.04,1,3,0,11,9,0,0,0,0,0,0,3,11,0,60,392.64,1,274,15,0,1
1441,1970,Graduation,Together,22904.31,0,0,2013-05-21,43,90.59,5.09,64.92,12.79,6.9,5.86,1,0,3,7,8,0,0,0,0,0,0,3,11,0,56,186.15000000000003,0,588,11,0,1
1442,1990,Master,Single,29258.74,0,1,2014-07-12,1,215.25,6.72,135.29,10.56,11.5,44.24,0,5,4,8,3,0,0,1,0,1,0,3,11,0,36,423.56,1,171,17,2,1
1443,1990,PhD,Married,68558.72,2,0,2013-02-13,57,436.96,64.3,250.36,73.12,26.46,52.53,4,1,0,2,3,0,0,0,0,0,0,3,11,0,36,903.73,2,685,7,0,2
1444,1975,Graduation,Married,48232.33,2,2,2012-11-05,9,211.46,10.79,151.93,10.89,18.59,224.99,2,6,1,5,4,1,0,0,0,0,0,3,11,0,51,628.65,4,785,14,1,2
1445,1975,Graduation,Divorced,37820.15,0,2,2012-03-08,75,250.85,4.32,157.43,43.48,28.45,23.79,0,4,1,5,4,0,1,0,0,1,0,3,11,0,51,508.3200000000001,2,1027,10,2,2
1446,1965,2n Cycle,Married,53877.51,0,1,2012-04-23,45,213.54,35.9,93.22,14.9,21.07,45.59,3,2,0,2,4,0,0,0,1,0,0,3,11,0,61,424.2199999999999,1,981,7,1,1
1447,1982,PhD,Single,54303.54,0,0,2012-08-07,81,414.28,20.75,146.46,62.11,19.77,60.48,2,1,4,3,7,0,0,0,0,0,0,3,11,0,44,723.85,0,875,10,0,3
1448,1966,Graduation,Married,98356.89,0,0,2012-08-07,18,1409.01,39.58,839.35,51.06,20.07,40.74,1,6,1,6,1,1,0,1,0,0,1,3,11,1,60,2399.81,0,875,14,2,0
1449,1944,Graduation,Single,47345.48,1,1,2013-12-30,37,547.24,17.98,303.01,14.51,40.14,47.11,0,5,1,7,8,0,0,0,0,0,0,3,11,0,82,969.99,2,365,13,0,2
1450,1959,Graduation,Married,28998.43,2,0,2014-01-18,36,361.41,15.28,167.88,26.35,8.89,23.76,2,5,1,4,4,0,0,0,0,0,0,3,11,0,67,603.5699999999999,2,346,12,0,2
1451,1950,Graduation,Married,42349.9,1,0,2014-07-31,90,320.53,12.36,310.55,47.46,10.11,28.32,0,5,3,5,6,0,0,1,0,0,0,3,11,0,76,729.3300000000002,1,152,13,1,3
1452,1949,Graduation,Together,56558.24,0,0,2013-01-20,77,319.17,62.88,246.65,27.91,29.47,91.72,2,2,3,5,5,0,0,0,1,0,0,3,11,0,77,777.8000000000001,0,709,12,1,3
1453,1979,Graduation,Married,66056.36,1,0,2014-07-18,44,385.95,12.49,262.46,65.34,19.12,30.82,1,1,1,2,2,1,0,0,0,0,0,3,11,1,47,776.1800000000001,1,165,5,1,1
1454,1977,Master,Together,23248.3,0,0,2013-02-08,33,218.98,13.92,166.57,3.79,7.77,22.0,3,4,2,3,5,1,0,0,0,0,0,3,11,0,49,433.03,0,690,12,1,1
1455,1945,Graduation,Married,49093.54,2,0,2013-05-06,1,253.19,33.09,211.82,14.27,26.29,94.29,0,1,3,6,7,0,0,0,0,0,0,3,11,0,81,632.9499999999999,2,603,10,0,1
1456,1947,Master,Married,30980.03,1,1,2012-12-22,43,175.19,9.01,87.85,43.19,11.68,16.27,5,9,3,8,1,0,0,0,0,0,0,3,11,0,79,343.18999999999994,2,738,25,0,2
1457,1962,Basic,Married,35360.38,1,0,2012-08-02,96,239.28,8.77,121.2,19.85,64.9,23.74,1,4,2,8,6,0,0,0,1,1,0,3,11,0,64,477.74,1,880,15,2,3
1458,1986,Graduation,Married,62214.03,0,0,2014-01-21,82,282.2,52.52,236.69,13.07,27.27,203.9,1,2,3,4,9,1,0,0,0,0,0,3,11,1,40,815.65,0,343,10,1,3
1459,1965,Master,Divorced,59784.36,0,0,2014-04-06,26,300.68,15.13,231.87,25.23,39.71,63.77,3,5,2,3,7,1,0,0,1,0,0,3,11,1,61,676.3900000000001,0,268,13,2,1
1460,1985,Graduation,Married,33817.68,0,1,2013-06-11,47,268.55,10.78,139.18,12.47,4.84,20.03,4,3,0,6,4,0,0,0,0,0,0,3,11,0,41,455.85,1,567,13,0,1
1461,1982,Basic,Together,41641.94,1,0,2014-07-04,93,271.19,32.52,264.6,24.2,11.39,54.08,3,3,0,6,2,0,0,1,0,0,0,3,11,0,44,657.98,1,179,12,1,3
1462,1951,Graduation,Married,35795.14,0,1,2013-10-27,6,229.18,16.76,203.02,18.39,8.55,20.43,3,7,1,4,4,1,0,0,0,0,0,3,11,0,75,496.33,1,429,15,1,1
1464,1952,PhD,Divorced,49580.02,0,0,2013-06-18,84,584.41,64.85,327.81,30.53,29.17,90.64,2,9,2,4,4,0,0,0,0,1,0,3,11,0,74,1127.41,0,560,17,1,3
1465,1979,Graduation,Married,31704.29,1,0,2013-07-07,70,209.4,10.58,181.96,46.02,27.06,13.12,2,7,2,2,1,0,0,0,0,0,0,3,11,0,47,488.14,1,541,13,0,3
1466,1957,Graduation,Widow,75272.25,0,0,2012-11-23,88,615.91,27.1,505.93,62.34,42.44,262.96,5,5,1,7,5,0,0,0,0,0,0,3,11,1,69,1516.68,0,767,18,0,0
1467,1964,Master,Married,76342.46,1,2,2014-06-20,17,792.67,40.81,340.44,64.49,30.55,45.67,1,1,4,5,4,0,0,1,0,0,0,3,11,1,62,1314.63,3,193,11,1,0
1468,1972,Master,Single,90823.04,1,1,2012-05-29,32,738.98,60.59,600.87,117.3,28.52,262.1,1,7,2,7,4,0,0,0,0,0,0,3,11,1,54,1808.36,2,945,17,0,0
1470,1979,PhD,Divorced,58869.94,0,0,2013-10-18,95,591.09,9.97,201.7,17.72,93.53,87.4,0,3,1,6,7,0,0,0,0,0,1,3,11,0,47,1001.41,0,438,10,0,3
1471,1999,Graduation,Together,38563.41,0,2,2014-03-16,24,233.78,29.02,158.73,51.07,19.17,41.76,0,2,1,5,3,0,0,0,0,0,0,3,11,0,27,533.53,2,289,8,0,1
1472,1982,Master,Together,40902.78,0,0,2012-10-19,13,312.31,29.29,264.94,28.49,32.95,54.26,0,4,4,5,4,0,0,0,0,0,0,3,11,0,44,722.24,0,802,13,0,1
1473,1951,Graduation,Married,39465.02,0,0,2014-07-07,37,225.33,16.67,134.13,27.54,22.24,56.6,3,2,1,8,5,0,0,0,0,0,0,3,11,0,75,482.5100000000001,0,176,14,0,1
1474,1983,Basic,Married,37740.83,0,1,2013-11-19,37,197.68,27.75,145.64,16.57,27.23,22.46,1,7,2,7,8,0,0,0,0,0,0,3,11,0,43,437.33,1,406,17,0,1
1475,1975,Graduation,Divorced,72836.66,1,2,2014-08-14,3,734.97,58.5,690.9,32.29,16.61,26.65,2,4,0,3,7,0,0,0,1,0,0,3,11,1,51,1559.9199999999998,3,138,9,1,0
1476,1987,Graduation,Married,44368.65,0,0,2014-12-20,61,198.92,8.88,172.98,47.34,15.18,34.53,0,5,2,5,6,0,0,0,0,0,0,3,11,0,39,477.83,0,10,12,0,3
1477,1943,Graduation,Married,65419.05,1,0,2013-02-19,81,973.64,85.71,540.86,75.82,38.03,60.01,1,2,4,6,8,0,0,0,0,0,0,3,11,1,83,1774.07,1,679,13,0,0
1478,1944,Graduation,Single,58139.85,0,0,2013-08-20,9,365.89,10.46,229.49,59.73,55.18,35.15,1,2,2,5,5,0,0,0,0,0,0,3,11,0,82,755.8999999999999,0,497,10,0,1
1479,1995,PhD,Married,28582.16,1,0,2012-01-07,34,544.7,6.63,690.59,29.53,8.02,27.09,5,0,3,6,3,0,0,0,0,0,0,3,11,0,31,1306.56,1,1088,14,0,1
1480,1976,Graduation,Divorced,22317.57,1,0,2014-07-06,98,104.21,8.75,98.52,20.16,3.02,21.82,1,3,3,4,3,0,0,0,0,0,0,3,11,0,50,256.48,1,177,11,0,3
1481,1947,Master,Single,27047.09,1,2,2012-03-25,22,217.68,39.36,129.62,18.79,9.2,12.57,4,4,1,4,1,0,0,0,0,0,0,3,11,0,79,427.22,3,1010,13,0,2
1482,1981,Graduation,Together,37395.94,1,1,2014-02-12,88,218.31,14.25,138.68,21.61,31.43,38.03,1,5,1,7,6,0,0,1,0,0,0,3,11,0,45,462.31000000000006,2,321,14,1,2
1483,1988,Graduation,Divorced,46804.34,1,1,2014-08-14,64,298.89,21.05,159.98,62.11,8.3,31.99,1,2,2,7,9,0,0,1,0,0,0,3,11,0,38,582.3199999999999,2,138,12,1,2
1484,1967,Graduation,Married,34223.91,2,1,2014-12-06,81,453.6,37.06,384.02,17.56,7.74,18.04,2,4,4,5,5,0,0,0,0,1,0,3,11,0,59,918.02,3,24,15,1,2
1485,1970,Graduation,Married,58760.55,0,0,2013-08-28,78,184.96,22.5,229.25,47.1,29.58,75.62,1,2,1,8,5,1,0,1,1,0,1,3,11,1,56,589.0100000000001,0,489,12,3,3
1486,1997,Graduation,Together,35915.56,0,1,2013-03-01,24,168.1,8.12,147.56,14.23,15.36,18.08,1,7,0,7,4,0,0,0,0,0,0,3,11,0,29,371.45,1,669,15,0,1
1487,1948,Graduation,Married,49157.41,0,1,2013-03-01,95,384.63,17.55,200.59,21.25,32.2,29.99,4,4,1,6,6,0,0,0,0,0,0,3,11,0,78,686.21,1,669,15,0,3
1488,1993,Graduation,Single,46491.87,0,0,2014-01-05,52,432.67,48.52,264.54,25.9,10.2,38.95,3,3,3,6,5,0,0,0,0,0,0,3,11,0,33,820.7800000000001,0,359,15,0,3
1489,1990,Graduation,Divorced,88767.27,0,1,2014-03-01,83,331.05,42.47,205.74,35.18,33.49,162.47,2,4,1,6,6,0,0,0,0,0,0,3,11,0,36,810.4,1,304,13,0,0
1490,1968,PhD,Together,30028.54,0,0,2013-05-29,16,314.98,43.85,271.86,31.11,28.21,27.05,3,8,1,6,4,0,0,0,0,0,0,3,11,0,58,717.0600000000001,0,580,18,0,1
1491,1953,PhD,Married,107298.25,0,1,2014-01-10,56,794.58,76.6,463.67,30.68,24.05,118.21,2,3,1,5,2,0,0,0,0,0,0,3,11,1,73,1507.7900000000002,1,354,11,0,0
1492,1979,Graduation,Widow,34970.5,0,2,2012-05-10,74,232.08,10.89,155.86,23.83,38.9,23.47,2,3,3,4,1,0,0,0,0,0,0,3,11,0,47,485.03,2,964,12,0,2
1493,1980,Graduation,Together,25951.31,0,0,2012-11-18,76,132.15,12.27,67.95,18.04,6.27,19.87,2,3,2,5,1,1,0,0,0,0,0,3,11,0,46,256.55,0,772,12,1,3
1494,1961,2n Cycle,Together,40669.51,2,1,2014-04-02,88,93.26,11.18,69.31,8.81,31.04,31.69,0,7,1,6,5,0,0,0,0,0,0,3,11,0,65,245.29,3,272,14,0,2
1496,1962,Master,Divorced,63454.73,1,1,2012-03-06,24,817.18,427.53,741.73,47.49,14.64,42.63,1,4,0,3,6,0,1,0,0,0,0,3,11,1,64,2091.2000000000003,2,1029,8,1,0
1497,1940,Graduation,Together,56454.24,0,0,2013-12-18,41,130.61,47.7,136.4,46.87,19.21,101.22,1,3,1,4,6,0,0,0,0,0,0,3,11,0,86,482.01,0,377,9,0,1
1498,1985,Master,Single,60966.19,2,0,2012-01-31,44,379.0,46.86,171.16,34.62,38.77,39.11,5,3,1,3,4,0,0,0,0,0,0,3,11,0,41,709.52,2,1064,12,0,2
1499,1976,Master,Single,32603.1,1,0,2014-06-03,30,168.49,10.29,67.86,31.41,14.89,9.39,4,2,0,7,5,0,0,0,0,0,0,3,11,0,50,302.33,1,210,13,0,1
1500,1960,PhD,Married,50534.81,1,1,2012-07-09,64,692.67,59.42,374.72,30.38,45.33,210.23,1,3,3,3,8,0,0,0,1,0,0,3,11,1,66,1412.75,2,904,10,1,2
1501,1965,2n Cycle,Together,44400.27,1,0,2013-02-18,51,358.98,39.38,98.27,28.74,48.18,29.27,3,2,2,4,3,0,0,0,0,1,0,3,11,0,61,602.8199999999999,1,680,11,1,3
1502,1985,Graduation,Single,91457.23,0,2,2014-01-16,79,480.42,129.68,260.27,68.28,20.62,161.36,1,5,3,5,4,0,0,0,0,0,0,3,11,1,41,1120.63,2,348,14,0,0
1503,1975,Graduation,Married,42468.8,2,0,2014-12-05,91,346.83,58.49,165.32,47.55,9.16,79.16,5,4,2,4,1,0,0,0,1,0,0,3,11,0,51,706.5099999999999,2,25,15,1,2
1504,1993,Master,Single,38127.44,1,2,2013-01-09,20,194.12,7.2,57.75,16.32,7.99,53.94,2,8,5,3,7,1,0,0,0,0,0,3,11,1,33,337.32,3,720,18,1,2
1505,1962,Master,Divorced,27835.86,1,1,2013-07-11,29,218.61,6.56,210.69,13.34,7.44,19.83,2,6,2,3,6,0,0,0,0,0,0,3,11,0,64,476.47,2,537,13,0,2
1506,1996,Graduation,Together,46910.92,1,0,2013-07-31,2,469.39,11.78,216.11,20.16,41.72,44.71,5,5,3,6,5,0,0,0,0,0,0,3,11,0,30,803.87,1,517,19,0,1
1507,1940,Graduation,Single,49870.29,0,0,2012-02-01,97,283.79,12.98,142.75,26.23,32.0,18.63,1,3,2,6,3,0,0,0,1,0,0,3,11,0,86,516.3800000000001,0,1063,12,1,3
1508,1993,Graduation,Single,27429.24,1,1,2012-02-27,69,392.36,15.27,150.85,41.43,9.07,72.64,2,4,3,5,9,0,0,0,0,0,0,3,11,0,33,681.62,2,1037,14,0,2
1509,1994,Graduation,Single,53170.84,0,1,2012-11-07,42,180.9,17.35,86.36,48.13,24.22,25.59,5,4,0,3,5,1,0,0,0,0,0,3,11,0,32,382.55,1,783,12,1,1
1510,1990,Master,Together,48692.09,1,1,2014-12-26,28,128.35,77.43,149.67,15.86,51.85,33.55,0,2,2,4,6,0,0,0,0,0,0,3,11,0,36,456.71,2,4,8,0,1
1511,1979,PhD,Married,66528.01,0,0,2013-11-20,2,337.71,95.65,533.52,29.79,95.84,56.65,0,5,1,4,5,0,0,0,0,0,0,3,11,0,47,1149.16,0,405,10,0,0
1512,1954,Graduation,Together,72037.87,2,0,2012-08-22,57,663.87,32.9,396.52,57.83,38.59,54.19,0,3,3,6,9,0,0,0,0,0,0,3,11,0,72,1243.9,2,860,12,0,0
1513,1960,Graduation,Single,46060.53,0,2,2013-10-04,32,159.11,68.26,190.15,17.16,4.28,24.92,1,5,2,4,3,0,0,0,0,0,0,3,11,0,66,463.88,2,452,12,0,2
1514,1986,Graduation,Together,29303.26,0,0,2014-12-13,74,78.02,32.81,53.77,12.17,16.06,54.28,5,7,5,4,7,0,0,0,0,0,0,3,11,0,40,247.11,0,17,21,0,3
1515,1948,Graduation,Single,31816.85,1,0,2014-03-12,44,144.87,11.13,62.92,45.77,25.56,45.15,3,2,4,5,5,0,0,0,0,0,0,3,11,0,78,335.4,1,293,14,0,1
1516,1992,PhD,Married,89756.08,1,0,2012-08-26,68,510.97,12.33,316.29,39.88,47.09,87.37,10,6,6,4,6,0,0,0,1,0,0,3,11,1,34,1013.9300000000002,1,856,26,1,0
1517,1948,2n Cycle,Together,47391.39,1,1,2012-04-21,31,1407.93,19.07,403.31,53.94,33.6,29.92,2,7,4,4,4,0,0,0,0,0,0,3,11,0,78,1947.77,2,983,17,0,0
1518,1949,Master,Married,89184.41,0,1,2013-04-20,81,1530.18,27.78,455.36,121.59,50.66,135.52,2,1,2,6,8,0,0,0,0,0,0,3,11,1,77,2321.09,1,619,11,0,0
1519,1991,Graduation,Single,54146.14,0,0,2012-10-30,83,547.97,28.1,852.63,22.38,11.84,32.88,5,5,1,7,9,0,0,0,0,0,0,3,11,1,35,1495.8000000000002,0,791,18,0,3
1520,1996,Basic,Together,59963.68,1,0,2012-10-16,51,419.98,29.01,246.96,22.57,16.16,123.45,3,8,4,5,4,0,0,0,1,0,0,3,11,0,30,858.1300000000001,1,805,20,1,3
1521,1992,Master,Married,64568.98,2,0,2012-07-26,63,681.67,30.75,128.96,35.12,24.42,55.39,2,6,2,4,4,0,0,0,0,0,0,3,11,0,34,956.31,2,887,14,0,2
1522,1965,Master,Married,27193.81,1,0,2014-05-17,39,116.25,17.07,64.25,9.08,23.63,45.64,1,6,1,11,2,0,0,0,0,0,0,3,11,0,61,275.92,1,227,19,0,1
1523,1980,Graduation,Single,50150.33,0,0,2013-08-04,91,330.4,11.11,206.88,34.62,14.52,37.58,2,3,1,6,6,0,1,0,0,0,0,3,11,0,46,635.11,0,513,12,1,3
1524,1974,Graduation,Together,27043.46,2,2,2013-01-04,12,165.09,15.87,117.44,15.34,16.3,22.65,6,2,3,2,5,0,0,0,0,0,0,3,11,0,52,352.68999999999994,4,725,13,0,2
1525,1991,Graduation,Married,39578.25,0,0,2012-08-07,89,273.84,13.94,236.17,31.54,21.77,66.25,1,5,2,8,2,0,0,0,0,0,0,3,11,0,35,643.5099999999999,0,875,16,0,3
1526,1964,Graduation,Widow,57300.68,0,0,2014-03-12,79,546.84,29.62,260.32,85.05,68.05,171.49,3,4,2,4,4,0,1,0,0,0,0,3,11,1,62,1161.37,0,293,13,1,3
1527,1965,Graduation,Single,29432.84,0,1,2014-03-29,88,267.73,23.97,145.11,30.86,13.16,60.23,3,4,1,5,4,1,0,0,0,0,0,3,11,0,61,541.0600000000001,1,276,13,1,3
1528,1950,Graduation,Divorced,55477.62,0,0,2012-12-14,73,318.63,12.2,208.46,47.76,8.88,75.35,4,9,5,5,3,0,0,0,0,0,0,3,11,0,76,671.28,0,746,23,0,3
1529,1977,Graduation,Together,24358.9,1,1,2012-09-11,28,186.3,9.43,74.49,4.81,16.47,27.84,4,5,2,7,10,0,0,0,0,0,0,3,11,0,49,319.34,2,840,18,0,2
1530,1941,Master,Together,70075.46,0,0,2013-03-27,62,485.82,29.93,480.61,58.69,115.89,41.48,3,4,1,4,5,0,0,0,0,0,0,3,11,0,85,1212.42,0,643,12,0,0
1531,1946,Graduation,Divorced,34003.72,0,0,2012-05-21,83,104.5,11.45,122.85,61.36,23.91,32.57,2,5,3,2,5,0,0,0,0,0,0,3,11,0,80,356.64000000000004,0,953,12,0,3
1532,1957,Graduation,Together,29411.85,0,2,2014-12-28,25,173.97,23.14,126.05,3.1,8.41,13.65,4,3,1,5,6,0,0,0,0,0,0,3,11,0,69,348.32000000000005,2,2,13,0,1
1533,1966,2n Cycle,Single,24980.67,0,1,2012-03-29,95,203.77,7.43,123.74,24.25,5.98,25.11,3,3,1,6,2,0,1,0,0,0,0,3,11,0,60,390.28,1,1006,13,1,3
1534,1973,Basic,Married,35180.9,1,0,2014-05-20,58,619.97,11.56,294.43,20.52,9.11,36.76,1,5,1,3,4,0,0,0,0,1,0,3,11,1,53,992.35,1,224,10,1,3
1535,1966,Master,Together,20680.68,0,1,2013-06-06,48,330.75,6.19,240.29,7.97,31.55,5.12,2,2,4,5,0,0,0,0,1,0,0,3,11,0,60,621.87,1,572,13,1,1
1536,1956,2n Cycle,Married,35619.21,0,2,2013-10-21,52,215.55,31.45,152.16,36.98,13.42,29.25,0,6,0,5,8,0,0,1,0,0,0,3,11,0,70,478.81,2,435,11,1,2
1537,1982,PhD,Married,68857.53,1,0,2014-08-08,87,201.1,23.5,217.52,123.29,21.21,70.87,1,4,4,5,5,0,0,0,0,0,0,3,11,0,44,657.49,1,144,14,0,3
1538,1998,2n Cycle,Married,41130.92,1,0,2014-06-28,30,140.03,24.85,123.75,42.04,17.15,31.39,2,4,3,6,4,0,0,0,0,0,0,3,11,0,28,379.21,1,185,15,0,1
1539,1983,Graduation,Married,27694.6,1,2,2013-03-17,11,243.81,41.55,73.79,14.23,10.5,27.55,2,3,2,4,5,0,0,0,0,0,0,3,11,0,43,411.43000000000006,3,653,11,0,2
1540,1998,Graduation,Widow,48557.57,0,0,2012-02-07,57,737.62,21.29,402.44,17.7,57.03,17.42,3,5,2,4,5,0,0,0,0,0,0,3,11,0,28,1253.5,0,1057,14,0,3
1541,1990,Graduation,Married,46871.18,1,1,2012-07-28,35,470.24,41.88,279.84,32.82,11.69,23.61,1,3,1,7,2,0,0,0,0,0,0,3,11,0,36,860.0800000000002,2,885,12,0,2
1542,1993,Graduation,Single,97017.24,2,1,2013-05-27,9,542.66,121.26,239.88,105.16,90.33,144.85,3,3,2,7,5,0,0,0,0,0,0,3,11,0,33,1244.14,3,582,15,0,0
1543,1963,Graduation,Single,60857.38,1,1,2014-10-21,5,434.48,51.68,290.77,30.97,30.03,48.85,2,3,2,6,4,0,0,0,0,0,0,3,11,0,63,886.7800000000001,2,70,13,0,1
1544,1964,PhD,Together,50123.2,1,0,2014-09-07,6,169.68,22.75,213.29,27.03,47.42,49.32,1,2,2,5,3,0,0,0,0,0,0,3,11,0,62,529.49,1,114,10,0,1
1545,1946,Master,Married,63705.53,0,0,2013-01-15,30,633.33,42.94,730.48,222.34,75.5,36.83,3,8,3,3,2,0,0,0,0,0,0,3,11,1,80,1741.4199999999998,0,714,17,0,0
1546,1991,PhD,Single,42034.57,2,1,2014-04-07,90,360.5,8.9,258.6,51.54,20.28,34.13,1,3,2,6,3,0,0,0,0,0,0,3,11,0,35,733.9499999999999,3,267,12,0,2
1547,1945,Graduation,Together,43037.83,0,0,2014-05-08,71,280.93,12.36,208.49,55.08,16.33,8.68,1,6,3,5,3,0,0,0,0,0,0,3,11,0,81,581.87,0,236,15,0,3
1548,1992,Master,Single,86126.82,0,0,2013-01-28,2,728.97,27.47,445.11,23.02,41.09,114.81,1,3,1,6,7,0,0,0,0,0,0,3,11,0,34,1380.47,0,701,11,0,0
1549,1963,PhD,Single,23058.01,0,0,2014-12-09,46,277.57,40.55,317.89,9.68,9.99,54.74,1,3,3,4,4,0,1,0,0,0,0,3,11,0,63,710.42,0,21,11,1,1
1550,1972,Graduation,Widow,65328.14,0,0,2013-01-30,84,967.03,18.4,643.53,43.86,11.08,27.67,0,1,2,12,3,0,0,0,0,0,0,3,11,1,54,1711.57,0,699,15,0,0
1551,1988,Master,Together,42433.08,2,2,2012-02-01,0,347.42,11.84,64.03,14.94,49.39,19.37,2,4,1,5,3,1,0,0,0,0,0,3,11,0,38,506.99,4,1063,12,1,2
1552,1968,Graduation,Married,39474.27,1,0,2013-06-28,44,588.29,9.67,264.17,66.19,20.98,41.27,1,6,2,4,5,0,0,0,0,0,0,3,11,0,58,990.57,1,550,13,0,1
1553,1982,Graduation,Single,35555.2,1,2,2013-12-12,53,174.68,22.81,140.95,53.2,8.11,69.08,2,2,1,8,8,0,0,0,0,0,0,3,11,0,44,468.83,3,383,13,0,2
1554,1961,Basic,Married,47167.94,1,0,2014-11-15,49,261.06,23.56,205.66,21.98,6.26,37.8,5,5,2,3,5,0,0,0,0,0,1,3,11,0,65,556.3199999999999,1,45,15,0,1
1555,1965,Graduation,Divorced,43590.23,0,1,2014-12-20,78,121.06,38.36,119.16,81.61,4.95,16.73,4,6,2,5,3,0,0,0,0,0,0,3,11,0,61,381.87000000000006,1,10,17,0,3
1556,1967,Graduation,Married,37575.93,0,0,2013-07-06,6,163.6,25.77,148.57,24.06,27.35,26.6,2,6,4,7,4,0,0,0,1,1,0,3,11,1,59,415.9500000000001,0,542,19,2,1
1557,1989,Basic,Married,33487.81,1,1,2012-07-16,62,195.26,6.71,128.26,101.65,10.59,14.48,2,3,4,3,4,0,0,0,0,0,0,3,11,0,37,456.95,2,897,12,0,2
1558,1960,Master,Single,20699.56,1,1,2014-03-09,14,151.54,5.85,111.7,14.49,7.22,11.12,5,4,0,5,9,1,1,1,0,0,0,3,11,0,66,301.92,2,296,14,3,1
1559,1988,Graduation,Together,33205.76,0,0,2013-11-24,88,265.95,34.54,193.68,30.12,20.41,22.2,0,0,1,5,7,0,0,0,1,0,0,3,11,0,38,566.9,0,401,6,1,3
1560,1946,Graduation,Together,36137.34,1,2,2012-05-26,66,143.13,14.67,74.22,53.73,12.16,16.6,0,3,1,4,2,0,0,0,0,0,0,3,11,0,80,314.51000000000005,3,948,8,0,2
1561,1956,Graduation,Together,47121.87,0,0,2013-05-12,29,167.13,44.06,109.68,65.11,29.99,23.71,2,1,2,3,8,0,0,0,0,1,0,3,11,1,70,439.68,0,597,8,1,1
1562,1959,PhD,Single,97268.88,0,1,2012-02-17,77,369.04,40.77,209.46,84.83,47.22,81.62,1,1,0,4,6,0,0,0,0,0,0,3,11,0,67,832.94,1,1047,6,0,0
1563,1980,Graduation,Married,34669.57,0,2,2014-02-08,67,112.87,8.9,112.14,20.45,15.11,31.65,0,4,3,2,7,0,0,0,0,1,0,3,11,0,46,301.12,2,325,9,1,2
1564,1988,Graduation,Divorced,29451.72,0,1,2013-10-12,35,167.26,11.26,103.99,25.74,5.26,10.06,3,4,3,4,5,0,0,0,1,0,0,3,11,0,38,323.57,1,444,14,1,1
1565,1959,2n Cycle,Married,33329.61,1,2,2013-09-04,66,225.18,8.55,242.6,13.11,9.35,33.92,3,2,2,5,4,0,0,1,0,0,0,3,11,0,67,532.71,3,482,12,1,2
1566,1993,PhD,Single,47161.72,1,0,2013-11-29,4,227.97,15.4,315.61,33.17,31.04,30.09,2,2,2,7,5,0,0,0,1,0,0,3,11,0,33,653.28,1,396,13,1,1
1567,1961,Graduation,Single,56131.6,0,0,2013-01-10,24,719.25,29.03,492.06,18.52,17.09,69.39,1,8,4,4,1,0,0,0,0,0,0,3,11,0,65,1345.34,0,719,17,0,0
1568,1967,PhD,Married,59357.76,1,0,2014-03-16,94,191.46,37.0,71.75,13.09,56.1,76.08,2,7,2,5,6,0,0,0,0,0,0,3,11,0,59,445.48,1,289,16,0,3
1569,1979,Master,Together,61764.45,1,0,2014-07-09,10,292.64,10.91,322.96,40.87,115.75,35.75,4,3,0,4,7,0,0,0,1,0,0,3,11,1,47,818.88,1,174,11,1,1
1570,1988,Graduation,Married,65361.73,0,1,2014-05-24,71,383.35,29.66,571.63,89.48,44.43,75.81,3,2,4,1,12,0,0,0,0,0,0,3,11,0,38,1194.36,1,220,10,0,0
1571,1946,Graduation,Single,39673.81,0,0,2014-03-20,89,345.33,12.79,137.41,44.38,44.55,19.27,2,1,1,10,10,1,0,1,0,0,0,3,11,1,80,603.7299999999999,0,285,14,2,3
1572,1940,Master,Together,100836.54,2,1,2014-06-23,65,773.95,31.33,306.1,61.63,71.25,179.04,2,2,2,5,6,0,1,0,0,1,0,3,11,1,86,1423.3000000000002,3,190,11,2,0
1573,1971,Graduation,Together,38487.65,1,0,2014-10-02,27,607.7,19.11,311.07,70.47,12.81,19.12,3,6,2,7,2,0,0,0,0,0,0,3,11,0,55,1040.28,1,89,18,0,1
1574,1952,PhD,Married,46338.86,2,0,2012-02-02,59,973.42,15.27,351.61,21.14,23.96,45.95,3,5,2,5,4,0,0,0,0,0,0,3,11,0,74,1431.35,2,1062,15,0,2
1575,1969,Graduation,Married,74483.35,0,1,2012-03-09,9,630.26,78.27,244.16,15.13,114.3,53.4,2,8,1,6,3,1,0,0,0,0,0,3,11,0,57,1135.52,1,1026,17,1,0
1576,1962,Graduation,Married,55635.12,1,0,2013-08-14,49,288.93,52.03,284.13,9.64,18.63,24.25,3,4,2,3,2,0,0,0,0,0,0,3,11,0,64,677.61,1,503,12,0,3
1577,1990,Graduation,Married,18099.89,0,1,2012-04-10,38,145.13,16.87,81.66,5.72,4.45,24.94,1,1,0,5,2,1,0,0,1,0,0,3,11,0,36,278.77,1,994,7,2,1
1578,1998,Graduation,Together,44455.96,0,0,2014-07-02,36,223.86,15.15,69.74,46.58,10.32,24.68,2,2,0,2,5,0,1,0,0,0,0,3,11,0,28,390.33,0,181,6,1,1
1579,1995,Graduation,Single,62616.61,0,1,2014-01-02,62,905.38,16.12,1195.23,27.46,25.2,18.12,5,4,4,4,5,0,0,0,1,0,0,3,11,1,31,2187.51,1,362,17,1,0
1580,1958,Graduation,Single,25915.9,0,0,2013-01-24,60,122.59,12.48,58.62,21.94,6.51,3.69,2,2,4,3,9,0,0,0,0,0,0,3,11,0,68,225.83,0,705,11,0,3
1581,1971,Master,Together,59890.74,0,0,2012-06-08,84,911.67,25.09,297.64,103.24,74.98,28.43,0,3,1,4,6,0,1,0,0,1,1,3,11,1,55,1441.0500000000002,0,935,8,2,0
1582,1969,2n Cycle,Divorced,51847.48,0,1,2014-06-10,91,144.34,16.5,129.3,17.2,27.07,94.98,5,3,1,5,7,0,0,0,0,0,0,3,11,0,57,429.39,1,203,14,0,3
1583,1968,Master,Single,71222.79,0,1,2014-12-06,37,392.04,16.13,437.61,60.92,58.5,121.55,2,8,1,5,4,0,0,0,0,0,0,3,11,1,58,1086.75,1,24,16,0,0
1584,1988,Basic,Divorced,33631.8,1,0,2013-11-26,32,240.22,15.04,98.19,29.83,12.89,17.53,3,0,3,5,4,0,0,0,0,0,0,3,11,0,38,413.69999999999993,1,399,11,0,1
1585,1984,Graduation,Together,66062.55,0,0,2014-01-27,74,314.69,23.77,268.36,25.3,15.28,42.34,2,11,3,3,6,0,0,0,0,0,0,3,11,0,42,689.7399999999999,0,337,19,0,3
1586,1968,2n Cycle,Married,47280.03,0,0,2013-06-06,44,186.6,32.76,47.21,68.4,9.88,28.7,1,1,2,5,5,0,0,1,0,0,0,3,11,0,58,373.55,0,572,9,1,1
1587,1969,Graduation,Married,89897.02,0,0,2014-01-01,43,1197.59,61.43,439.16,48.56,23.91,32.41,2,3,3,8,3,0,0,0,0,0,0,3,11,1,57,1803.06,0,363,16,0,0
1589,1979,2n Cycle,Married,82070.36,1,1,2012-12-04,52,959.41,17.68,741.71,187.03,51.41,118.64,5,7,0,3,7,0,0,0,0,0,0,3,11,0,47,2075.88,2,756,15,0,0
1590,1958,Master,Married,53755.83,0,0,2014-03-05,46,411.48,31.35,149.81,47.22,35.4,58.36,0,2,3,3,3,0,1,0,0,0,0,3,11,0,68,733.6200000000001,0,300,8,1,1
1591,1957,2n Cycle,Together,112240.77,1,0,2014-06-17,32,948.56,33.26,507.9,125.53,21.07,106.1,2,1,0,9,7,0,0,0,1,0,0,3,11,1,69,1742.4199999999996,1,196,12,1,0
1592,1940,PhD,Together,56465.84,0,1,2012-04-12,66,323.71,12.45,263.41,81.72,25.88,20.34,3,5,4,4,4,0,0,0,0,0,0,3,11,0,86,727.51,1,992,16,0,3
1593,1953,Graduation,Together,30847.83,0,0,2014-03-22,89,254.37,10.94,56.36,13.4,7.64,26.29,1,5,2,3,7,0,0,0,0,0,0,3,11,0,73,369.0,0,283,11,0,3
1594,1990,Graduation,Married,43664.5,1,1,2012-04-02,14,414.26,38.02,370.84,59.33,25.47,8.79,2,8,4,2,6,0,0,0,0,0,0,3,11,0,36,916.71,2,1002,16,0,2
1595,1986,PhD,Married,60154.34,1,0,2014-09-01,13,506.14,22.06,376.64,28.57,36.77,80.03,2,2,1,2,13,0,0,0,0,0,0,3,11,1,40,1050.21,1,120,7,0,1
1596,1989,Graduation,Together,61721.13,0,1,2012-04-28,22,800.89,72.4,769.39,28.58,14.01,57.84,5,5,1,7,4,0,0,0,0,0,0,3,11,1,37,1743.1099999999997,1,976,18,0,0
1597,1941,PhD,Widow,28279.55,1,0,2012-01-29,53,244.2,18.02,181.18,15.42,23.18,10.12,2,5,1,2,10,0,0,0,0,1,0,3,11,0,85,492.12,1,1066,10,1,3
1598,1993,2n Cycle,Single,28640.79,0,1,2014-10-09,7,87.62,10.37,108.6,12.66,53.43,60.62,1,5,2,7,7,1,1,0,0,0,1,3,11,0,33,333.3,1,82,15,2,1
1599,1967,Graduation,Divorced,38695.4,1,0,2014-11-19,53,98.44,35.59,53.07,40.68,29.28,10.57,2,4,1,4,2,0,0,0,1,0,0,3,11,0,59,267.63,1,41,11,1,1
1600,1988,Master,Single,54930.14,1,0,2014-05-21,35,206.81,32.9,123.58,41.39,22.84,60.59,3,2,2,8,6,0,0,1,0,0,0,3,11,1,38,488.11,1,223,15,1,1
1601,1989,Basic,Together,57816.24,1,1,2014-03-10,83,840.64,15.15,393.8,27.64,21.92,64.73,2,6,2,14,5,0,0,1,0,0,0,3,11,1,37,1363.88,2,295,24,1,2
1602,1969,Basic,Married,46935.15,2,0,2013-04-19,51,366.21,65.65,376.91,45.16,18.98,17.9,5,3,3,4,4,1,0,0,1,0,0,3,11,1,57,890.81,2,620,15,2,2
1603,1977,2n Cycle,Single,31768.44,0,0,2013-07-16,5,281.26,17.02,130.25,17.29,9.23,24.92,4,4,2,6,3,0,0,0,0,0,0,3,11,0,49,479.97,0,532,16,0,1
1604,1990,PhD,Together,88856.43,1,0,2013-03-10,96,557.83,41.2,632.41,46.85,47.4,26.7,2,1,2,7,7,0,0,1,0,1,0,3,11,0,36,1352.39,1,660,12,2,0
1605,1943,2n Cycle,Together,28887.86,0,0,2014-03-14,27,254.43,7.93,153.19,19.09,6.69,4.2,0,2,4,7,5,0,1,0,1,0,0,3,11,0,83,445.53,0,291,13,2,1
1606,1940,Master,Together,74677.66,0,2,2012-02-24,49,552.63,69.49,304.59,63.31,11.02,31.57,1,6,1,6,4,0,0,0,0,0,0,3,11,0,86,1032.61,2,1040,14,0,0
1607,1947,Graduation,Together,59607.06,0,1,2014-07-19,37,718.62,37.28,556.87,48.35,31.18,33.04,0,1,3,8,6,0,0,0,0,0,0,3,11,0,79,1425.34,1,164,12,0,0
1608,1968,Graduation,Married,74023.13,0,0,2014-01-21,29,444.12,49.51,236.12,38.21,34.38,87.43,3,2,1,4,1,0,0,0,0,0,0,3,11,0,58,889.77,0,343,10,0,0
1609,1994,Master,Together,37131.71,1,1,2012-11-07,80,318.27,12.56,132.77,39.62,12.09,31.02,0,0,6,4,2,0,0,0,1,0,0,3,11,0,32,546.33,2,783,10,1,2
1610,1978,Graduation,Married,41895.69,1,0,2014-08-14,72,97.53,31.69,107.86,23.53,8.9,35.56,3,5,3,3,3,0,0,0,0,0,0,3,11,0,48,305.07,1,138,14,0,3
1611,1942,PhD,Single,45343.27,1,2,2012-11-13,91,173.82,35.93,136.24,19.65,24.74,19.8,1,6,5,3,7,0,0,0,0,0,0,3,11,0,84,410.18,3,777,15,0,2
1612,1971,Master,Married,36659.98,0,0,2014-01-26,53,84.02,11.25,47.75,9.75,9.28,21.4,4,3,5,6,8,0,0,0,0,1,0,3,11,0,55,183.45,0,338,18,1,3
1613,1949,Graduation,Married,48538.05,0,1,2013-04-09,70,513.51,9.51,345.81,56.2,20.48,22.29,2,3,4,5,6,1,0,0,0,0,0,3,11,1,77,967.8,1,630,14,1,3
1614,1949,PhD,Together,83419.37,2,0,2013-11-30,45,287.64,54.21,278.13,53.95,110.29,32.1,2,5,3,8,8,0,0,0,0,0,0,3,11,1,77,816.32,2,395,18,0,0
1615,1958,Master,Single,26403.89,0,0,2014-12-16,27,186.51,4.71,69.26,19.24,17.89,14.84,2,5,2,7,5,0,0,0,0,0,0,3,11,0,68,312.45,0,14,16,0,1
1616,1985,Graduation,Together,34102.14,1,0,2014-01-04,16,70.25,17.13,84.87,41.0,6.88,28.61,0,6,3,5,2,0,1,0,1,0,0,3,11,0,41,248.74,1,360,14,2,1
1617,1973,Graduation,Married,32653.32,1,0,2014-12-29,47,160.12,11.45,97.9,15.74,6.97,18.58,1,4,4,5,10,0,1,0,0,0,0,3,11,0,53,310.76000000000005,1,1,14,1,1
1618,1999,Graduation,Together,42711.89,1,1,2014-01-08,43,212.94,40.69,164.79,12.02,21.45,28.23,2,5,3,5,4,0,0,0,1,0,0,3,11,0,27,480.12,2,356,15,1,2
1619,1972,Graduation,Married,42015.32,0,0,2014-02-06,59,198.86,15.22,92.3,28.12,8.44,51.15,3,2,1,4,5,0,0,0,0,0,0,3,11,0,54,394.09,0,327,10,0,3
1620,1962,Basic,Divorced,60410.96,1,2,2014-01-13,59,674.46,53.83,250.01,46.65,8.33,35.89,2,5,3,2,3,0,0,0,0,0,0,3,11,0,64,1069.17,3,351,12,0,2
1621,1994,Graduation,Divorced,44958.24,0,0,2012-10-02,4,308.31,15.14,194.79,24.65,28.37,16.2,1,3,1,1,8,0,0,0,0,0,0,3,11,0,32,587.46,0,819,6,0,1
1622,1967,PhD,Together,50068.8,1,1,2012-08-20,68,216.73,41.83,120.96,77.82,27.83,56.34,1,1,4,4,4,0,0,0,0,0,0,3,11,0,59,541.51,2,862,10,0,2
1623,1971,Graduation,Married,52019.78,0,2,2012-02-23,77,197.51,82.11,170.66,7.51,31.26,48.96,1,7,2,5,6,0,0,0,0,0,0,3,11,1,55,538.01,2,1041,15,0,2
1624,1989,Graduation,Single,48930.77,0,1,2012-09-13,69,229.97,11.82,109.79,61.51,26.27,47.82,0,5,1,2,4,0,0,0,0,0,0,3,11,0,37,487.18,1,838,8,0,3
1625,1946,Master,Married,58766.38,0,1,2012-03-30,6,1446.53,32.11,784.06,60.64,25.91,68.64,2,3,1,4,4,0,0,0,0,0,0,3,11,1,80,2417.8899999999994,1,1005,10,0,0
1626,1968,Master,Together,42237.79,1,1,2013-02-11,52,592.79,100.77,426.38,35.66,13.02,44.57,3,3,2,5,4,0,0,0,0,0,0,3,11,0,58,1213.19,2,687,13,0,2
1627,1947,Graduation,Married,85694.79,0,0,2012-12-31,16,505.71,40.89,253.69,7.43,53.56,69.96,0,4,1,6,6,0,0,1,0,0,0,3,11,0,79,931.24,0,729,11,1,0
1628,1940,Graduation,Divorced,122595.79,0,1,2012-12-16,58,595.09,58.34,183.67,170.02,140.76,413.07,1,5,2,7,4,0,0,0,0,0,0,3,11,1,86,1560.95,1,744,15,0,0
1629,1996,Graduation,Married,58835.01,0,0,2013-05-01,8,635.3,43.3,349.51,20.4,19.97,21.84,1,6,4,9,3,0,0,0,0,0,0,3,11,0,30,1090.32,0,608,20,0,1
1630,1994,Graduation,Together,48591.14,2,0,2014-04-21,94,289.64,22.84,162.4,23.0,12.08,27.42,2,5,2,5,5,0,1,0,0,0,0,3,11,0,32,537.38,2,253,14,1,2
1631,1942,Master,Single,56944.53,1,0,2014-09-10,21,604.9,9.37,287.48,33.0,13.21,81.64,6,2,4,3,3,0,1,0,0,0,0,3,11,0,84,1029.6,1,111,15,1,1
1632,1963,Graduation,Together,28554.98,1,1,2013-09-12,44,287.67,25.83,174.07,23.41,7.78,24.96,3,3,0,5,5,0,0,0,0,0,0,3,11,0,63,543.72,2,474,11,0,2
1633,1962,Graduation,Married,47669.27,1,0,2014-07-18,72,553.13,6.57,241.36,44.91,24.68,60.27,2,4,1,5,3,0,0,0,0,0,0,3,11,0,64,930.92,1,165,12,0,3
1634,1998,Graduation,Widow,33106.01,0,0,2013-02-04,58,164.45,11.82,80.69,36.31,4.2,29.41,3,3,0,3,5,1,0,0,0,0,0,3,11,0,28,326.88,0,694,9,1,3
1635,1947,Basic,Together,54393.0,0,0,2013-07-23,79,448.2,51.47,210.3,56.97,32.46,99.54,1,5,1,6,7,0,0,0,0,0,0,3,11,0,79,898.94,0,525,13,0,3
1636,1993,2n Cycle,Together,33171.83,2,2,2014-09-01,99,374.2,12.28,129.43,24.78,22.38,14.54,3,4,1,5,5,0,0,0,0,0,0,3,11,0,33,577.6099999999999,4,120,13,0,2
1637,1996,Graduation,Married,38641.77,0,0,2013-01-26,97,202.96,11.69,195.41,31.84,6.02,69.38,1,2,1,12,2,1,0,0,0,0,0,3,11,0,30,517.3,0,703,16,1,3
1638,1986,Master,Together,20977.62,0,0,2012-12-17,12,174.37,16.3,90.39,7.0,5.35,33.98,1,1,1,4,7,0,0,0,0,0,0,3,11,0,40,327.39000000000004,0,743,7,0,1
1639,1976,Graduation,Together,27741.97,0,0,2014-03-16,82,137.01,7.63,92.25,11.35,13.34,10.77,2,4,1,3,6,0,0,0,0,0,0,3,11,0,50,272.35,0,289,10,0,3
1640,1942,Graduation,Married,51120.94,0,2,2013-07-29,11,816.9,11.26,565.49,56.16,21.51,59.89,0,2,3,6,2,1,0,0,0,0,0,3,11,1,84,1531.2100000000005,2,519,11,1,0
1641,1990,Master,Married,31334.08,0,2,2014-02-15,35,210.65,16.94,113.42,33.24,19.62,24.5,0,4,0,4,8,0,0,0,0,0,0,3,11,0,36,418.37,2,318,8,0,2
1642,1972,Basic,Single,67880.87,0,1,2013-09-24,9,899.16,27.89,955.08,67.27,28.6,37.85,2,4,3,5,9,0,1,0,0,0,0,3,11,1,54,2015.85,1,462,14,1,0
1643,1967,2n Cycle,Married,30286.11,0,1,2013-06-06,15,85.16,6.58,71.78,14.28,29.66,7.83,1,6,1,2,10,0,0,0,0,0,0,3,11,0,59,215.29,1,572,10,0,1
1644,1986,PhD,Married,53172.78,0,0,2013-12-26,91,760.04,35.73,526.61,58.94,20.11,23.26,3,3,2,10,7,0,0,0,0,0,0,3,11,1,40,1424.69,0,369,18,0,3
1645,1947,Graduation,Together,32703.9,0,2,2012-06-10,18,188.07,19.81,62.41,10.46,8.31,40.13,1,7,1,3,4,0,0,0,0,0,0,3,11,0,79,329.18999999999994,2,933,12,0,1
1646,1973,Master,Single,51750.42,0,0,2013-10-20,5,294.09,19.12,156.34,63.41,12.54,67.67,1,5,2,3,6,0,0,0,0,0,0,3,11,1,53,613.1699999999998,0,436,11,0,1
1647,1974,Graduation,Married,24006.62,0,0,2014-04-29,3,51.21,9.24,31.1,13.18,17.11,16.98,2,2,1,7,6,0,1,0,1,0,0,3,11,1,52,138.82000000000002,0,245,12,2,1
1648,1971,PhD,Together,37001.98,1,0,2012-03-22,29,89.38,22.5,72.5,65.25,17.27,48.47,3,2,2,2,5,0,0,0,0,0,0,3,11,0,55,315.37,1,1013,9,0,1
1649,1963,Graduation,Married,31619.04,0,1,2013-06-07,94,182.35,29.61,108.26,8.15,21.2,44.74,2,1,1,5,4,0,0,0,0,0,0,3,11,1,63,394.31,1,571,9,0,3
1650,1953,Master,Married,63151.57,1,1,2012-01-04,45,445.15,24.44,635.12,116.78,41.83,55.6,2,4,2,3,7,0,0,0,0,0,0,3,11,1,73,1318.9199999999998,2,1091,11,0,0
1651,1971,Graduation,Married,53364.71,1,0,2013-05-09,26,269.08,36.24,299.71,27.58,7.28,27.76,0,5,3,1,6,0,0,0,0,0,0,3,11,0,55,667.65,1,600,9,0,1
1652,1995,Graduation,Single,27091.34,1,2,2014-12-10,44,392.58,17.44,155.0,13.85,6.27,28.32,0,7,3,5,3,0,0,1,0,0,0,3,11,0,31,613.46,3,20,15,1,2
1653,1985,Basic,Married,40893.55,0,0,2013-07-21,84,433.91,31.78,418.7,29.51,10.16,43.95,1,0,1,5,4,0,0,0,0,0,1,3,11,0,41,968.01,0,527,7,0,3
1654,1982,Graduation,Married,32567.59,0,0,2014-05-27,36,142.66,15.29,75.83,13.76,9.15,39.16,4,0,1,3,5,0,1,1,0,0,0,3,11,0,44,295.8499999999999,0,217,8,2,1
1655,1955,PhD,Together,64867.56,0,0,2014-12-27,8,152.18,17.2,123.85,39.87,23.11,87.48,3,2,0,9,2,0,0,0,0,0,0,3,11,0,71,443.69000000000005,0,3,14,0,1
1656,1943,Graduation,Single,73762.79,1,1,2014-10-08,60,462.39,25.63,173.8,30.42,61.6,26.14,5,3,0,6,4,0,1,0,0,0,0,3,11,0,83,779.9799999999999,2,83,14,1,0
1657,1991,Graduation,Married,24917.91,0,1,2014-10-11,34,73.5,14.03,109.47,10.5,23.45,14.72,0,1,2,3,4,0,0,0,1,0,0,3,11,0,35,245.67,1,80,6,1,1
1658,1976,Graduation,Together,61739.62,1,0,2014-05-13,46,432.32,84.29,250.3,53.08,23.75,15.86,0,7,0,4,4,0,0,0,0,0,0,3,11,0,50,859.6000000000001,1,231,11,0,1
1659,1993,Graduation,Married,31910.22,1,1,2014-02-17,20,524.49,10.94,181.52,11.93,12.58,40.08,0,5,1,6,3,0,0,0,0,0,0,3,11,1,33,781.5400000000001,2,316,12,0,1
1660,1960,Basic,Together,40088.04,0,0,2014-10-01,16,244.18,29.79,181.42,16.23,12.04,28.32,0,6,1,2,2,0,0,0,0,0,0,3,11,0,66,511.98,0,90,9,0,1
1661,1953,Graduation,Together,44931.83,0,1,2012-11-09,54,384.01,16.92,424.54,12.66,21.73,46.69,1,5,2,5,6,0,0,1,0,0,0,3,11,1,73,906.55,1,781,13,1,3
1662,1970,2n Cycle,Together,91733.46,1,2,2013-12-30,87,1023.73,44.94,540.79,43.52,47.5,30.37,1,5,2,5,8,0,0,0,0,0,0,3,11,1,56,1730.85,3,365,13,0,0
1663,1994,PhD,Married,29686.87,0,0,2013-01-18,94,231.74,33.79,206.44,41.86,22.08,55.21,1,4,3,4,6,0,0,0,0,0,0,3,11,0,32,591.1200000000001,0,711,12,0,3
1664,1987,Graduation,Married,61938.66,0,1,2012-10-03,5,264.86,44.92,170.83,23.93,45.85,24.27,4,6,3,4,8,0,1,0,0,0,0,3,11,0,39,574.66,1,818,17,1,1
1665,1957,PhD,Married,27761.3,1,1,2013-11-28,34,453.85,6.04,300.57,11.49,3.2,35.45,3,5,2,4,2,0,0,0,0,0,0,3,11,0,69,810.6000000000001,2,397,14,0,2
1666,1946,PhD,Married,27004.6,0,0,2014-10-26,49,156.99,8.78,143.04,19.47,11.3,23.26,2,2,3,5,7,1,0,0,0,0,0,3,11,0,80,362.84,0,65,12,1,1
1667,1949,Master,Married,44863.75,2,2,2014-01-20,36,355.17,43.71,272.11,23.05,47.2,32.13,1,5,2,4,6,1,0,0,0,1,0,3,11,1,77,773.37,4,344,12,2,2
1668,1946,Graduation,Single,44743.07,1,0,2014-09-09,12,727.23,22.34,385.94,109.35,15.77,30.53,0,4,0,3,6,0,0,0,0,0,0,3,11,1,80,1291.16,1,112,7,0,1
1669,1972,Graduation,Widow,14286.53,1,0,2013-09-15,24,81.12,3.29,107.12,8.32,12.98,7.82,0,6,3,8,8,0,1,0,0,0,0,3,11,0,54,220.65,1,471,17,1,1
1670,1962,Basic,Widow,70533.18,0,0,2012-08-15,95,441.24,19.79,254.63,55.36,26.91,123.11,4,3,1,3,4,0,0,0,0,0,0,3,11,0,64,921.04,0,867,11,0,3
1671,1960,Basic,Divorced,18851.62,0,0,2012-01-17,0,70.93,13.18,66.55,21.32,9.6,15.24,1,4,1,4,4,0,0,0,0,1,0,3,11,0,66,196.82,0,1078,10,1,1
1672,1958,Basic,Together,41840.71,0,1,2012-01-12,48,580.27,34.84,350.31,46.77,9.7,15.68,2,10,2,6,4,0,0,0,0,0,0,3,11,0,68,1037.5700000000002,1,1083,20,0,3
1673,1987,Graduation,Single,75436.47,0,1,2013-11-22,34,706.82,34.96,364.04,55.7,17.89,48.08,4,3,2,8,10,0,0,0,0,0,0,3,11,1,39,1227.4900000000002,1,403,17,0,0
1674,1958,Master,Married,107331.08,0,2,2012-03-10,82,1457.68,217.32,1414.21,62.55,76.06,93.02,1,5,2,3,3,0,0,0,1,0,0,3,11,1,68,3320.84,2,1025,11,1,0
1675,1975,Graduation,Together,38360.37,0,0,2012-04-17,52,198.61,28.84,85.54,82.94,29.86,52.75,1,7,6,5,2,0,0,0,0,1,0,3,11,0,51,478.54,0,987,19,1,3
1676,1968,Graduation,Together,25004.73,0,0,2012-07-19,51,203.93,9.91,123.68,15.12,11.65,13.96,0,3,1,3,8,0,0,0,0,0,0,3,11,0,58,378.25,0,894,7,0,1
1677,1999,Graduation,Together,74326.24,0,0,2014-12-11,53,673.51,20.89,212.49,36.6,16.32,43.19,1,3,4,3,10,0,0,0,0,0,0,3,11,0,27,1003.0,0,19,11,0,0
1678,1957,PhD,Single,62696.61,1,0,2013-09-20,75,516.35,16.02,247.89,27.32,29.51,51.02,1,5,2,5,4,0,0,1,0,0,0,3,11,0,69,888.11,1,466,13,1,3
1679,1941,Graduation,Married,36475.76,0,2,2014-06-24,46,306.03,20.45,154.77,8.31,35.56,49.43,2,6,4,4,4,0,0,1,0,0,0,3,11,0,85,574.55,2,189,16,1,2
1680,1940,Graduation,Married,34672.6,0,1,2012-10-29,42,367.93,11.86,392.04,36.44,45.24,12.24,3,0,1,6,7,0,0,0,1,0,0,3,11,0,86,865.75,1,792,10,1,1
1681,1986,Basic,Divorced,33291.03,1,0,2014-07-25,19,226.48,41.67,110.04,5.22,12.62,36.17,2,7,3,7,4,0,0,0,0,0,0,3,11,0,40,432.2000000000001,1,158,19,0,1
1682,1944,Graduation,Married,38644.72,2,1,2013-07-29,32,307.96,42.71,106.5,24.72,6.55,23.47,1,0,2,10,7,0,0,0,0,0,0,3,11,0,82,511.91,3,519,13,0,2
1683,1959,Graduation,Together,50333.56,0,1,2013-07-08,92,321.61,33.74,279.13,28.57,38.21,33.24,2,7,0,2,3,0,0,0,0,0,0,3,11,0,67,734.5000000000001,1,540,11,0,3
1684,1950,Graduation,Divorced,35369.11,0,0,2012-05-04,15,249.41,7.99,237.12,87.05,13.74,94.32,4,9,4,5,3,1,0,0,0,0,0,3,11,1,76,689.6299999999999,0,970,22,1,1
1685,1981,Basic,Together,37203.86,1,1,2014-05-08,77,250.49,11.4,245.1,7.96,30.04,26.53,1,4,2,8,3,0,0,0,0,0,0,3,11,0,45,571.52,2,236,15,0,2
1686,1941,PhD,Together,57326.12,2,0,2014-01-14,6,464.96,55.84,523.44,21.43,31.11,72.34,2,4,1,6,5,0,0,0,0,0,0,3,11,0,85,1169.12,2,350,13,0,0
1687,1942,Graduation,Married,24514.85,1,0,2013-04-24,69,168.6,8.02,69.29,14.5,6.62,30.28,2,6,0,5,5,0,0,0,0,0,0,3,11,0,84,297.31000000000006,1,615,13,0,3
1688,1962,Master,Married,38163.15,1,0,2012-05-11,20,87.74,34.31,51.31,21.76,18.12,15.09,1,5,1,3,6,0,0,0,0,0,0,3,11,0,64,228.33,1,963,10,0,1
1689,1994,Master,Single,22688.73,0,0,2014-10-22,35,148.65,13.83,120.07,10.47,22.81,6.02,3,3,1,1,6,0,0,0,0,1,0,3,11,0,32,321.85,0,69,8,1,1
1690,1951,Graduation,Together,46321.66,0,0,2012-04-24,85,452.24,21.91,303.69,28.32,19.42,60.83,3,4,2,2,2,0,0,0,0,0,0,3,11,0,75,886.4100000000001,0,980,11,0,3
1691,1959,Master,Together,20419.34,0,0,2013-04-25,53,189.57,6.14,108.37,6.16,5.03,8.55,1,6,4,5,7,1,0,0,0,0,0,3,11,0,67,323.82,0,614,16,1,3
1692,1944,Master,Married,63323.01,1,0,2014-09-07,18,706.39,27.44,282.8,50.36,11.19,18.72,6,2,1,3,4,0,0,0,1,0,0,3,11,1,82,1096.9,1,114,12,1,0
1693,1976,Master,Married,26216.52,1,1,2014-10-21,24,85.04,13.47,38.39,4.18,7.56,38.94,0,2,1,4,2,0,0,0,1,0,0,3,11,0,50,187.58,2,70,7,1,1
1694,1977,Graduation,Widow,21828.43,2,2,2012-11-26,66,130.24,18.6,107.91,13.8,7.83,9.5,4,6,5,6,7,0,0,0,1,0,0,3,11,0,49,287.88,4,764,21,1,2
1695,1969,Basic,Married,38351.72,0,1,2014-07-30,99,149.26,10.34,102.17,17.17,28.76,19.36,1,3,1,5,8,0,0,1,1,0,0,3,11,0,57,327.06,1,153,10,2,3
1696,1948,PhD,Together,87942.89,0,0,2014-08-12,52,351.36,34.44,243.45,103.87,20.58,230.71,1,4,3,6,6,0,0,0,0,0,0,3,11,0,78,984.41,0,140,14,0,0
1697,1973,Graduation,Married,58951.89,0,0,2014-02-06,97,441.01,27.77,353.35,108.49,68.66,17.47,2,2,6,9,11,0,0,0,0,0,0,3,11,0,53,1016.75,0,327,19,0,3
1698,1992,Graduation,Single,20559.42,1,0,2013-01-25,74,180.27,14.03,85.18,10.82,4.23,7.76,3,2,7,6,7,0,0,1,0,0,0,3,11,0,34,302.29,1,704,18,1,3
1699,1983,Graduation,Divorced,25919.47,1,0,2014-04-13,47,224.37,6.89,114.53,38.33,48.14,15.78,2,4,2,8,5,1,0,0,0,0,0,3,11,0,43,448.0399999999999,1,261,16,1,1
1700,1974,Graduation,Together,37864.14,0,1,2012-05-22,41,142.35,7.88,104.92,20.11,48.89,26.3,3,3,4,6,10,0,0,0,0,0,0,3,11,0,52,350.45,1,952,16,0,1
1701,1991,Master,Married,108590.72,0,1,2012-11-23,46,554.07,74.61,502.11,39.04,54.19,50.97,2,5,1,6,3,0,0,0,1,0,0,3,11,1,35,1274.99,1,767,14,1,0
1702,1997,Graduation,Together,30467.58,0,1,2013-09-19,90,245.32,5.62,264.92,55.75,5.2,12.2,1,4,2,5,6,0,0,0,0,0,0,3,11,0,29,589.0100000000001,1,467,12,0,3
1703,1961,Graduation,Single,30566.07,0,1,2013-01-11,41,230.84,30.3,114.82,26.82,13.56,60.69,1,5,2,8,4,0,0,0,0,0,0,3,11,0,65,477.03,1,718,16,0,1
1704,1983,PhD,Together,81713.28,1,0,2012-03-30,1,641.02,34.12,282.56,52.59,29.71,76.77,1,2,4,5,4,0,0,0,0,0,0,3,11,1,43,1116.77,1,1005,12,0,0
1705,1963,Graduation,Divorced,47952.34,0,0,2014-03-18,5,305.97,8.69,213.55,46.49,10.24,54.66,3,6,0,4,6,0,0,0,0,1,0,3,11,0,63,639.6,0,287,13,1,1
1706,1956,2n Cycle,Single,67588.97,1,1,2014-10-17,45,159.23,23.23,82.76,51.15,36.9,49.95,6,4,3,3,2,0,0,0,0,0,0,3,11,0,70,403.2199999999999,2,74,16,0,2
1707,1949,Graduation,Divorced,33162.01,1,0,2014-12-01,65,208.81,19.09,118.55,20.42,9.28,31.66,2,3,1,5,7,0,0,0,0,0,0,3,11,0,77,407.81,1,29,11,0,3
1708,1969,Graduation,Together,42588.76,1,0,2014-11-24,80,124.14,14.19,63.55,12.34,12.72,59.81,1,3,1,10,9,0,0,0,0,0,0,3,11,0,57,286.75,1,36,15,0,3
1709,1995,Graduation,Married,75075.74,0,0,2014-10-08,39,1083.86,34.84,732.08,40.97,30.46,33.13,3,3,3,2,6,0,0,0,0,0,0,3,11,1,31,1955.34,0,83,11,0,0
1710,1998,Graduation,Married,41859.06,1,0,2013-07-06,57,119.43,29.92,57.46,39.06,13.59,39.37,1,4,1,8,7,0,0,0,0,0,0,3,11,0,28,298.83000000000004,1,542,14,0,3
1711,1985,Graduation,Married,69509.68,0,0,2012-05-03,77,1054.05,28.23,803.98,41.45,110.9,84.69,5,6,3,11,5,0,0,0,0,0,0,3,11,1,41,2123.3,0,971,25,0,0
1712,1962,Master,Divorced,51787.65,0,1,2012-02-26,73,529.54,13.53,487.41,57.13,17.22,104.99,1,6,2,6,3,0,0,0,0,0,0,3,11,0,64,1209.8200000000002,1,1038,15,0,3
1713,1971,2n Cycle,Single,29265.02,0,1,2014-03-16,32,209.55,11.21,109.69,23.65,17.48,75.56,2,1,4,4,5,0,0,0,0,1,0,3,11,0,55,447.14,1,289,11,1,1
1714,1956,Graduation,Single,44067.29,0,0,2012-08-22,61,205.6,47.22,206.09,16.7,22.05,36.87,3,5,1,5,4,1,0,0,0,0,0,3,11,0,70,534.53,0,860,14,1,3
1715,1989,Master,Married,65680.25,0,0,2013-08-30,11,322.47,82.77,120.15,19.11,37.21,104.36,0,3,4,3,6,0,0,0,0,0,0,3,11,0,37,686.07,0,487,10,0,1
1716,1990,Master,Married,57974.96,0,1,2013-01-26,95,276.23,7.91,142.42,33.87,34.39,9.37,4,2,2,6,3,0,0,0,0,0,0,3,11,0,36,504.19000000000005,1,703,14,0,3
1717,1956,Master,Single,43647.39,2,0,2014-08-27,48,593.68,38.51,669.97,20.46,33.96,88.89,2,4,3,9,5,0,0,0,0,0,0,3,11,1,70,1445.47,2,125,18,0,2
1718,1953,Graduation,Together,20812.61,0,0,2012-02-21,87,156.1,11.09,191.72,16.35,11.2,10.8,3,4,1,5,5,0,0,0,0,0,0,3,11,0,73,397.26,0,1043,13,0,3
1719,1948,Graduation,Married,21624.96,1,0,2013-05-03,77,159.3,17.26,79.76,9.02,11.35,15.01,4,3,5,3,5,0,0,0,0,0,0,3,11,0,78,291.7,1,606,15,0,3
1720,1979,Graduation,Together,23545.21,2,0,2012-01-05,4,290.29,7.76,271.19,10.45,11.18,24.62,2,6,2,8,2,0,0,0,0,0,0,3,11,0,47,615.49,2,1090,18,0,1
1721,1941,Master,Married,36164.13,0,1,2013-09-23,50,324.77,5.74,246.04,43.67,15.26,26.47,1,3,4,7,1,0,0,0,0,0,0,3,11,0,85,661.9499999999999,1,463,15,0,3
1722,1984,Master,Married,38145.11,1,1,2012-08-04,68,199.82,24.84,100.02,26.76,10.12,34.44,3,3,4,6,6,0,0,0,0,0,0,3,11,0,42,396.0,2,878,16,0,2
1723,1964,Graduation,Together,24583.61,0,0,2013-06-19,31,108.13,6.41,88.65,10.35,10.87,51.14,0,3,0,7,5,0,0,0,0,0,0,3,11,1,62,275.55,0,559,10,0,1
1724,1978,Graduation,Married,66769.73,0,0,2014-01-07,48,221.93,13.31,347.64,43.32,35.38,42.55,3,3,1,3,7,0,0,0,1,0,0,3,11,1,48,704.13,0,357,10,1,3
1725,1948,Basic,Widow,26755.42,0,0,2013-12-30,96,174.36,5.56,58.51,39.28,15.62,11.18,0,5,2,7,2,0,0,0,0,0,0,3,11,0,78,304.51000000000005,0,365,14,0,3
1726,1993,Master,Married,25636.6,2,0,2014-11-15,59,140.11,16.86,213.74,19.63,13.1,61.07,3,1,1,2,3,0,0,0,0,0,0,3,11,0,33,464.5100000000001,2,45,7,0,2
1727,1961,2n Cycle,Married,45949.32,0,2,2012-01-03,45,316.83,22.91,217.58,42.1,18.32,50.57,1,2,2,7,3,0,0,0,1,0,0,3,11,0,65,668.3100000000002,2,1092,12,1,2
1728,1982,Master,Married,65484.06,1,1,2014-10-22,67,164.52,48.02,285.21,26.77,29.01,166.5,2,5,2,3,9,0,0,1,0,0,0,3,11,0,44,720.03,2,69,12,1,2
1729,1985,Graduation,Single,100905.72,0,0,2014-10-22,93,397.66,69.12,416.8,119.91,33.19,135.94,2,2,0,3,7,0,0,0,0,0,0,3,11,0,41,1172.62,0,69,7,0,0
1730,1943,PhD,Together,55995.02,1,1,2012-05-29,40,248.92,19.94,268.46,144.44,30.98,20.31,2,3,3,2,6,0,0,1,1,0,0,3,11,1,83,733.05,2,945,10,2,2
1731,1965,Master,Together,83444.07,0,1,2012-01-04,80,499.63,36.68,391.76,33.32,33.51,98.62,5,9,0,9,5,0,0,0,0,0,0,3,11,0,61,1093.52,1,1091,23,0,0
1732,1997,Graduation,Married,27314.62,1,1,2013-04-12,66,127.53,9.21,158.53,8.63,13.96,12.14,1,2,3,2,1,0,0,1,0,0,0,3,11,0,29,329.99999999999994,2,627,8,1,2
1733,1968,PhD,Married,105229.16,1,0,2012-03-10,12,327.08,42.53,159.11,75.05,87.96,84.81,2,5,2,5,3,0,0,0,0,0,0,3,11,1,58,776.54,1,1025,14,0,0
1734,1984,Master,Together,21065.8,1,0,2012-07-19,99,82.92,5.41,50.97,22.87,6.31,16.15,0,3,0,7,5,0,0,1,1,0,0,3,11,0,42,184.63,1,894,10,2,3
1735,1973,Graduation,Single,36259.78,2,1,2012-11-03,17,185.42,21.02,98.18,22.03,23.78,11.02,2,3,1,5,10,0,0,0,0,0,0,3,11,0,53,361.44999999999993,3,787,11,0,2
1736,1962,Master,Divorced,55506.81,1,0,2014-07-10,86,289.51,48.51,142.47,18.94,25.96,27.35,1,8,6,3,3,0,0,0,0,0,0,3,11,0,64,552.74,1,173,18,0,3
1737,1976,PhD,Married,23339.75,0,2,2012-10-18,98,43.58,6.56,46.51,14.04,35.99,70.33,4,2,1,10,5,0,0,0,0,0,0,3,11,0,50,217.01,2,803,17,0,2
1738,1950,2n Cycle,Together,30613.0,0,1,2014-07-12,96,202.14,30.28,112.95,28.13,12.33,28.34,3,2,4,7,4,0,0,1,0,0,0,3,11,0,76,414.17,1,171,16,1,3
1739,1945,Graduation,Divorced,28728.1,0,2,2014-06-01,50,521.0,14.1,273.11,14.45,19.99,20.75,2,9,3,4,11,0,0,0,0,0,0,3,11,0,81,863.4000000000001,2,212,18,0,2
1740,1957,Graduation,Together,39179.6,0,0,2013-08-08,35,435.42,20.76,136.4,36.21,18.13,93.29,1,3,2,3,3,0,0,0,1,0,0,3,11,1,69,740.21,0,509,9,1,1
1741,1960,PhD,Single,78325.86,0,1,2013-05-23,80,759.27,12.95,248.06,101.13,15.61,49.55,0,1,3,3,2,1,0,0,1,1,0,3,11,1,66,1186.5699999999997,1,586,7,3,0
1742,1981,Graduation,Married,44655.38,0,0,2012-01-05,33,225.85,6.92,246.3,33.11,14.98,33.92,3,5,4,4,5,0,1,0,1,0,0,3,11,0,45,561.0799999999999,0,1090,16,2,1
1743,1975,Master,Divorced,36856.03,0,2,2012-10-19,11,142.96,18.43,91.7,23.27,28.66,53.59,2,2,1,7,3,0,0,0,0,0,0,3,11,0,51,358.61,2,802,12,0,1
1744,1980,Master,Single,13992.41,2,0,2012-12-25,4,102.32,10.3,62.22,14.77,4.95,8.83,4,5,1,4,6,0,0,1,0,0,0,3,11,0,46,203.39,2,735,14,1,1
1745,1977,Graduation,Divorced,53460.7,0,0,2012-08-01,47,477.02,16.38,457.16,20.53,6.47,27.41,2,5,3,5,5,0,0,0,0,0,0,3,11,1,49,1004.97,0,881,15,0,3
1746,1973,PhD,Single,60840.21,2,1,2014-11-04,90,268.14,75.99,205.18,22.02,27.38,12.63,4,7,1,8,2,0,0,1,0,0,0,3,11,0,53,611.3399999999999,3,56,20,1,2
1747,1956,PhD,Married,22471.25,0,0,2013-07-16,39,129.5,16.01,63.3,12.29,5.35,10.28,4,3,4,8,8,0,0,0,0,0,0,3,11,0,70,236.73,0,532,19,0,1
1748,1976,Graduation,Divorced,43183.38,1,0,2014-02-03,12,231.1,11.48,147.61,20.64,21.43,19.64,2,3,3,8,5,0,0,0,1,0,0,3,11,0,50,451.9,1,330,16,1,1
1749,1964,Basic,Married,47915.93,1,2,2012-02-14,25,881.89,22.38,603.58,18.99,55.72,42.29,1,8,1,9,4,0,1,0,0,0,0,3,11,1,62,1624.85,3,1050,19,1,2
1750,1977,Master,Married,65240.83,0,0,2013-12-03,13,411.28,132.22,198.82,125.6,47.47,36.29,2,2,2,6,3,0,0,0,0,0,0,3,11,1,49,951.68,0,392,12,0,1
1751,1997,Master,Single,33192.94,0,1,2013-09-25,95,133.71,7.22,83.05,78.43,38.27,97.22,0,4,3,3,1,1,0,0,0,0,0,3,11,0,29,437.9,1,461,10,1,3
1752,1951,Master,Single,31252.54,0,0,2013-10-22,10,89.1,19.67,68.03,16.23,10.23,13.29,1,7,3,8,2,0,0,0,0,0,0,3,11,0,75,216.55,0,434,19,0,1
1753,1962,Graduation,Divorced,36952.96,0,1,2013-12-21,37,376.5,13.96,290.87,25.06,15.55,68.71,4,4,1,8,3,0,0,0,0,0,0,3,11,0,64,790.6499999999999,1,374,17,0,1
1754,1992,Basic,Married,74144.77,2,1,2013-08-16,79,1509.04,51.96,1659.79,42.52,18.17,67.88,0,0,2,2,8,0,0,0,0,0,0,3,11,1,34,3349.36,3,501,4,0,0
1755,1981,Master,Single,67341.92,1,0,2012-09-02,56,279.92,66.05,335.61,84.02,20.48,87.68,0,2,3,7,7,0,1,0,0,0,0,3,11,1,45,873.76,1,849,12,1,0
1756,1961,Master,Single,43978.75,0,0,2014-05-06,21,231.66,15.99,219.76,61.79,11.56,55.21,2,7,3,6,4,0,0,0,1,0,0,3,11,0,65,595.9699999999999,0,238,18,1,1
1757,1960,Basic,Married,66696.69,0,1,2013-07-05,15,386.45,59.84,183.79,14.74,13.96,14.14,0,2,2,2,7,0,0,0,0,0,0,3,11,0,66,672.92,1,543,6,0,1
1758,1966,Graduation,Together,17197.57,0,0,2012-02-12,76,57.05,29.9,48.81,14.69,17.9,13.7,0,4,4,4,7,0,0,0,0,0,0,3,11,0,60,182.05,0,1052,12,0,3
1759,1996,Master,Married,60880.1,0,0,2014-04-20,75,229.39,29.05,141.57,17.84,7.96,41.74,3,3,3,6,3,0,0,0,0,0,0,3,11,0,30,467.55,0,254,15,0,3
1760,1970,Graduation,Married,28353.15,1,1,2012-06-27,81,265.94,20.82,139.54,52.27,29.58,11.53,0,7,2,8,6,0,0,0,0,0,0,3,11,0,56,519.68,2,916,17,0,2
1761,1945,Graduation,Widow,89932.06,0,0,2013-06-18,28,359.43,28.93,312.83,75.18,87.09,95.08,3,2,3,3,3,0,0,0,0,0,0,3,11,0,81,958.5400000000002,0,560,11,0,0
1762,1966,Graduation,Single,28978.29,0,0,2013-08-29,81,525.05,13.44,246.29,11.35,17.93,65.13,1,4,2,7,5,0,0,0,0,0,0,3,11,0,60,879.1899999999999,0,488,14,0,3
1763,1979,2n Cycle,Single,31536.32,0,1,2013-11-02,1,195.17,13.01,115.51,17.52,7.41,5.09,1,3,0,4,3,0,0,1,1,0,0,3,11,0,47,353.71,1,423,8,2,1
1764,1973,Basic,Widow,55546.15,0,0,2014-07-15,53,343.98,41.08,290.6,29.98,9.86,32.34,6,3,2,1,2,0,1,0,0,1,1,3,11,1,53,747.8400000000001,0,168,12,2,3
1765,1951,Master,Married,57732.85,1,0,2012-01-17,1,650.26,54.54,457.93,50.79,19.05,21.94,3,2,1,4,9,0,0,0,0,0,0,3,11,1,75,1254.51,1,1078,10,0,0
1766,1984,Master,Single,37103.52,0,0,2014-04-05,2,375.15,15.93,285.75,44.5,24.76,31.08,1,5,3,1,4,0,0,0,1,0,0,3,11,1,42,777.17,0,269,10,1,1
1767,1996,PhD,Together,51460.08,2,1,2013-06-30,92,302.46,59.22,157.6,16.59,23.64,33.96,1,5,1,5,5,0,0,1,0,0,0,3,11,0,30,593.47,3,548,12,1,2
1768,1992,Basic,Divorced,54076.33,1,1,2014-11-19,55,451.42,62.1,304.07,104.62,13.26,30.17,0,4,1,6,7,0,0,0,0,0,0,3,11,0,34,965.64,2,41,11,0,2
1769,1946,Graduation,Married,51908.92,0,1,2013-03-12,71,410.91,39.56,332.88,87.32,47.4,62.99,2,2,2,11,10,0,0,0,0,0,0,3,11,0,80,981.06,1,658,17,0,3
1770,1949,Graduation,Divorced,37728.76,0,0,2012-06-27,10,315.51,12.69,129.11,14.32,47.53,80.8,2,1,1,2,1,0,0,0,0,1,0,3,11,0,77,599.9599999999999,0,916,6,1,1
1771,1984,Graduation,Married,54289.41,1,0,2013-09-07,75,291.7,17.24,218.1,36.41,21.73,215.07,2,1,1,5,7,0,0,0,0,0,0,3,11,0,42,800.25,1,479,9,0,3
1772,1956,Master,Married,77850.7,2,0,2013-11-07,31,406.72,21.92,240.3,139.49,38.12,40.08,2,2,0,7,5,0,0,0,0,0,0,3,11,0,70,886.6300000000001,2,418,11,0,0
1773,1965,Master,Single,27168.26,1,0,2013-09-25,3,66.52,22.02,34.0,36.54,5.04,7.31,2,4,1,5,5,0,0,0,1,1,0,3,11,0,61,171.42999999999998,1,461,12,2,1
1774,1960,Graduation,Together,31696.96,0,2,2014-03-12,8,348.66,7.02,153.19,16.62,11.33,35.57,0,5,2,8,10,0,0,0,0,0,0,3,11,0,66,572.3900000000001,2,293,15,0,1
1775,1967,Graduation,Together,44842.08,2,0,2012-11-07,87,173.59,30.86,138.6,46.92,27.93,94.57,3,3,1,1,4,0,0,0,0,0,0,3,11,0,59,512.47,2,783,8,0,2
1776,1997,Master,Together,29071.41,0,0,2012-01-25,55,324.4,6.97,156.29,112.71,16.49,38.01,3,2,1,6,11,0,0,0,0,0,0,3,11,1,29,654.87,0,1070,12,0,3
1777,1985,Graduation,Single,21560.94,1,0,2013-01-05,15,179.44,16.2,125.3,14.74,7.29,45.36,5,5,1,7,3,1,0,0,0,0,0,3,11,0,41,388.33,1,724,18,1,1
1778,1941,Master,Married,68682.46,2,1,2013-06-08,80,335.66,31.82,145.03,30.16,26.71,48.14,3,3,3,2,6,0,0,0,1,0,0,3,11,0,85,617.52,3,570,11,1,2
1779,1999,2n Cycle,Married,18187.41,0,1,2012-08-17,85,103.51,18.56,108.89,12.95,6.38,10.12,1,4,1,6,1,0,0,0,0,0,0,3,11,0,27,260.41,1,865,12,0,3
1780,1993,Graduation,Married,37761.56,2,1,2013-01-12,70,398.4,34.34,190.52,28.1,14.65,32.47,1,4,1,2,7,0,0,0,0,0,0,3,11,0,33,698.48,3,717,8,0,2
1781,1982,Graduation,Together,60088.74,0,1,2014-06-06,9,228.56,65.18,247.87,28.16,35.52,39.54,0,7,1,2,4,0,0,0,0,0,0,3,11,0,44,644.8299999999999,1,207,10,0,1
1782,1940,Master,Married,49349.35,2,0,2013-04-06,92,681.06,54.36,337.46,41.29,6.95,58.95,2,5,2,6,6,0,0,0,0,0,0,3,11,1,86,1180.07,2,633,15,0,2
1783,1990,Master,Married,37990.84,0,0,2012-12-30,35,616.65,18.99,772.0,11.49,16.66,54.55,2,3,3,5,7,0,0,0,0,0,0,3,11,1,36,1490.34,0,730,13,0,1
1784,1992,PhD,Together,28596.06,2,0,2012-04-13,23,374.68,6.54,194.59,12.31,16.18,43.03,2,2,1,5,6,0,0,0,0,0,0,3,11,0,34,647.3299999999999,2,991,10,0,2
1785,1975,2n Cycle,Married,50896.38,0,1,2013-03-03,63,399.22,12.41,175.56,51.49,16.57,55.48,1,5,4,2,2,0,0,0,0,0,0,3,11,0,51,710.7300000000001,1,667,12,0,3
1786,1990,Graduation,Together,29870.97,1,1,2013-04-13,55,363.7,3.92,348.65,6.69,10.27,27.78,3,3,2,6,2,0,0,0,0,0,0,3,11,0,36,761.01,2,626,14,0,2
1787,1965,PhD,Divorced,49334.21,0,0,2014-10-11,77,631.54,11.81,546.12,54.45,17.26,63.76,3,2,3,4,2,0,0,0,0,0,0,3,11,1,61,1324.9399999999998,0,80,12,0,3
1788,1968,Master,Married,46927.87,0,1,2014-05-19,77,183.24,22.42,93.81,9.01,16.14,11.6,1,6,2,10,3,0,0,0,0,0,0,3,11,0,58,336.22,1,225,19,0,3
1789,1960,Basic,Together,47118.13,0,1,2014-02-08,88,603.54,15.44,323.2,10.7,21.68,42.9,4,1,1,1,3,0,0,1,0,0,0,3,11,0,66,1017.46,1,325,7,1,3
1790,1950,Graduation,Single,34333.35,1,1,2013-11-10,21,574.1,14.13,170.52,16.34,17.01,28.43,3,2,3,8,4,0,0,0,0,0,0,3,11,0,76,820.53,2,415,16,0,1
1791,1979,Master,Together,100107.88,0,1,2014-03-15,51,874.61,61.69,1472.25,76.33,13.02,91.28,4,7,3,5,2,0,0,0,0,0,0,3,11,1,47,2589.1800000000003,1,290,19,0,0
1792,1950,PhD,Single,51189.14,1,1,2014-06-04,49,412.56,19.56,329.02,72.78,34.73,38.97,3,3,3,1,3,0,0,0,0,0,0,3,11,0,76,907.62,2,209,10,0,2
1793,1975,Graduation,Together,39676.58,0,0,2013-07-14,46,259.51,9.28,166.13,26.37,15.29,41.25,2,2,1,1,4,0,0,1,0,0,0,3,11,0,51,517.8299999999999,0,534,6,1,1
1794,1988,Graduation,Together,49301.42,2,1,2012-11-26,22,801.62,21.89,730.63,27.3,72.09,28.02,1,5,1,5,5,0,0,0,0,0,0,3,11,0,38,1681.5499999999995,3,764,12,0,2
1795,1998,Basic,Married,32539.67,0,2,2013-08-09,95,242.8,8.7,113.29,29.57,7.3,51.42,4,4,2,6,4,0,0,0,0,0,0,3,11,0,28,453.08,2,508,16,0,2
1796,1978,Graduation,Single,38005.2,0,0,2012-07-19,89,292.42,14.81,196.59,14.47,10.36,40.52,5,4,5,10,0,0,1,0,0,0,1,3,11,0,48,569.1700000000001,0,894,24,1,3
1797,1979,Graduation,Single,115470.22,0,1,2013-03-29,90,389.81,118.5,527.52,80.59,46.88,101.42,5,6,1,2,0,0,0,1,0,0,0,3,11,1,47,1264.72,1,641,14,1,0
1798,1974,Graduation,Married,32631.97,0,1,2014-04-05,75,280.17,12.72,406.21,10.2,19.17,17.23,2,3,1,4,9,0,0,0,0,0,0,3,11,0,52,745.7,1,269,10,0,3
1799,1993,Basic,Married,42997.23,0,0,2012-04-20,82,169.63,57.05,178.69,29.0,6.12,56.27,1,5,1,5,6,1,1,0,0,0,0,3,11,1,33,496.76,0,984,12,2,3
1800,1973,Master,Widow,36958.76,0,1,2014-05-13,18,199.07,40.01,271.22,21.95,10.3,33.57,2,5,0,3,8,0,0,0,0,0,0,3,11,0,53,576.12,1,231,10,0,1
1801,1994,Master,Together,29264.97,1,0,2014-06-26,51,433.98,9.48,60.28,11.59,19.13,14.92,2,3,1,4,3,0,1,1,0,0,0,3,11,0,32,549.38,1,187,10,2,1
1802,1986,Graduation,Together,52492.94,1,2,2012-02-02,33,315.89,12.36,119.4,37.2,13.63,40.71,3,7,2,4,5,0,0,0,0,0,0,3,11,0,40,539.1899999999999,3,1062,16,0,2
1803,1963,PhD,Divorced,45007.7,1,1,2013-07-08,95,283.89,20.0,127.06,31.77,46.95,52.68,2,3,0,7,6,0,0,0,0,0,0,3,11,0,63,562.3499999999999,2,540,12,0,2
1804,1993,PhD,Single,63857.6,0,0,2012-04-16,28,231.38,58.49,82.65,82.98,22.3,71.34,1,4,3,4,7,0,0,1,0,0,0,3,11,0,33,549.14,0,988,12,1,1
1805,1961,Master,Together,61342.68,1,0,2012-08-13,60,1063.62,20.96,674.16,15.03,16.4,65.93,3,5,2,6,2,0,0,0,0,0,0,3,11,0,65,1856.1,1,869,16,0,0
1806,1944,Basic,Single,63594.55,0,1,2013-05-01,84,216.16,50.28,280.34,39.0,42.05,53.94,1,5,2,6,2,0,0,0,0,1,0,3,11,0,82,681.77,1,608,14,1,3
1807,1995,Graduation,Divorced,30721.52,1,0,2012-06-27,34,87.9,29.09,30.61,12.5,36.96,45.62,1,7,2,4,8,0,0,0,0,1,0,3,11,0,31,242.68000000000004,1,916,14,1,1
1808,1972,Master,Together,57318.82,0,0,2013-09-28,4,348.76,16.52,300.73,62.0,33.74,96.66,0,4,1,1,4,0,0,0,0,0,0,3,11,0,54,858.41,0,458,6,0,1
1809,1997,Graduation,Together,57878.92,0,0,2014-02-26,75,382.55,17.69,391.3,58.41,56.53,72.28,1,6,3,3,3,1,0,0,0,0,0,3,11,0,29,978.76,0,307,13,1,3
1810,1975,PhD,Together,29483.17,0,0,2012-06-15,6,109.5,20.73,31.68,25.67,36.97,16.63,2,3,3,3,4,0,0,0,0,0,0,3,11,0,51,241.18,0,928,11,0,1
1811,1986,Graduation,Widow,39048.26,1,0,2013-10-24,40,200.15,19.61,80.22,16.43,10.3,16.61,2,4,0,6,1,0,0,0,0,0,0,3,11,0,40,343.32000000000005,1,432,12,0,1
1812,1959,Graduation,Single,24774.13,0,1,2012-10-26,1,115.84,7.53,67.53,27.05,19.95,14.34,2,5,4,3,4,1,0,0,0,0,0,3,11,0,67,252.24,1,795,14,1,1
1813,1958,Graduation,Married,57979.75,1,2,2012-02-04,88,180.09,21.52,187.12,14.86,10.66,150.23,4,2,2,6,6,0,0,0,0,1,0,3,11,0,68,564.48,3,1060,14,1,2
1814,1974,PhD,Divorced,57873.16,0,1,2013-02-10,9,698.52,25.44,442.68,13.12,34.24,54.99,3,6,3,4,8,0,0,0,0,0,0,3,11,1,52,1268.99,1,688,16,0,0
1815,1991,Graduation,Together,78601.43,1,1,2012-11-09,43,660.66,14.09,430.51,23.47,34.53,225.91,2,2,1,2,3,0,0,0,0,0,0,3,11,0,35,1389.17,2,781,7,0,0
1816,1982,Master,Married,40476.65,2,0,2014-03-26,69,187.03,29.38,172.25,25.47,39.12,30.22,1,5,2,4,5,1,0,0,0,0,0,3,11,0,44,483.47,2,279,12,1,2
1817,1956,Graduation,Together,53134.83,0,0,2014-01-12,90,905.13,18.28,495.09,51.14,49.23,36.5,0,4,2,9,9,0,0,0,0,0,0,3,11,0,70,1555.37,0,352,15,0,3
1818,1998,Graduation,Together,65847.32,0,0,2013-12-27,34,412.5,5.68,233.07,7.09,42.5,50.54,2,4,1,4,2,0,0,0,0,0,0,3,11,1,28,751.38,0,368,11,0,1
1819,1984,Master,Divorced,32808.52,2,1,2014-04-05,61,108.4,14.83,75.54,46.57,17.99,24.91,1,1,2,5,4,1,0,0,0,0,0,3,11,0,42,288.24,3,269,9,1,2
1820,1982,Graduation,Married,30872.28,0,2,2013-07-22,73,255.31,9.07,94.38,21.44,19.2,15.57,2,1,1,7,7,0,0,0,0,0,0,3,11,0,44,414.97,2,526,11,0,2
1821,1973,Graduation,Single,33217.96,0,1,2013-07-29,72,204.11,41.96,270.2,8.32,15.81,13.38,1,3,3,2,6,0,0,0,0,0,0,3,11,0,53,553.78,1,519,9,0,3
1822,1948,Master,Together,38572.0,1,1,2012-03-02,19,240.37,12.45,120.94,26.31,17.05,41.81,2,4,1,7,5,0,0,0,0,0,0,3,11,0,78,458.93,2,1033,14,0,2
1823,1965,Graduation,Married,31312.68,1,1,2013-01-03,34,1037.81,7.43,296.9,38.72,34.12,47.31,1,3,2,3,6,0,0,0,0,1,0,3,11,1,61,1462.2899999999995,2,726,9,1,2
1824,1941,Graduation,Widow,33795.03,0,0,2012-04-03,36,247.96,21.02,205.58,31.08,39.58,117.59,2,2,2,5,5,0,0,0,0,0,0,3,11,0,85,662.8100000000001,0,1001,11,0,1
1825,1992,Graduation,Together,63093.06,1,0,2014-09-10,71,254.93,19.46,240.91,78.32,26.57,39.03,3,7,3,5,7,0,1,0,0,1,0,3,11,1,34,659.2199999999999,1,111,18,2,3
1826,1948,Basic,Married,42678.96,0,0,2014-11-15,53,137.68,12.26,90.36,12.07,22.57,27.71,1,10,4,9,4,0,0,0,0,0,0,3,11,0,78,302.65,0,45,24,0,3
1827,1948,PhD,Together,50145.26,0,0,2012-02-19,94,774.44,31.21,304.2,25.11,24.15,25.33,3,2,2,3,7,0,0,0,0,0,0,3,11,0,78,1184.44,0,1045,10,0,3
1828,1979,Master,Single,35586.2,1,1,2014-06-01,79,267.43,8.74,106.57,13.12,6.2,56.11,4,6,1,6,3,0,0,0,1,0,0,3,11,0,47,458.17,2,212,17,1,2
1829,1956,PhD,Married,34663.89,0,0,2014-02-02,27,432.64,6.63,268.65,62.36,12.99,45.36,2,2,3,5,5,0,1,0,0,0,0,3,11,0,70,828.63,0,331,12,1,1
1830,1940,Graduation,Married,49722.97,0,1,2012-02-05,69,201.02,64.22,144.54,46.84,59.53,23.57,0,2,1,6,1,0,0,0,0,0,0,3,11,0,86,539.72,1,1059,9,0,3
1831,1964,Graduation,Married,46649.85,1,1,2012-04-09,31,443.08,30.28,267.39,165.27,13.64,21.78,3,3,1,4,3,0,0,0,0,1,0,3,11,0,62,941.44,2,995,11,1,2
1832,1982,Master,Married,60548.18,1,0,2012-11-24,91,299.21,23.69,173.02,29.36,98.73,86.04,0,6,2,2,7,0,0,0,0,0,0,3,11,0,44,710.05,1,766,10,0,3
1833,1979,Graduation,Single,74655.33,1,0,2013-12-06,10,323.5,34.16,318.45,31.03,69.16,75.39,4,3,3,6,5,0,1,0,0,0,0,3,11,0,47,851.6899999999998,1,389,16,1,0
1834,1981,Graduation,Together,33638.79,2,0,2012-08-08,41,226.56,20.89,159.96,19.82,19.63,42.55,1,6,1,4,5,0,0,0,0,0,0,3,11,0,45,489.41,2,874,12,0,2
1835,1964,Graduation,Married,62597.07,1,0,2013-07-20,22,1126.45,51.47,396.62,91.88,40.18,29.57,0,7,2,6,7,0,0,0,0,0,0,3,11,1,62,1736.17,1,528,15,0,0
1836,1978,Graduation,Married,28798.47,0,1,2014-09-22,29,110.79,8.39,106.23,14.84,7.62,7.49,1,5,2,7,3,0,0,0,0,0,0,3,11,0,48,255.36000000000004,1,99,15,0,1
1837,1974,2n Cycle,Married,101672.43,0,0,2014-10-18,8,451.69,58.07,271.48,70.33,39.76,48.26,1,4,0,5,5,0,0,0,0,0,0,3,11,1,52,939.59,0,73,10,0,0
1838,1942,Graduation,Divorced,32385.9,1,1,2012-04-19,91,207.62,10.96,106.96,22.03,35.26,39.26,1,1,0,4,7,0,0,0,0,0,0,3,11,0,84,422.09,2,985,6,0,2
1839,1989,PhD,Married,58469.01,0,1,2012-05-28,87,1132.12,23.94,499.41,38.43,18.54,166.5,1,4,2,4,5,0,1,0,0,1,0,3,11,1,37,1878.94,1,946,11,2,0
1840,1976,Graduation,Widow,28712.96,1,1,2013-02-09,58,199.59,14.5,136.2,12.46,24.89,17.81,4,2,3,4,3,0,0,0,0,0,0,3,11,0,50,405.44999999999993,2,689,13,0,2
1841,1983,2n Cycle,Together,41737.85,1,1,2013-11-29,27,427.52,19.06,404.6,24.67,8.38,131.21,1,4,4,9,1,0,0,0,1,0,0,3,11,1,43,1015.44,2,396,18,1,2
1842,1983,Graduation,Married,82313.73,0,0,2014-10-13,87,237.84,58.68,146.49,47.43,18.39,108.67,2,4,3,6,1,0,0,0,0,1,0,3,11,0,43,617.5,0,78,15,1,3
1843,1990,Graduation,Divorced,31981.67,2,0,2012-04-17,78,199.19,19.64,136.5,20.44,45.89,11.13,2,3,2,1,4,0,0,0,0,0,0,3,11,0,36,432.79,2,987,8,0,2
1844,1969,Master,Together,107116.73,0,0,2013-01-23,32,958.64,19.87,875.83,121.12,48.77,97.73,4,6,4,5,5,0,0,0,0,0,0,3,11,1,57,2121.96,0,706,19,0,0
1845,1977,Master,Single,44262.35,0,0,2013-02-28,46,229.79,8.99,120.86,81.71,14.69,59.64,2,1,2,5,6,0,0,0,0,0,0,3,11,0,49,515.68,0,670,10,0,1
1846,1973,Graduation,Widow,65531.42,2,2,2013-03-22,97,427.13,24.07,481.95,25.41,68.06,12.27,2,2,3,6,6,0,1,0,0,0,0,3,11,0,53,1038.89,4,648,13,1,2
1847,1951,Graduation,Married,52113.42,0,1,2014-07-06,21,163.09,71.58,71.19,26.44,50.46,61.56,2,5,2,4,3,0,0,0,0,1,0,3,11,0,75,444.32,1,177,13,1,1
1848,1958,Graduation,Married,53253.35,0,0,2014-12-27,28,238.78,14.65,146.49,20.84,42.43,86.36,1,7,2,4,3,0,1,0,1,0,0,3,11,1,68,549.55,0,3,14,2,1
1849,1976,Graduation,Single,25073.19,0,0,2014-12-25,33,199.04,10.15,174.61,18.01,8.17,25.56,1,6,2,4,7,0,0,1,1,0,0,3,11,0,50,435.54,0,5,13,2,1
1850,1983,Graduation,Married,36712.0,1,0,2013-10-17,41,282.6,12.2,120.29,17.06,14.17,28.39,0,6,3,6,5,0,0,0,0,0,0,3,11,0,43,474.71,1,439,15,0,1
1851,1998,Graduation,Married,71567.09,1,1,2012-11-16,51,833.17,23.53,340.18,53.05,39.56,51.77,0,2,1,5,5,0,0,0,0,0,0,3,11,0,28,1341.2599999999998,2,774,8,0,0
1852,1998,Graduation,Married,38648.82,1,1,2013-12-19,46,208.13,19.72,245.97,48.11,26.88,26.99,2,1,2,5,3,0,0,0,0,0,0,3,11,0,28,575.8,2,376,10,0,2
1853,1988,Graduation,Married,46888.74,1,1,2013-12-28,73,127.84,49.82,153.84,6.61,15.85,18.58,2,5,2,7,3,0,0,0,0,0,0,3,11,0,38,372.54,2,367,16,0,2
1854,1956,Master,Single,23885.6,0,2,2013-08-02,50,55.43,14.4,104.07,20.6,12.13,12.69,2,5,1,3,5,0,0,0,0,0,0,3,11,1,70,219.32,2,515,11,0,2
1855,1949,2n Cycle,Married,35773.73,1,0,2013-03-22,44,302.96,10.13,123.35,17.42,19.26,22.36,3,5,4,6,2,0,0,0,0,0,0,3,11,0,77,495.48,1,648,18,0,3
1856,1996,PhD,Together,69509.29,1,0,2012-07-28,93,411.38,166.27,253.33,58.82,68.98,59.71,1,0,2,8,3,0,0,0,0,0,0,3,11,0,30,1018.49,1,885,11,0,3
1857,1994,Graduation,Together,26554.33,0,0,2014-04-28,74,346.84,12.76,247.49,9.95,19.15,15.26,0,6,4,6,4,0,0,0,0,0,0,3,11,0,32,651.4499999999999,0,246,16,0,3
1858,1988,Graduation,Together,59090.86,0,0,2013-01-04,33,304.68,19.16,145.45,77.75,10.97,28.15,0,4,2,5,5,0,0,0,0,1,0,3,11,0,38,586.16,0,725,11,1,1
1859,1986,2n Cycle,Married,47624.91,2,2,2013-07-30,20,217.34,50.95,144.25,52.88,19.21,60.28,2,7,1,7,2,1,0,0,1,0,0,3,11,0,40,544.91,4,518,17,2,2
1861,1955,Graduation,Married,39657.29,1,1,2014-02-28,53,433.07,49.32,392.97,40.97,25.57,23.03,1,6,1,5,4,0,1,0,1,0,0,3,11,0,71,964.93,2,305,13,2,2
1862,1963,PhD,Single,36446.04,1,0,2014-09-18,24,504.98,9.91,320.57,14.96,29.08,39.62,1,5,4,2,11,0,0,0,0,0,0,3,11,0,63,919.12,1,103,12,0,1
1863,1958,PhD,Divorced,37767.78,0,0,2012-06-11,20,315.19,40.84,169.15,16.72,18.41,23.09,1,7,2,5,2,0,0,0,0,0,0,3,11,0,68,583.4,0,932,15,0,1
1864,1947,PhD,Together,64337.38,1,0,2014-09-03,0,650.13,33.28,388.25,64.87,25.12,53.62,2,2,3,6,6,0,0,0,0,1,0,3,11,1,79,1215.2699999999995,1,118,13,1,0
1865,1970,Graduation,Together,37316.19,0,0,2012-12-15,57,241.94,37.13,189.5,15.11,17.84,53.75,2,1,3,6,4,0,0,0,0,0,0,3,11,0,56,555.27,0,745,12,0,3
1866,1960,Graduation,Together,91403.23,0,1,2013-10-31,68,635.91,131.18,369.1,139.68,47.51,51.05,3,6,3,4,8,1,0,0,0,0,0,3,11,1,66,1374.43,1,425,16,1,0
1867,1956,2n Cycle,Together,50001.74,1,0,2013-03-01,85,423.27,11.62,400.91,26.43,15.62,19.86,2,5,1,5,5,0,0,0,0,0,0,3,11,0,70,897.7099999999999,1,669,13,0,3
1868,1962,Graduation,Divorced,35224.43,0,1,2012-11-22,70,135.38,34.72,223.63,30.56,7.77,25.91,3,5,3,6,7,0,0,0,0,0,0,3,11,0,64,457.97,1,768,17,0,3
1869,1976,Master,Divorced,65469.94,1,1,2012-09-11,12,594.65,12.89,383.32,148.1,8.77,23.18,4,4,4,2,2,0,0,0,0,0,0,3,11,0,50,1170.91,2,840,14,0,0
1870,1993,Master,Married,56928.9,0,0,2012-12-23,51,365.59,13.93,312.62,23.92,55.83,38.68,2,11,1,6,4,0,0,0,1,0,0,3,11,1,33,810.5699999999999,0,737,20,1,3
1871,1955,PhD,Together,22887.12,0,1,2013-03-19,22,91.14,6.48,43.61,15.31,14.13,15.52,1,5,3,5,4,1,0,0,0,0,0,3,11,0,71,186.19000000000003,1,651,14,1,1
1872,1945,Graduation,Divorced,29325.46,0,0,2012-04-22,20,188.26,18.19,121.12,35.43,16.71,5.37,1,7,1,4,5,0,0,0,1,0,0,3,11,0,81,385.08,0,982,13,1,1
1873,1947,Graduation,Widow,42354.58,0,1,2014-11-19,5,332.17,19.81,144.36,48.11,41.49,46.73,3,6,1,2,7,0,0,0,0,0,0,3,11,1,79,632.6700000000001,1,41,12,0,1
1874,1964,PhD,Together,23542.36,0,1,2013-06-07,19,235.14,9.76,123.72,12.41,5.08,16.93,1,6,2,9,3,0,0,0,0,1,0,3,11,0,62,403.04,1,571,18,1,1
1875,1957,Basic,Together,102355.97,0,2,2013-11-19,75,465.8,51.24,555.72,48.19,16.57,166.91,1,2,1,4,6,0,1,0,0,0,0,3,11,1,69,1304.43,2,406,8,1,0
1876,1964,Basic,Married,61629.31,2,0,2014-09-17,39,492.35,40.29,386.06,34.4,35.58,56.28,2,2,3,7,5,0,0,1,0,0,0,3,11,0,62,1044.96,2,104,14,1,0
1877,1951,Graduation,Divorced,44119.93,0,0,2012-02-15,8,233.05,30.21,126.25,67.51,24.12,55.04,1,7,3,14,6,0,0,0,0,0,0,3,11,0,75,536.18,0,1049,25,0,1
1878,1954,Graduation,Married,38673.79,0,0,2014-01-26,49,118.81,34.19,118.12,21.0,6.28,63.37,1,4,3,7,3,0,0,0,0,0,0,3,11,0,72,361.77,0,338,15,0,3
1879,1998,Basic,Together,34896.25,1,0,2014-11-24,27,270.97,47.69,447.4,23.48,19.85,25.87,1,3,2,5,6,0,1,0,0,0,0,3,11,0,28,835.26,1,36,11,1,1
1880,1965,Master,Married,20219.18,1,1,2013-07-17,10,100.61,9.15,50.1,10.05,7.29,16.22,3,6,3,6,5,0,0,0,1,0,0,3,11,1,61,193.42,2,531,18,1,1
1881,1980,Basic,Married,22177.88,0,2,2012-06-09,95,170.82,7.44,113.45,21.74,6.27,6.92,0,7,3,6,4,0,1,0,0,1,0,3,11,0,46,326.64,2,934,16,2,2
1882,1984,Graduation,Together,94887.6,1,0,2014-04-19,74,471.45,62.87,146.91,66.87,35.62,160.18,0,2,2,2,5,0,0,0,0,0,0,3,11,0,42,943.9,1,255,6,0,0
1883,1965,PhD,Widow,83236.39,1,0,2013-06-21,87,832.08,19.21,522.36,29.26,8.82,61.2,3,1,3,2,8,0,0,0,1,0,0,3,11,1,61,1472.93,1,557,9,1,0
1884,1986,Master,Married,35231.26,0,0,2012-08-12,55,189.65,10.75,154.1,12.65,11.33,15.46,2,3,1,9,3,0,0,1,0,0,0,3,11,0,40,393.94,0,870,15,1,3
1885,1971,Master,Together,63780.3,0,0,2012-04-04,78,360.39,53.27,177.48,12.34,19.17,79.77,4,1,5,7,5,1,0,0,0,0,0,3,11,0,55,702.42,0,1000,17,1,3
1886,1949,Graduation,Married,54315.68,2,0,2014-08-06,34,631.83,23.12,648.97,21.17,34.79,11.78,2,4,3,3,3,1,0,0,0,0,0,3,11,0,77,1371.66,2,146,12,1,0
1887,1955,Graduation,Married,56937.83,1,0,2013-07-06,80,645.0,12.65,864.21,58.85,23.74,35.31,4,0,1,7,7,0,0,0,0,0,0,3,11,1,71,1639.76,1,542,12,0,0
1888,1946,PhD,Together,25082.58,1,1,2013-10-06,24,166.36,4.7,180.95,35.63,16.87,34.71,1,3,2,4,7,0,0,1,1,0,0,3,11,0,80,439.22,2,450,10,2,1
1889,1956,Graduation,Together,21519.8,0,0,2012-03-06,98,105.89,10.16,79.56,20.84,2.14,13.28,3,2,9,3,5,0,0,0,0,0,0,3,11,0,70,231.87,0,1029,17,0,3
1890,1962,Graduation,Married,71185.02,0,0,2013-10-26,18,631.27,64.76,313.52,63.74,19.73,37.13,2,2,3,3,2,1,0,0,0,0,0,3,11,1,64,1130.15,0,430,10,1,0
1891,1965,2n Cycle,Married,20096.09,1,1,2013-11-14,30,46.33,18.14,39.68,11.96,12.86,12.56,4,3,2,2,5,0,0,1,0,0,0,3,11,0,61,141.53000000000003,2,411,11,1,1
1892,1960,Graduation,Married,41802.97,0,0,2014-06-28,80,262.87,20.49,203.81,42.72,15.93,10.04,2,7,2,3,3,0,0,0,0,0,0,3,11,0,66,555.8599999999999,0,185,14,0,3
1893,1961,Master,Married,38289.04,0,1,2014-04-16,49,599.77,58.6,360.09,29.18,29.16,47.2,1,3,3,0,3,0,0,0,0,0,0,3,11,0,65,1124.0000000000002,1,258,7,0,1
1894,1997,Graduation,Widow,36899.0,1,1,2013-07-24,86,187.67,15.89,216.15,69.94,5.73,27.5,5,4,1,10,6,0,0,0,0,0,0,3,11,0,29,522.8800000000001,2,524,20,0,2
1895,1946,Master,Divorced,50301.0,0,1,2013-11-26,62,335.69,21.22,291.81,30.44,35.76,34.28,3,8,4,7,1,0,0,0,0,1,0,3,11,0,80,749.2,1,399,22,1,3
1896,1953,2n Cycle,Married,33825.26,1,0,2012-06-28,46,189.57,3.32,150.52,48.61,10.57,23.1,2,1,3,4,6,1,0,0,0,0,0,3,11,0,73,425.69,1,915,10,1,1
1897,1954,Graduation,Together,51963.36,1,0,2014-04-13,0,338.2,18.22,107.28,56.36,15.32,42.05,1,5,2,8,6,0,0,0,0,0,0,3,11,0,72,577.43,1,261,16,0,1
1898,1992,Graduation,Divorced,46932.34,0,1,2014-12-27,57,269.24,35.88,412.48,46.84,39.0,55.74,2,2,0,4,6,0,0,0,0,0,0,3,11,0,34,859.1800000000001,1,3,8,0,1
1899,1946,Graduation,Married,102692.35,1,1,2012-07-20,9,999.31,120.34,604.73,19.72,94.55,79.87,2,8,1,6,8,0,0,0,0,0,0,3,11,1,80,1918.52,2,893,17,0,0
1900,1948,Graduation,Single,25484.77,0,0,2014-11-04,7,112.31,7.1,230.76,28.57,21.74,9.03,4,9,1,5,7,0,0,0,0,0,0,3,11,0,78,409.50999999999993,0,56,19,0,1
1901,1990,Master,Divorced,44878.21,1,0,2014-12-01,25,96.36,27.15,95.9,26.69,69.92,50.86,3,5,2,3,6,0,0,0,0,0,0,3,11,0,36,366.88,1,29,13,0,1
1902,1987,Basic,Married,52708.82,0,0,2013-06-26,33,473.52,45.29,268.39,25.92,51.68,57.04,0,3,2,4,3,0,0,1,0,1,0,3,11,0,39,921.8399999999998,0,552,9,2,1
1903,1947,Graduation,Married,40032.18,0,0,2014-09-08,18,801.78,18.48,572.22,10.56,11.39,36.34,0,1,1,3,6,0,0,0,0,0,0,3,11,1,79,1450.77,0,113,5,0,1
1904,1989,Graduation,Widow,25982.28,1,1,2014-02-12,77,127.33,3.03,50.83,16.62,12.97,39.74,0,9,2,3,4,0,0,0,0,0,0,3,11,0,37,250.52,2,321,14,0,2
1905,1998,Graduation,Together,73338.51,0,0,2013-11-24,71,243.99,39.01,246.23,48.04,27.09,59.93,1,4,4,2,5,0,0,0,0,0,0,3,11,0,28,664.29,0,401,11,0,3
1906,1962,Master,Married,50755.42,2,0,2013-09-03,0,287.67,36.75,694.32,14.91,78.63,79.34,0,2,3,2,4,0,0,0,0,0,0,3,11,0,64,1191.62,2,483,7,0,1
1907,1968,Graduation,Married,26721.97,0,1,2012-08-31,47,637.82,6.94,139.08,7.09,23.78,49.88,4,2,1,7,6,0,0,0,0,0,0,3,11,0,58,864.5900000000001,1,851,14,0,1
1908,1957,PhD,Together,52863.44,0,0,2012-02-29,24,554.36,20.81,270.52,45.44,21.64,60.16,5,6,1,3,3,0,0,0,0,0,0,3,11,0,69,972.9299999999998,0,1035,15,0,1
1909,1970,PhD,Single,87607.9,0,1,2012-04-13,23,1628.39,20.08,852.11,94.88,68.02,44.88,1,4,2,6,3,0,1,0,0,0,0,3,11,1,56,2708.36,1,991,13,1,0
1910,1969,PhD,Single,43716.18,0,1,2013-10-12,46,250.31,4.29,367.85,31.46,9.57,32.43,4,0,2,5,4,0,0,0,0,1,0,3,11,0,57,695.9100000000001,1,444,11,1,1
1911,1991,Graduation,Widow,44316.61,0,0,2014-10-07,83,335.21,37.63,530.45,56.75,23.61,74.78,0,2,5,3,6,0,0,0,0,0,0,3,11,0,35,1058.43,0,84,10,0,3
1912,1978,Master,Married,83050.32,1,1,2012-03-17,93,393.45,37.99,329.98,50.62,21.69,27.13,2,4,4,6,4,0,0,0,0,0,0,3,11,0,48,860.8600000000001,2,1018,16,0,0
1913,1974,Graduation,Together,30086.94,1,1,2014-11-07,68,121.88,35.98,299.11,18.69,5.01,19.08,1,3,0,5,5,0,0,1,0,0,0,3,11,0,52,499.75,2,53,9,1,2
1914,1957,Graduation,Together,88523.28,1,0,2013-11-28,66,766.9,67.89,406.13,32.78,64.99,57.82,1,2,2,5,9,0,0,0,0,0,0,3,11,1,69,1396.51,1,397,10,0,0
1915,1998,Basic,Together,65458.03,2,0,2014-08-03,31,668.96,24.27,323.59,16.48,51.77,31.25,2,3,0,7,6,0,1,0,0,0,0,3,11,0,28,1116.32,2,149,12,1,0
1916,1981,Master,Married,30647.69,0,0,2012-09-23,16,349.99,13.37,133.97,59.86,18.49,41.52,2,3,4,5,5,1,0,0,0,0,0,3,11,0,45,617.2,0,828,14,1,1
1917,1978,Graduation,Widow,33951.64,1,2,2014-02-19,60,177.64,21.87,244.55,42.97,13.95,34.15,2,3,1,6,6,0,0,1,1,0,0,3,11,0,48,535.13,3,314,12,2,2
1918,1956,Graduation,Single,35956.85,0,1,2013-08-31,68,144.39,29.45,81.0,10.01,7.71,18.83,2,2,2,9,3,0,0,0,0,0,0,3,11,0,70,291.39,1,486,15,0,3
1919,1953,Graduation,Together,21302.38,1,0,2014-08-03,10,312.97,11.85,177.55,15.01,4.87,24.58,5,1,1,7,7,0,0,0,0,0,0,3,11,0,73,546.8300000000002,1,149,14,0,1
1920,1970,Graduation,Together,49226.57,0,1,2014-10-21,37,206.45,43.82,100.68,29.76,12.62,35.92,3,6,3,6,5,1,0,0,0,1,0,3,11,0,56,429.25,1,70,18,2,1
1921,1963,Graduation,Married,31207.73,2,0,2014-11-16,67,153.9,11.98,112.3,17.0,12.44,14.68,3,4,2,4,6,0,1,0,0,0,0,3,11,0,63,322.3,2,44,13,1,2
1922,1974,Graduation,Together,49942.15,1,1,2013-07-01,18,210.89,12.59,208.36,25.08,43.68,26.13,1,3,5,6,2,0,0,0,0,0,0,3,11,0,52,526.73,2,547,15,0,1
1923,1983,Graduation,Single,26466.17,2,1,2012-06-08,86,169.59,11.67,80.93,21.36,22.93,27.59,0,5,0,2,2,0,0,0,0,0,0,3,11,0,43,334.07,3,935,7,0,2
1924,1999,Master,Together,64164.49,1,0,2014-07-25,16,194.95,33.27,118.19,67.29,10.94,90.44,2,2,1,6,2,0,0,0,0,0,0,3,11,0,27,515.0799999999999,1,158,11,0,1
1925,1984,PhD,Widow,59578.52,2,1,2013-02-02,12,263.41,13.28,318.6,48.69,18.02,35.7,0,7,4,7,6,0,0,0,0,0,0,3,11,0,42,697.7,3,696,18,0,2
1926,1973,Master,Together,33444.69,1,1,2013-06-26,90,134.77,6.88,61.94,19.97,9.95,37.2,1,0,3,10,8,0,0,0,0,0,0,3,11,0,53,270.71,2,552,14,0,2
1927,1942,Graduation,Married,51218.68,0,1,2012-05-06,0,493.55,30.72,180.04,29.92,5.14,106.17,1,7,0,5,6,0,0,0,0,0,0,3,11,1,84,845.5399999999998,1,968,13,0,1
1928,1976,2n Cycle,Single,45851.73,0,0,2014-10-05,1,197.55,16.47,80.83,51.64,29.53,17.29,1,5,1,4,3,0,0,0,0,0,0,3,11,0,50,393.31,0,86,11,0,1
1929,1982,Master,Married,80251.42,0,1,2014-08-05,81,1001.68,33.31,983.98,68.03,31.74,79.71,1,9,3,7,7,0,0,0,0,1,0,3,11,1,44,2198.45,1,147,20,1,0
1930,1979,Master,Together,29348.84,0,2,2012-07-28,99,324.82,10.84,94.48,19.68,12.57,38.76,1,4,3,4,6,0,0,0,0,0,0,3,11,0,47,501.15,2,885,12,0,2
1931,1965,Master,Married,41734.39,0,0,2012-05-29,96,271.11,47.65,214.25,26.22,42.91,31.63,4,2,4,5,5,0,0,0,0,0,0,3,11,0,61,633.77,0,945,15,0,3
1932,1994,Basic,Together,34328.34,0,0,2012-01-31,99,175.38,33.56,63.37,27.11,16.6,57.9,3,5,1,3,4,0,0,0,0,0,0,3,11,0,32,373.92,0,1064,12,0,3
1933,1962,PhD,Single,45158.21,0,0,2013-09-03,65,381.22,9.86,276.2,21.89,15.99,135.55,2,5,1,4,9,0,0,0,1,0,0,3,11,1,64,840.71,0,483,12,1,3
1934,1983,Graduation,Together,54902.24,2,1,2012-10-28,67,391.4,18.29,216.6,57.7,35.48,54.13,2,4,0,3,4,0,0,0,0,0,0,3,11,0,43,773.6,3,793,9,0,2
1935,1978,PhD,Single,34175.94,2,1,2014-08-20,15,127.34,26.1,213.21,11.5,29.58,23.84,2,3,4,1,7,0,0,0,0,1,0,3,11,0,48,431.57,3,132,10,1,2
1936,1954,Master,Together,38344.16,0,0,2014-05-14,3,359.57,25.23,322.2,19.23,21.0,55.29,1,9,0,9,7,0,0,0,0,0,0,3,11,0,72,802.52,0,230,19,0,1
1937,1995,Master,Married,65278.39,0,1,2014-02-03,56,375.51,29.2,218.29,60.46,45.26,86.81,1,7,1,9,7,0,0,0,0,0,0,3,11,0,31,815.53,1,330,18,0,3
1938,1988,PhD,Single,76338.29,0,0,2013-11-13,72,339.89,17.69,264.21,24.83,32.08,13.51,4,3,2,7,2,0,0,0,1,0,0,3,11,1,38,692.21,0,412,16,1,3
1939,1943,Graduation,Married,54036.03,0,1,2012-09-13,84,265.0,16.45,655.63,13.5,23.59,43.29,4,7,2,6,6,0,0,0,0,0,0,3,11,0,83,1017.46,1,838,19,0,3
1940,1968,Graduation,Married,41974.38,1,0,2014-07-28,22,258.39,14.12,106.54,27.98,20.6,26.58,3,5,1,5,2,0,0,0,0,0,0,3,11,0,58,454.21,1,155,14,0,1
1941,1961,Basic,Together,40407.12,0,0,2014-12-16,1,223.11,21.88,195.36,9.37,11.79,41.14,2,5,1,4,3,0,0,0,0,0,0,3,11,0,65,502.65,0,14,12,0,1
1942,1964,PhD,Married,55229.39,1,0,2012-01-09,66,343.97,70.38,235.61,16.26,18.01,39.45,0,3,0,3,3,0,1,0,0,0,0,3,11,0,62,723.6800000000001,1,1086,6,1,3
1944,1957,Graduation,Single,22934.78,1,1,2014-04-26,25,132.68,5.68,46.01,13.02,35.08,10.96,3,4,2,4,5,0,0,0,0,0,0,3,11,0,69,243.43000000000004,2,248,13,0,1
1945,1972,Graduation,Together,55767.92,0,1,2014-02-15,6,186.98,23.96,184.12,77.42,66.47,69.53,0,4,0,5,6,0,0,0,0,0,0,3,11,0,54,608.48,1,318,9,0,1
1946,1955,Basic,Together,31437.98,1,0,2013-11-15,99,240.44,26.77,74.83,9.79,6.52,68.09,1,3,3,6,5,0,0,0,0,0,0,3,11,0,71,426.44,1,410,13,0,3
1947,1984,Master,Widow,25165.4,0,0,2014-01-01,43,392.83,4.84,347.97,15.27,4.92,12.14,2,4,1,2,4,0,0,0,0,0,0,3,11,0,42,777.9699999999999,0,363,9,0,1
1948,1981,Master,Together,22757.77,0,0,2012-01-24,32,325.09,24.96,98.2,18.57,5.11,7.9,1,5,3,8,4,0,0,1,0,0,0,3,11,0,45,479.8299999999999,0,1071,17,1,1
1949,1983,Graduation,Divorced,40682.7,0,1,2013-05-07,63,230.28,16.82,323.25,12.94,20.22,33.04,2,4,3,6,5,0,0,0,0,0,0,3,11,0,43,636.5500000000001,1,602,15,0,3
1950,1941,PhD,Married,29536.74,0,1,2014-08-27,35,397.33,8.72,117.23,35.21,2.51,23.3,3,5,4,9,6,0,0,0,0,0,0,3,11,0,85,584.3,1,125,21,0,1
1951,1994,Graduation,Together,17491.24,0,0,2012-04-12,3,123.42,3.07,31.54,15.25,5.63,28.34,1,1,1,3,6,0,0,0,0,0,0,3,11,0,32,207.25,0,992,6,0,1
1952,1974,Master,Divorced,38430.93,0,1,2014-12-19,22,499.98,26.92,147.88,9.39,40.99,14.75,0,4,0,7,4,0,0,0,0,0,0,3,11,0,52,739.91,1,11,11,0,1
1953,1981,Graduation,Together,36452.73,1,0,2014-02-05,24,155.89,15.08,132.78,22.88,30.14,21.18,0,5,0,6,6,0,1,0,0,0,0,3,11,0,45,377.95,1,328,11,1,1
1954,1973,Graduation,Single,41774.42,1,2,2014-10-19,89,549.9,21.22,398.34,33.8,14.11,9.24,2,0,2,4,5,0,0,0,0,0,0,3,11,0,53,1026.61,3,72,8,0,2
1955,1969,PhD,Married,34490.56,0,2,2013-01-06,91,339.38,9.21,131.95,15.54,12.19,63.15,2,6,2,2,5,0,0,0,0,0,0,3,11,0,57,571.42,2,723,12,0,2
1956,1998,Basic,Married,92201.52,0,1,2013-11-09,91,332.84,34.91,639.89,24.36,59.42,85.98,2,6,0,6,4,0,0,0,0,0,0,3,11,1,28,1177.4,1,416,14,0,0
1957,1994,Graduation,Together,54553.38,1,2,2013-08-18,84,433.64,18.68,219.66,41.39,43.84,33.15,3,2,1,3,4,0,0,0,0,0,0,3,11,0,32,790.36,3,499,9,0,2
1958,1952,Master,Together,36321.12,0,1,2012-07-20,73,372.97,15.68,247.73,87.87,12.09,13.18,1,1,2,4,3,0,0,0,0,0,0,3,11,0,74,749.52,1,893,8,0,3
1959,1952,Graduation,Divorced,43241.21,2,1,2012-03-29,26,347.86,13.27,204.16,22.01,17.23,16.58,2,9,3,5,6,0,0,0,0,0,0,3,11,0,74,621.11,3,1006,19,0,2
1960,1957,Graduation,Married,78108.73,1,1,2013-03-12,50,459.8,14.27,278.18,128.56,25.5,80.36,3,4,3,4,11,0,0,0,0,0,0,3,11,0,69,986.67,2,658,14,0,0
1961,1971,Graduation,Widow,65032.94,0,0,2012-04-29,78,562.18,153.28,169.02,26.58,13.41,26.85,1,6,1,6,5,0,0,0,0,0,0,3,11,0,55,951.32,0,975,14,0,3
1962,1971,Graduation,Divorced,25374.89,0,0,2012-06-04,80,152.41,5.13,137.74,18.54,10.2,21.67,1,4,2,10,3,0,0,0,0,0,0,3,11,0,55,345.69,0,939,17,0,3
1963,1974,PhD,Married,30039.96,0,0,2013-02-02,98,406.53,15.36,315.93,30.64,11.53,82.12,1,2,1,3,7,0,0,0,0,0,0,3,11,0,52,862.1099999999999,0,696,7,0,3
1964,1998,Graduation,Married,32443.69,0,1,2012-07-06,68,139.25,5.14,91.8,20.72,6.98,21.13,3,4,0,5,7,0,0,0,0,0,0,3,11,0,28,285.02,1,907,12,0,3
1965,1978,Graduation,Divorced,37202.08,0,0,2014-12-11,79,285.97,5.15,116.5,19.97,25.13,16.77,2,2,4,2,3,0,0,0,0,0,0,3,11,0,48,469.49,0,19,10,0,3
1966,1985,Basic,Widow,34955.49,1,0,2013-10-13,22,374.06,17.0,401.48,34.69,21.42,35.27,1,4,3,7,4,0,0,0,0,0,0,3,11,0,41,883.92,1,443,15,0,1
1967,1991,Graduation,Together,44963.38,0,0,2013-08-09,8,350.11,22.89,236.61,89.79,31.3,17.29,3,4,2,8,6,0,1,0,0,0,0,3,11,1,35,747.9899999999999,0,508,17,1,1
1968,1968,Master,Married,59533.15,0,0,2012-08-17,32,375.29,58.19,405.4,45.77,17.22,134.07,1,4,2,4,7,0,0,0,0,0,0,3,11,0,58,1035.94,0,865,11,0,0
1969,1988,Graduation,Together,63644.24,1,1,2012-02-24,34,413.72,37.09,343.56,29.98,8.88,118.55,1,7,1,4,2,0,0,0,0,1,0,3,11,0,38,951.78,2,1040,13,1,2
1970,1968,Master,Single,38920.68,0,2,2012-09-27,49,403.72,16.31,141.1,22.3,23.62,28.3,5,5,2,6,10,0,0,0,0,0,0,3,11,0,58,635.3499999999999,2,824,18,0,2
1971,1992,Graduation,Married,23066.18,0,1,2014-12-28,23,113.81,5.98,100.26,67.15,7.1,10.8,3,5,2,5,4,0,0,0,0,0,0,3,11,0,34,305.1000000000001,1,2,15,0,1
1972,1983,Graduation,Single,29255.88,0,1,2014-08-27,87,372.87,32.97,167.17,20.36,7.86,18.18,1,5,2,5,4,0,0,0,0,0,0,3,11,0,43,619.41,1,125,13,0,3
1973,1996,Graduation,Married,36029.38,0,1,2012-11-25,23,216.09,28.84,208.92,16.19,7.77,24.21,1,3,3,7,2,0,0,0,0,0,0,3,11,0,30,502.02,1,765,14,0,1
1974,1955,Graduation,Married,26956.67,1,0,2012-04-25,18,118.96,5.85,109.29,8.71,10.48,27.23,2,3,1,8,4,0,0,0,0,0,0,3,11,0,71,280.52,1,979,14,0,1
1975,1995,Graduation,Together,70006.52,0,0,2012-11-18,38,727.3,32.84,328.81,15.03,82.7,104.82,2,5,3,4,4,0,0,1,0,0,0,3,11,1,31,1291.5,0,772,14,1,0
1976,1983,Master,Married,27672.2,1,1,2013-07-16,60,240.66,13.83,231.87,22.09,9.37,11.92,1,3,4,8,5,0,0,0,0,0,0,3,11,0,43,529.7399999999999,2,532,16,0,2
1977,1986,Basic,Married,56773.52,0,0,2012-08-16,24,280.85,21.16,208.37,53.98,13.54,83.55,6,5,0,4,5,0,0,0,0,0,0,3,11,0,40,661.4499999999999,0,866,15,0,1
1978,1996,Master,Together,22634.89,0,0,2012-12-25,94,608.66,16.49,277.1,11.45,15.35,26.31,2,5,5,4,5,0,0,0,0,0,0,3,11,0,30,955.36,0,735,16,0,3
1979,1949,Master,Married,57692.38,0,1,2014-10-25,24,583.8,43.57,716.84,36.7,29.34,34.13,5,3,3,2,4,0,0,0,0,0,0,3,11,0,77,1444.38,1,66,13,0,0
1980,1969,Graduation,Married,41952.47,1,0,2012-01-28,26,595.31,17.16,260.79,13.34,5.39,17.54,5,3,1,7,3,0,0,0,1,0,0,3,11,0,57,909.53,1,1067,16,1,1
1981,1964,Graduation,Married,81227.76,0,0,2014-05-18,31,2471.82,31.47,1822.14,56.47,55.42,69.89,3,4,3,4,4,0,0,0,0,0,0,3,11,1,62,4507.210000000001,0,226,14,0,0
1982,1978,Graduation,Widow,28208.4,0,0,2012-01-28,10,116.64,31.79,132.14,24.17,46.38,11.99,1,6,3,4,5,0,0,0,0,0,0,3,11,0,48,363.11,0,1067,14,0,1
1983,1959,Graduation,Together,35396.0,1,0,2014-01-13,68,138.5,28.4,167.13,16.48,3.41,52.49,2,5,1,3,6,0,0,0,0,0,0,3,11,0,67,406.41,1,351,11,0,3
1984,1944,PhD,Together,38247.25,0,0,2013-08-02,32,342.06,18.32,192.13,67.7,8.36,15.64,1,6,0,4,4,0,0,0,1,0,0,3,11,1,82,644.21,0,515,11,1,1
1985,1940,PhD,Together,41731.02,0,0,2013-03-26,18,186.85,7.2,176.0,16.21,3.46,46.51,4,5,3,1,7,0,0,1,1,0,0,3,11,1,86,436.2299999999999,0,644,13,2,1
1986,1969,Graduation,Widow,38623.17,1,1,2013-03-08,15,445.47,21.77,108.92,29.39,16.93,29.53,0,3,0,6,6,0,0,0,0,0,0,3,11,0,57,652.0099999999999,2,662,9,0,1
1987,1988,Graduation,Married,38922.53,0,1,2013-01-08,98,159.07,27.13,195.49,41.57,32.33,22.31,2,4,1,6,2,0,0,0,0,0,0,3,11,0,38,477.9,1,721,13,0,3
1988,1942,Master,Single,38668.28,1,0,2013-03-10,10,448.63,3.4,118.1,23.7,18.89,29.17,1,3,2,4,2,0,1,1,0,0,0,3,11,1,84,641.89,1,660,10,2,1
1989,1984,Master,Single,19370.92,0,1,2012-08-05,74,82.81,10.33,41.81,11.11,20.48,29.71,1,3,4,4,4,0,0,0,0,0,0,3,11,0,42,196.25,1,877,12,0,3
1990,1953,Graduation,Together,65994.97,1,0,2014-08-05,73,454.26,23.57,206.55,17.97,49.81,25.9,2,4,1,6,5,0,0,0,0,0,0,3,11,0,73,778.0600000000001,1,147,13,0,3
1992,1969,2n Cycle,Single,49976.51,0,0,2014-02-26,68,405.31,13.29,336.63,28.97,45.97,25.54,5,6,5,6,3,0,0,0,0,0,0,3,11,0,57,855.71,0,307,22,0,3
1993,1989,Graduation,Married,28161.18,1,1,2012-01-26,86,70.91,11.81,75.91,24.96,10.14,22.08,0,4,3,7,8,0,0,0,0,0,0,3,11,0,37,215.81,2,1069,14,0,2
1994,1943,Graduation,Together,29324.67,1,0,2014-12-07,54,166.64,31.0,164.94,28.18,14.0,15.6,1,3,1,4,4,0,1,1,0,0,0,3,11,0,83,420.36,1,23,9,2,1
1995,1957,PhD,Single,56685.27,0,1,2014-05-08,24,180.11,19.88,116.64,24.96,15.43,15.75,3,4,2,3,9,0,0,0,1,0,0,3,11,0,69,372.77,1,236,12,1,1
1996,1976,Basic,Married,51750.42,0,1,2013-01-04,92,561.8,42.35,192.33,29.51,20.66,22.05,1,2,0,3,1,1,0,0,0,0,0,3,11,0,50,868.6999999999999,1,725,6,1,3
1997,1964,Basic,Single,39588.1,1,0,2014-11-03,76,190.05,11.19,149.27,56.6,18.84,84.86,1,2,2,6,2,0,0,0,0,0,0,3,11,0,62,510.81,1,57,11,0,3
1998,1987,Graduation,Married,59955.73,1,1,2014-06-02,95,355.21,43.34,272.35,19.69,26.13,55.78,1,3,0,2,1,0,0,0,0,1,0,3,11,0,39,772.5,2,211,6,1,2
1999,1940,Graduation,Single,19427.52,0,2,2012-10-05,33,90.79,8.92,42.3,44.71,19.93,17.71,2,5,2,4,6,0,0,0,0,0,0,3,11,0,86,224.36,2,816,13,0,2
2000,1992,PhD,Together,59971.51,1,0,2012-12-06,11,395.69,33.96,242.35,24.62,22.56,40.62,4,5,3,4,6,1,0,0,0,0,0,3,11,1,34,759.8,1,754,16,1,1
2001,1985,PhD,Married,48781.4,0,0,2013-08-29,87,148.78,22.46,128.21,15.43,12.79,37.95,2,3,1,6,6,0,0,1,0,0,0,3,11,0,41,365.62000000000006,0,488,12,1,3
2002,1954,Graduation,Married,29780.85,1,1,2014-11-14,20,51.09,20.07,35.71,20.7,8.1,18.46,4,5,5,4,7,0,1,0,0,0,0,3,11,0,72,154.13000000000002,2,46,18,1,1
2003,1948,Basic,Divorced,25000.98,1,1,2013-06-12,28,108.12,2.46,68.79,60.38,16.98,27.52,1,3,1,4,7,0,1,0,0,0,0,3,11,0,78,284.25,2,566,9,1,1
2004,1954,Master,Married,46561.58,2,0,2013-03-01,50,284.57,9.11,142.39,9.5,9.2,39.69,1,5,1,8,6,0,0,0,1,1,0,3,11,1,72,494.46,2,669,15,2,2
2005,1988,Master,Married,77877.73,0,0,2012-01-29,22,833.68,45.86,499.43,45.94,31.65,30.95,2,5,0,3,3,0,0,0,0,0,0,3,11,1,38,1487.5100000000002,0,1066,10,0,0
2006,1996,Basic,Married,40488.07,1,0,2014-08-13,32,230.14,5.45,264.38,34.59,41.17,37.83,1,5,1,10,7,0,0,0,0,1,0,3,11,1,30,613.56,1,139,17,1,1
2007,1963,Master,Together,31537.29,0,0,2012-11-18,7,700.41,10.52,229.13,20.66,17.24,5.79,1,2,5,7,5,0,0,0,0,0,0,3,11,0,63,983.75,0,772,15,0,1
2008,1943,Graduation,Together,47882.98,0,0,2012-11-08,41,168.71,21.25,131.98,38.65,20.99,49.25,2,8,3,5,6,0,0,0,1,0,0,3,11,0,83,430.83,0,782,18,1,3
2009,1951,PhD,Married,91890.11,0,2,2013-08-06,76,675.23,25.63,608.76,38.34,41.24,31.65,0,0,0,6,5,0,0,0,0,0,0,3,11,0,75,1420.85,2,511,6,0,0
2010,1998,Graduation,Married,52707.86,1,1,2014-01-31,68,264.86,15.96,268.26,23.61,13.03,39.92,1,3,1,5,8,0,1,0,0,0,0,3,11,1,28,625.6399999999999,2,333,10,1,2
2011,1997,Master,Married,55036.99,0,0,2012-10-21,40,851.57,29.7,736.58,32.32,15.09,21.57,1,6,2,4,9,0,0,1,0,0,0,3,11,1,29,1686.83,0,800,13,1,0
2012,1976,Graduation,Married,72339.06,0,1,2013-10-17,73,443.22,60.78,338.09,23.57,29.5,58.14,0,3,3,5,5,0,0,0,0,0,0,3,11,0,50,953.3,1,439,11,0,0
2013,1976,Master,Together,53584.92,1,1,2014-02-24,62,508.33,13.82,365.78,33.49,28.91,60.83,4,4,3,5,6,1,0,0,0,0,0,3,11,0,50,1011.16,2,309,16,1,2
2014,1982,Graduation,Single,32455.08,1,0,2012-08-10,13,75.62,10.54,109.34,16.5,26.28,64.16,1,4,3,7,4,0,0,0,0,0,0,3,11,0,44,302.44,1,872,15,0,1
2015,1999,Graduation,Married,22074.4,1,0,2012-03-15,87,160.34,6.53,74.4,10.69,10.7,7.02,1,1,4,7,1,0,0,0,0,0,0,3,11,0,27,269.68,1,1020,13,0,3
2016,1945,Graduation,Married,30679.16,2,0,2012-04-11,61,181.99,3.29,119.14,23.87,31.67,44.2,3,4,5,5,4,0,0,0,0,0,0,3,11,0,81,404.16,2,993,17,0,2
2018,1995,Master,Widow,57741.03,2,0,2012-06-21,45,129.06,46.39,145.51,32.31,42.66,35.35,0,5,1,8,3,1,1,0,0,0,0,3,11,1,31,431.28,2,922,14,2,2
2019,1985,Master,Divorced,61043.33,1,2,2014-10-24,66,260.66,51.51,248.45,157.39,58.37,77.27,5,3,0,8,4,0,0,0,0,1,0,3,11,0,41,853.65,3,67,16,1,2
2020,1963,PhD,Single,47582.9,0,0,2013-01-29,92,432.33,12.94,228.74,15.92,12.04,33.14,3,2,1,3,2,0,0,0,0,0,0,3,11,0,63,735.1099999999999,0,700,9,0,3
2021,1950,Graduation,Married,26702.79,0,0,2014-04-12,52,44.66,5.78,21.33,37.07,6.14,32.96,1,5,2,6,4,1,0,0,1,0,0,3,11,0,76,147.94,0,262,14,2,3
2022,1952,Graduation,Married,90638.9,0,0,2014-09-30,51,348.94,42.1,321.08,60.12,56.71,40.1,3,3,2,5,6,0,0,0,0,0,0,3,11,0,74,869.0500000000001,0,91,13,0,0
2023,1973,Graduation,Married,37553.28,0,0,2012-06-15,93,213.32,28.32,67.33,16.79,7.7,20.61,4,0,0,9,5,0,0,0,0,1,0,3,11,0,53,354.07,0,928,13,1,3
2024,1964,Graduation,Married,56465.91,1,1,2012-10-26,6,189.01,28.41,165.96,16.41,21.75,79.81,4,4,0,2,6,1,0,0,0,0,0,3,11,0,62,501.35,2,795,10,1,1
2025,1946,Basic,Together,45239.68,1,2,2012-04-27,80,239.77,24.68,215.93,31.58,32.95,88.51,0,3,1,7,8,0,0,0,0,0,0,3,11,0,80,633.42,3,977,11,0,2
2026,1991,Graduation,Single,48216.93,1,0,2013-05-26,83,416.48,43.86,200.82,74.03,51.62,37.88,3,1,3,3,5,0,0,0,0,1,0,3,11,0,35,824.69,1,583,10,1,3
2027,1943,Graduation,Single,55674.28,0,2,2013-09-03,53,380.68,16.38,191.57,28.3,21.92,8.39,4,8,1,6,3,0,0,0,0,0,0,3,11,0,83,647.2399999999999,2,483,19,0,2
2028,1998,Graduation,Single,33576.84,0,1,2012-06-07,10,267.79,13.49,188.17,20.53,10.42,23.91,3,5,3,4,7,0,0,0,0,0,0,3,11,0,28,524.3100000000001,1,936,15,0,1
2029,1947,Graduation,Married,74769.17,1,0,2014-11-27,24,365.29,91.42,168.35,88.0,41.55,61.17,3,6,1,6,2,0,0,0,0,0,0,3,11,0,79,815.78,1,33,16,0,0
2030,1959,PhD,Single,23581.03,0,1,2013-04-07,58,426.99,9.61,237.6,18.57,5.68,16.46,2,2,3,4,3,0,0,0,0,1,0,3,11,0,67,714.9100000000001,1,632,11,1,3
2031,1968,PhD,Married,29277.58,2,0,2012-04-13,87,223.91,6.28,105.52,7.32,12.1,28.75,2,6,2,5,3,0,0,0,0,0,0,3,11,0,58,383.88,2,991,15,0,2
2032,1993,Graduation,Married,74382.19,0,1,2014-09-08,65,1820.78,22.82,1241.55,50.67,33.94,44.83,2,5,2,3,5,0,0,0,1,0,0,3,11,1,33,3214.59,1,113,12,1,0
2033,1992,Graduation,Single,56162.35,2,0,2012-09-06,26,177.69,14.67,201.81,89.33,25.32,74.55,2,4,3,3,5,0,0,0,0,0,0,3,11,0,34,583.3699999999999,2,845,12,0,2
2034,1990,Graduation,Married,122535.55,0,1,2014-11-02,82,538.09,69.61,531.25,76.93,59.25,48.82,5,3,2,6,6,0,0,0,0,0,0,3,11,1,36,1323.95,1,58,16,0,0
2035,1984,Graduation,Together,45585.28,0,0,2013-07-20,57,278.1,12.21,170.95,5.65,12.67,76.83,2,6,1,6,6,0,0,1,0,0,0,3,11,0,42,556.41,0,528,15,1,3
2036,1985,Graduation,Married,87568.07,0,1,2013-08-19,92,514.52,47.24,459.86,70.96,25.96,178.1,1,6,3,5,3,1,0,0,0,0,0,3,11,0,41,1296.64,1,498,15,1,0
2037,1949,2n Cycle,Single,21099.58,1,1,2013-09-12,10,161.27,6.22,62.9,12.02,6.18,9.79,2,5,0,6,7,0,0,0,0,0,0,3,11,0,77,258.38000000000005,2,474,13,0,1
2038,1982,PhD,Single,25199.87,1,0,2013-07-08,54,110.14,3.23,79.26,5.4,4.37,11.69,3,4,0,9,5,0,0,0,0,0,0,3,11,0,44,214.09,1,540,16,0,3
2039,1973,PhD,Married,63462.87,0,0,2012-03-11,18,494.21,34.98,434.7,14.87,35.72,65.15,0,7,5,5,2,0,0,1,1,0,0,3,11,1,53,1079.63,0,1024,17,2,0
2040,1996,Graduation,Single,22111.49,2,0,2014-08-13,91,199.03,11.08,131.13,25.48,17.34,8.7,0,3,2,4,1,0,0,0,0,1,0,3,11,0,30,392.76,2,139,9,1,2
2041,1965,Graduation,Married,40988.75,1,1,2014-08-30,38,199.53,25.64,217.05,16.96,30.31,24.47,1,2,1,3,2,0,0,0,0,1,0,3,11,0,61,513.96,2,122,7,1,2
2042,1980,PhD,Together,70748.29,1,0,2013-03-13,84,276.13,21.66,140.86,26.35,27.71,110.0,5,7,2,9,2,0,0,0,0,0,0,3,11,0,46,602.71,1,657,23,0,3
2043,1988,Master,Single,54201.75,1,1,2014-12-03,89,235.76,15.57,117.21,34.06,15.28,67.7,3,3,5,1,4,0,0,1,1,0,0,3,11,0,38,485.5799999999999,2,27,12,2,2
2044,1997,Master,Single,44553.15,0,0,2014-11-03,85,245.26,25.99,215.84,19.43,31.93,117.29,3,5,1,8,5,0,0,0,0,0,0,3,11,0,29,655.74,0,57,17,0,3
2045,1942,Graduation,Widow,37062.35,0,0,2012-11-09,69,101.89,42.28,136.63,25.26,24.93,32.95,2,2,0,3,6,0,0,0,0,0,0,3,11,0,84,363.94,0,781,7,0,3
2046,1995,PhD,Married,48092.92,2,0,2013-04-29,10,269.25,22.2,128.67,27.34,25.12,26.75,1,3,6,4,4,0,0,0,0,0,0,3,11,0,31,499.33,2,610,14,0,1
2047,1945,Graduation,Single,55876.51,2,0,2012-06-17,13,651.63,33.05,440.23,17.46,72.96,46.24,1,6,3,5,6,0,0,0,1,0,0,3,11,1,81,1261.57,2,926,15,1,0
2048,1944,Basic,Together,34051.94,2,1,2014-06-06,59,65.5,12.87,43.2,16.08,15.37,24.96,0,5,0,9,6,0,0,0,0,0,0,3,11,0,82,177.98000000000002,3,207,14,0,2
2049,1944,PhD,Divorced,51466.91,2,2,2014-03-13,35,239.11,9.35,493.96,43.09,20.23,38.05,3,0,2,2,5,0,0,0,0,1,0,3,11,0,82,843.79,4,292,7,1,2
2050,1993,PhD,Married,68280.01,0,0,2012-09-02,40,764.71,55.94,873.79,44.95,24.63,54.01,1,7,4,7,3,0,0,1,0,0,0,3,11,1,33,1818.03,0,849,19,1,0
2051,1986,Graduation,Single,40579.11,1,0,2012-09-22,1,235.37,32.09,321.38,24.8,7.29,18.62,3,9,1,5,2,0,0,0,0,0,0,3,11,1,40,639.55,1,829,18,0,1
2052,1962,PhD,Together,45581.13,0,0,2014-04-28,56,198.41,32.01,273.99,93.56,31.08,43.32,1,1,1,6,3,0,0,1,0,0,0,3,11,0,64,672.3700000000001,0,246,9,1,3
2053,1988,Graduation,Married,53825.98,2,1,2012-08-30,59,416.78,22.13,318.19,53.58,23.17,18.55,1,4,2,2,6,0,0,0,0,0,0,3,11,1,38,852.3999999999999,3,852,9,0,2
2054,1948,Graduation,Together,55300.3,0,0,2013-06-13,19,267.92,36.28,142.44,59.2,34.43,28.86,1,7,1,5,7,0,1,0,0,0,0,3,11,1,78,569.13,0,565,14,1,1
2055,1974,Graduation,Married,63030.97,1,1,2014-04-26,21,161.88,49.41,87.72,36.63,87.27,47.09,0,2,2,6,9,0,0,0,0,0,0,3,11,0,52,470.0,2,248,10,0,1
2056,1959,Master,Together,29562.15,0,2,2014-09-30,3,186.85,35.83,185.82,21.66,10.72,6.11,0,3,2,7,2,0,0,0,1,0,0,3,11,0,67,446.99000000000007,2,91,12,1,1
2057,1997,Graduation,Divorced,35897.79,0,0,2012-12-07,55,138.13,29.79,182.19,17.79,4.05,45.69,2,5,1,6,5,0,0,0,0,0,0,3,11,0,29,417.64,0,753,14,0,3
2058,1988,Graduation,Together,36433.67,0,1,2014-01-29,92,203.3,17.36,81.1,37.29,22.3,8.53,2,4,1,5,3,0,0,0,1,1,0,3,11,0,38,369.88,1,335,12,2,3
2059,1998,Basic,Together,30897.64,1,0,2014-03-08,57,193.9,6.46,113.71,18.56,15.66,37.05,2,3,1,3,4,1,0,0,0,0,0,3,11,0,28,385.34,1,297,9,1,1
2060,1981,Graduation,Together,21604.01,1,0,2013-06-15,87,115.11,10.88,167.89,15.85,6.38,7.98,1,3,1,4,9,0,0,0,0,0,0,3,11,0,45,324.09000000000003,1,563,9,0,3
2061,1974,PhD,Married,12066.74,0,0,2014-05-13,64,49.88,6.45,46.07,8.53,7.02,7.59,2,2,1,3,9,0,1,0,0,0,0,3,11,0,52,125.54,0,231,8,1,3
2062,1989,Graduation,Married,71552.1,1,0,2012-02-11,87,689.15,50.2,875.4,45.43,52.58,78.4,2,8,2,7,8,0,0,0,0,0,0,3,11,1,37,1791.16,1,1053,19,0,0
2063,1957,Graduation,Together,23823.86,1,0,2013-08-21,57,193.63,24.61,101.45,89.15,6.19,71.48,3,5,3,4,7,1,0,0,0,0,0,3,11,0,69,486.5100000000001,1,496,15,1,3
2064,1956,Master,Married,83000.64,0,0,2012-11-01,29,770.33,35.95,684.15,35.72,31.76,71.42,3,5,3,10,8,1,0,0,0,0,0,3,11,1,70,1629.3300000000002,0,789,21,1,0
2065,1963,Graduation,Married,59621.04,0,0,2014-03-19,75,327.42,96.43,159.15,25.52,66.31,14.56,1,7,1,4,4,0,0,0,0,0,0,3,11,0,63,689.3899999999999,0,286,13,0,3
2066,1942,Graduation,Together,37711.66,1,0,2014-05-11,18,320.28,6.02,111.34,36.71,11.21,53.63,3,7,1,10,4,0,0,0,0,0,0,3,11,0,84,539.1899999999999,1,233,21,0,1
2067,1971,PhD,Married,56758.96,1,1,2013-11-09,61,249.95,33.47,215.62,25.49,27.09,39.63,2,7,1,4,5,0,0,0,0,0,0,3,11,0,55,591.25,2,416,14,0,2
2068,1974,PhD,Married,52578.01,0,2,2013-12-31,67,508.17,14.93,497.96,28.34,4.99,44.0,3,4,1,5,4,0,0,0,0,0,0,3,11,1,52,1098.39,2,364,13,0,2
2069,1977,Master,Together,28546.52,1,0,2013-03-16,78,232.86,4.17,105.85,9.55,5.38,32.01,4,4,1,4,6,0,0,0,0,0,0,3,11,0,49,389.82,1,654,13,0,3
2070,1952,Graduation,Married,44090.91,0,0,2014-07-21,83,228.99,17.91,106.02,38.01,22.22,9.31,2,3,5,5,5,0,0,0,0,0,0,3,11,0,74,422.46,0,162,15,0,3
2071,1995,Graduation,Divorced,29973.37,0,0,2014-06-21,43,265.89,5.73,225.79,26.04,28.71,24.15,5,3,1,7,8,0,0,1,0,0,0,3,11,1,31,576.31,0,192,16,1,1
2072,1986,Master,Divorced,57621.51,0,1,2012-05-12,83,255.09,23.98,209.57,30.62,11.67,36.16,1,1,3,6,2,0,0,1,0,0,0,3,11,0,40,567.0899999999999,1,962,11,1,3
2073,1964,PhD,Single,33319.95,0,1,2013-12-19,60,580.14,15.6,445.64,32.84,15.98,55.65,1,4,0,4,1,0,0,0,0,0,0,3,11,0,62,1145.85,1,376,9,0,3
2074,1948,Master,Married,42674.13,1,0,2012-02-20,20,423.66,38.28,394.02,8.98,15.62,52.97,3,2,3,5,2,0,0,1,0,0,0,3,11,1,78,933.53,1,1044,13,1,1
2075,1943,Master,Single,41943.57,2,0,2013-09-09,9,729.44,7.78,350.31,17.62,34.07,12.68,1,6,3,4,0,0,1,0,0,0,0,3,11,0,83,1151.9,2,477,14,1,1
2076,1953,Master,Single,46566.26,0,0,2013-01-26,29,420.95,36.83,282.86,26.99,10.28,79.7,0,6,3,4,5,0,0,0,0,1,0,3,11,1,73,857.61,0,703,13,1,1
2077,1976,Graduation,Single,86251.44,0,0,2013-11-26,23,704.41,41.94,501.27,27.4,51.19,90.64,1,5,2,6,5,0,0,0,0,0,0,3,11,0,50,1416.85,0,399,14,0,0
2078,1973,Graduation,Married,40280.22,1,2,2013-06-06,47,162.04,34.24,116.34,9.06,12.48,12.77,1,5,3,6,6,0,0,0,0,0,0,3,11,0,53,346.93,3,572,15,0,2
2079,1950,Master,Single,72198.23,1,1,2013-05-22,54,277.74,25.55,151.56,38.53,37.84,59.9,5,3,2,2,2,0,1,0,0,0,0,3,11,1,76,591.12,2,587,12,1,2
2080,1980,Graduation,Single,53744.62,1,0,2012-12-19,51,243.07,11.08,107.14,52.32,25.68,80.24,2,8,4,2,4,0,0,0,0,0,0,3,11,0,46,519.53,1,741,16,0,3
2081,1995,Graduation,Together,78226.29,1,0,2014-05-16,37,450.16,17.28,495.94,108.37,30.84,30.3,2,5,1,4,2,0,0,0,0,0,0,3,11,0,31,1132.89,1,228,12,0,0
2082,1942,Basic,Single,38739.91,0,0,2014-08-30,66,194.92,8.18,152.61,17.91,23.66,71.04,3,5,1,2,4,0,0,0,0,0,0,3,11,0,84,468.3200000000001,0,122,11,0,3
2083,1998,Basic,Together,58597.92,1,0,2014-08-13,92,922.94,35.79,417.2,58.4,27.58,18.97,4,4,1,2,8,0,0,0,0,0,0,3,11,0,28,1480.88,1,139,11,0,0
2084,1967,Graduation,Together,43316.67,0,1,2012-04-05,7,138.4,48.18,113.76,40.74,18.34,21.62,1,0,1,4,3,0,0,0,0,0,0,3,11,0,59,381.04,1,999,6,0,1
2085,1968,Graduation,Married,13416.53,0,0,2012-04-15,28,227.53,4.38,86.66,17.89,4.97,6.11,2,3,4,3,3,0,0,1,0,0,0,3,11,1,58,347.54,0,989,12,1,1
2086,1948,Graduation,Together,28683.08,0,0,2013-11-08,9,199.55,19.18,239.56,14.92,13.78,52.58,2,2,2,9,3,0,0,0,0,0,0,3,11,0,78,539.57,0,417,15,0,1
2087,1942,Master,Married,55991.25,0,0,2013-05-27,68,231.96,10.29,118.8,12.22,29.33,33.46,0,5,2,5,3,0,0,0,0,0,0,3,11,0,84,436.06,0,582,12,0,3
2088,1964,Basic,Together,54529.98,2,1,2014-05-05,74,189.5,27.86,345.47,36.51,13.81,21.78,2,2,1,7,3,0,0,0,0,0,0,3,11,0,62,634.93,3,239,12,0,2
2089,1973,Graduation,Married,26423.5,1,1,2014-02-28,67,329.47,18.09,153.87,9.23,9.82,27.69,3,7,0,6,5,0,0,0,0,0,0,3,11,0,53,548.1700000000001,2,305,16,0,2
2090,1951,Graduation,Together,48443.19,0,0,2013-05-29,48,874.73,9.32,224.71,20.15,11.79,57.8,2,2,3,5,5,0,0,0,0,0,0,3,11,0,75,1198.5,0,580,12,0,3
2091,1981,Basic,Married,54247.06,0,0,2014-06-16,57,376.28,22.01,278.26,29.06,24.29,64.97,2,2,4,6,4,1,0,1,0,0,0,3,11,1,45,794.8699999999999,0,197,14,2,3
2092,1948,Graduation,Single,43745.05,0,0,2014-12-20,34,320.99,30.82,342.89,22.91,14.06,29.83,3,5,3,5,4,0,0,0,0,0,0,3,11,0,78,761.5,0,10,16,0,1
2093,1954,PhD,Single,59369.0,0,2,2014-10-04,49,1077.56,4.68,494.65,41.49,43.23,55.5,1,5,2,4,7,0,0,0,0,0,0,3,11,0,72,1717.11,2,87,12,0,0
2094,1979,2n Cycle,Married,56219.68,1,0,2014-01-06,39,375.73,57.44,419.08,55.03,38.6,30.54,0,5,4,4,2,0,0,1,0,0,0,3,11,1,47,976.42,1,358,13,1,1
2095,1964,Graduation,Married,43736.69,2,0,2012-10-28,11,502.74,24.79,279.51,22.52,11.53,95.86,2,5,2,4,3,0,0,0,0,0,0,3,11,1,62,936.95,2,793,13,0,1
2096,1944,PhD,Married,36158.6,2,0,2013-10-07,84,204.53,25.49,124.98,29.43,16.56,57.64,1,0,1,4,2,0,0,0,0,0,0,3,11,0,82,458.63,2,449,6,0,2
2097,1950,Graduation,Divorced,67306.81,1,1,2014-11-30,15,369.72,24.09,270.64,43.59,45.27,103.43,3,7,2,10,6,0,0,0,0,0,0,3,11,0,76,856.74,2,30,22,0,0
2098,1998,Graduation,Together,53383.92,1,0,2012-08-18,77,445.44,8.71,215.49,60.07,22.03,68.98,2,8,2,4,5,0,0,0,0,0,0,3,11,0,28,820.72,1,864,16,0,3
2099,1973,Master,Together,25525.34,0,0,2014-01-07,84,159.12,16.12,62.94,14.63,7.56,27.98,0,4,1,3,7,0,0,0,1,0,0,3,11,0,53,288.35,0,357,8,1,3
2101,1999,2n Cycle,Single,27989.65,0,1,2012-10-23,90,191.41,13.08,100.21,14.35,21.43,32.84,4,4,4,7,5,1,0,0,0,0,0,3,11,0,27,373.3200000000001,1,798,19,1,3
2102,1954,PhD,Divorced,30157.01,1,1,2013-03-30,99,132.35,26.56,81.81,17.56,23.77,25.92,2,4,0,4,5,0,0,1,0,0,0,3,11,0,72,307.97,2,640,10,1,2
2103,1977,Graduation,Single,34174.53,1,1,2014-12-16,0,473.59,24.75,173.19,13.71,13.83,58.52,1,1,3,5,4,0,0,1,0,0,0,3,11,0,49,757.59,2,14,10,1,1
2104,1947,Graduation,Together,45159.2,0,0,2014-07-30,64,945.77,65.57,264.47,17.07,32.79,58.82,1,4,5,5,3,0,1,0,1,0,0,3,11,1,79,1384.4899999999998,0,153,15,2,3
2105,1998,Graduation,Married,51523.55,0,0,2012-08-27,21,109.89,25.91,124.08,52.68,3.99,57.52,2,8,3,4,4,0,0,0,0,0,0,3,11,0,28,374.07,0,855,17,0,1
2106,1944,Graduation,Married,37662.62,0,2,2014-12-22,14,745.61,11.41,345.48,12.62,38.3,11.0,1,3,2,9,6,0,0,0,0,0,0,3,11,0,82,1164.4199999999998,2,8,15,0,1
2107,1987,Graduation,Married,38327.65,2,0,2013-07-04,83,162.68,15.7,105.83,20.32,15.99,29.16,1,2,3,3,5,0,0,0,0,0,0,3,11,0,39,349.68,2,544,9,0,2
2108,1965,Graduation,Married,36268.42,0,1,2012-05-17,66,628.19,21.34,165.49,42.81,18.11,20.82,3,5,3,4,0,0,0,0,0,0,0,3,11,0,61,896.7600000000002,1,957,15,0,3
2109,1957,Graduation,Married,67440.8,1,1,2013-03-29,13,997.32,56.88,448.27,35.03,25.51,62.96,2,3,2,7,6,0,0,0,0,0,0,3,11,1,69,1625.97,2,641,14,0,0
2110,1945,Master,Married,14169.15,1,0,2013-03-18,72,192.83,2.69,79.31,14.95,15.01,8.86,2,4,5,6,11,1,0,0,0,0,0,3,11,0,81,313.65000000000003,1,652,17,1,3
2111,1976,Master,Together,39203.8,0,0,2012-01-27,18,283.98,18.07,235.17,17.65,9.51,26.66,0,7,2,1,7,0,0,1,0,0,0,3,11,0,50,591.04,0,1068,10,1,1
2112,1999,Master,Divorced,82289.1,1,1,2013-04-01,39,296.48,99.11,152.88,28.11,91.39,86.97,2,3,2,2,4,0,1,0,0,0,0,3,11,0,27,754.94,2,638,9,1,0
2113,1987,Graduation,Together,54551.04,1,1,2013-11-25,97,276.7,21.66,202.97,13.45,31.73,33.77,3,2,2,4,6,0,0,0,0,0,0,3,11,0,39,580.2800000000001,2,400,11,0,2
2114,1952,Graduation,Single,73624.92,0,1,2013-12-10,3,383.38,59.02,286.73,103.89,49.05,63.55,5,2,1,1,5,0,0,0,0,0,0,3,11,0,74,945.62,1,385,9,0,0
2115,1967,Master,Single,19659.2,2,0,2014-04-28,32,495.24,12.12,125.97,6.38,7.4,6.34,1,4,4,7,5,0,0,0,0,0,0,3,11,0,59,653.45,2,246,16,0,2
2116,1944,Graduation,Married,26986.72,0,0,2014-08-06,42,122.24,21.96,122.86,27.12,5.64,13.14,5,6,0,3,4,0,0,0,0,0,0,3,11,0,82,312.96,0,146,14,0,1
2117,1952,Graduation,Single,54481.65,0,0,2012-04-16,36,108.55,15.37,96.76,19.19,43.66,64.8,2,2,5,7,5,0,0,0,0,0,0,3,11,0,74,348.33,0,988,16,0,1
2118,1956,Master,Married,82475.14,1,0,2013-03-19,65,261.07,23.32,450.86,116.7,45.59,31.63,1,3,2,4,5,0,0,0,0,0,0,3,11,0,70,929.17,1,651,10,0,0
2119,1989,Master,Together,28099.46,1,0,2012-02-05,26,131.05,13.04,45.7,67.8,29.16,47.61,1,6,3,9,6,0,0,1,0,0,0,3,11,0,37,334.36000000000007,1,1059,19,1,1
2120,1979,PhD,Married,37983.05,2,2,2013-08-19,44,187.48,6.95,71.23,8.86,15.5,54.69,0,4,1,6,5,0,0,0,0,0,0,3,11,0,47,344.71,4,498,11,0,2
2121,1984,Graduation,Widow,52082.57,1,1,2012-06-03,80,445.67,20.31,206.34,17.44,18.57,35.58,2,8,2,4,5,0,0,0,0,0,0,3,11,0,42,743.9100000000002,2,940,16,0,2
2122,1971,Master,Married,24809.96,2,1,2014-03-06,49,157.74,13.24,93.23,25.33,26.16,120.34,3,5,3,4,3,0,0,1,0,0,0,3,11,1,55,436.0400000000001,3,299,15,1,2
2123,1968,PhD,Married,54648.47,1,0,2012-09-28,94,287.61,73.11,194.23,47.73,78.91,92.45,1,5,3,4,11,0,0,0,0,0,0,3,11,0,58,774.0400000000001,1,823,13,0,3
2124,1990,Master,Divorced,15210.27,1,0,2014-09-07,62,94.98,8.88,75.46,15.56,7.01,6.91,2,5,2,13,7,0,0,0,0,0,0,3,11,0,36,208.8,1,114,22,0,3
2125,1997,Master,Married,54008.45,1,2,2012-05-01,5,450.89,36.04,297.39,24.57,15.76,67.81,1,1,3,4,2,1,0,0,0,0,0,3,11,1,29,892.46,3,973,9,1,2
2126,1942,Master,Single,29791.13,0,0,2012-05-29,94,217.08,27.47,135.5,63.02,22.22,24.87,1,7,2,4,5,0,0,0,0,0,0,3,11,0,84,490.16,0,945,14,0,3
2127,1995,PhD,Single,37084.75,2,0,2013-12-07,66,337.59,9.53,202.97,25.55,14.6,18.67,3,1,0,0,7,0,0,0,0,0,0,3,11,0,31,608.9099999999999,2,388,4,0,2
2128,1979,Graduation,Single,57569.81,0,0,2014-09-21,66,1230.8,23.91,671.31,17.81,37.82,24.31,2,2,1,8,3,0,0,0,0,0,0,3,11,0,47,2005.96,0,100,13,0,0
2129,1973,Master,Widow,53045.26,0,1,2012-06-01,96,488.81,104.23,451.09,29.25,20.82,77.32,1,6,1,7,9,0,0,0,0,0,0,3,11,0,53,1171.5199999999998,1,942,15,0,3
2130,1979,PhD,Widow,44214.48,0,1,2014-11-06,58,318.36,19.33,341.16,13.79,51.82,24.78,4,7,5,7,6,0,0,0,0,0,0,3,11,0,47,769.24,1,54,23,0,3
2131,1966,Master,Married,65356.76,1,0,2013-07-04,12,86.48,58.55,277.64,108.98,19.7,49.33,0,4,3,4,3,0,0,0,0,0,0,3,11,0,60,600.6800000000001,1,544,11,0,1
2132,1952,Graduation,Single,22469.85,0,1,2014-04-24,20,156.2,18.37,109.64,9.71,13.75,10.38,2,8,1,3,4,0,0,0,0,0,0,3,11,0,74,318.04999999999995,1,250,14,0,1
2133,1984,Graduation,Single,48135.04,0,0,2012-10-06,63,379.64,9.09,184.3,41.52,16.46,24.65,3,2,3,5,9,0,0,0,0,0,0,3,11,0,42,655.66,0,815,13,0,3
2134,1972,Basic,Single,32335.85,1,0,2013-02-25,36,148.37,17.86,66.96,15.65,12.52,24.04,4,4,2,2,7,0,0,0,0,0,0,3,11,0,54,285.40000000000003,1,673,12,0,1
2135,1945,Master,Married,64036.76,0,1,2014-09-19,79,365.15,32.06,238.29,28.42,22.93,64.86,3,8,3,6,5,0,0,1,0,0,0,3,11,0,81,751.7099999999999,1,102,20,1,3
2136,1963,Basic,Single,58385.73,1,1,2014-03-14,84,306.8,32.63,240.29,11.91,41.7,9.91,0,3,0,8,2,0,0,0,1,0,0,3,11,0,63,643.24,2,291,11,1,2
2137,1958,Master,Widow,59239.23,0,1,2012-12-20,47,368.63,17.28,203.22,54.45,47.13,48.02,2,2,2,7,6,0,0,0,0,0,0,3,11,0,68,738.73,1,740,13,0,3
2138,1955,PhD,Divorced,85660.98,0,1,2013-01-12,55,2664.97,20.1,1264.67,119.9,54.89,43.93,1,4,2,6,3,0,0,0,0,0,0,3,11,1,71,4168.46,1,717,13,0,0
2139,1979,Master,Together,69601.33,0,1,2012-03-20,43,591.67,23.98,200.87,25.79,29.91,129.55,0,3,1,4,3,0,0,0,1,0,0,3,11,0,47,1001.77,1,1015,8,1,0
2140,1967,Basic,Married,41648.95,1,1,2014-09-14,12,1604.95,18.01,721.73,10.58,20.77,195.35,1,5,3,7,5,0,0,1,0,0,0,3,11,1,59,2571.39,2,107,16,1,0
2141,1972,PhD,Married,44333.37,0,1,2012-08-20,3,360.99,41.39,390.57,46.08,34.83,28.68,0,2,1,3,3,0,1,0,1,1,0,3,11,1,54,902.54,1,862,6,3,1
2142,1998,PhD,Single,56408.51,2,1,2012-06-02,94,297.88,76.96,119.89,13.49,45.17,16.11,3,4,1,3,6,0,0,0,0,0,0,3,11,0,28,569.5,3,941,11,0,2
2143,1998,Graduation,Single,46838.93,0,2,2014-06-25,72,215.99,49.65,244.62,62.5,4.28,40.31,2,4,3,4,5,1,0,0,1,0,0,3,11,0,28,617.3499999999999,2,188,13,2,2
2144,1987,Graduation,Together,58810.13,0,2,2014-11-20,32,425.65,45.18,162.83,21.94,22.9,41.72,1,3,1,7,8,0,0,0,0,0,0,3,11,0,39,720.22,2,40,12,0,2
2145,1980,Master,Married,18176.26,0,0,2013-01-05,36,67.35,4.56,89.15,6.02,7.28,47.6,2,5,1,8,5,0,0,0,0,0,0,3,11,0,46,221.96,0,724,16,0,1
2146,1952,Graduation,Together,94119.58,0,1,2012-11-18,52,268.61,33.77,363.87,70.13,64.48,205.28,3,1,2,7,7,1,0,0,1,0,0,3,11,1,74,1006.14,1,772,13,2,0
2147,1982,Graduation,Together,45451.97,1,0,2012-11-27,23,202.13,23.64,228.69,15.65,20.02,61.3,4,5,0,4,1,0,0,0,0,0,0,3,11,0,44,551.43,1,763,13,0,1
2148,1984,Graduation,Divorced,23179.28,1,0,2012-08-30,88,196.24,7.27,114.13,9.73,16.36,13.08,1,1,4,5,5,0,0,0,0,0,0,3,11,0,42,356.81,1,852,11,0,3
2149,1964,Graduation,Single,30775.76,1,1,2013-03-05,50,195.39,19.95,138.06,24.43,7.39,37.09,2,7,4,10,3,0,0,0,0,0,0,3,11,0,62,422.31,2,665,23,0,2
2150,1992,Graduation,Married,18925.57,0,0,2014-03-19,40,116.21,13.37,76.48,2.83,10.14,17.8,1,4,1,4,3,0,0,1,1,0,0,3,11,0,34,236.83000000000004,0,286,10,2,1
2151,1981,Graduation,Together,28678.59,0,0,2013-01-10,28,174.02,18.14,97.55,49.32,22.57,26.6,1,1,0,7,2,0,0,0,0,0,0,3,11,0,45,388.2000000000001,0,719,9,0,1
2152,1975,Basic,Married,41902.49,0,1,2012-03-21,58,381.98,35.54,273.66,27.61,7.93,13.2,4,3,1,7,3,1,0,0,0,0,0,3,11,0,51,739.9200000000001,1,1014,15,1,3
2153,1966,PhD,Widow,81298.74,2,0,2013-02-23,39,771.47,21.66,298.82,24.02,168.44,123.36,3,1,3,5,6,0,0,0,0,0,0,3,11,1,60,1407.77,2,675,12,0,0
2154,1977,Graduation,Married,52274.81,0,0,2013-04-11,50,831.45,41.95,341.75,18.23,48.97,44.75,2,3,1,2,3,0,0,0,0,0,0,3,11,0,49,1327.1,0,628,8,0,0
2155,1999,Graduation,Together,48685.88,1,2,2014-12-16,49,139.54,14.71,71.58,56.66,22.34,36.77,2,2,1,6,4,0,0,0,0,0,0,3,11,0,27,341.6,3,14,11,0,2
2156,1946,Master,Married,28168.46,0,0,2014-04-08,35,492.47,7.34,162.08,25.93,7.86,15.77,0,3,7,2,3,0,0,0,0,0,0,3,11,0,80,711.4499999999999,0,266,12,0,1
2157,1944,Graduation,Single,31895.04,0,0,2014-03-14,78,308.19,20.13,152.76,47.05,13.17,15.9,1,6,6,4,8,0,0,0,0,1,0,3,11,0,82,557.1999999999999,0,291,17,1,3
2158,1982,Master,Single,32900.03,0,0,2014-12-13,59,119.19,31.29,75.2,14.02,15.86,31.93,1,7,2,6,6,0,1,1,0,0,0,3,11,0,44,287.49,0,17,16,2,3
2159,1984,Master,Single,33441.35,0,0,2014-09-04,17,205.13,20.55,164.33,25.65,19.97,9.39,1,3,3,7,3,0,0,0,1,0,0,3,11,0,42,445.02,0,117,14,1,1
2160,1997,Master,Married,38537.43,1,1,2012-01-04,19,373.49,17.89,369.85,31.95,43.48,49.66,2,6,2,6,6,0,1,0,0,0,0,3,11,1,29,886.32,2,1091,16,1,2
2161,1996,Graduation,Married,39719.42,0,1,2013-08-25,4,322.44,21.94,364.5,38.7,13.69,16.93,1,12,2,7,1,1,0,0,1,0,0,3,11,1,30,778.2,1,492,22,2,1
2162,1990,Master,Married,38729.96,1,0,2012-11-15,17,90.92,19.27,67.41,48.9,24.89,9.04,1,2,3,6,5,0,0,0,0,0,0,3,11,0,36,260.43,1,775,12,0,1
2163,1970,Graduation,Single,33910.17,0,1,2013-05-15,39,307.37,7.91,196.14,14.16,7.16,81.18,0,1,1,4,5,0,0,1,0,1,0,3,11,1,56,613.9200000000001,1,594,6,2,1
2164,1962,Basic,Married,46817.92,2,0,2013-07-24,0,225.67,10.19,276.38,28.06,16.75,22.45,1,4,2,4,8,0,0,0,0,0,0,3,11,0,64,579.5,2,524,11,0,1
2165,1981,PhD,Together,39113.94,0,0,2012-07-03,18,703.22,17.11,200.59,17.41,22.48,20.35,2,2,3,4,3,0,0,1,0,0,0,3,11,1,45,981.16,0,910,11,1,1
2166,1949,Graduation,Divorced,23430.01,1,1,2013-07-09,86,94.71,11.27,63.98,14.57,16.27,37.14,6,8,2,6,5,0,1,1,0,0,0,3,11,1,77,237.94,2,539,22,2,2
2167,1971,Graduation,Divorced,44970.08,1,1,2014-06-11,25,799.57,20.76,411.71,43.89,13.12,109.78,0,4,3,6,4,0,0,0,0,0,0,3,11,1,55,1398.83,2,202,13,0,0
2168,1982,Graduation,Together,42331.82,2,1,2012-02-24,28,219.92,29.12,219.28,10.07,14.9,13.54,3,3,3,3,4,0,0,0,0,1,0,3,11,0,44,506.83,3,1040,12,1,2
2169,1992,Master,Together,23579.88,0,0,2014-05-12,58,460.41,9.5,178.32,29.45,25.97,10.66,1,4,2,3,3,0,0,0,1,0,0,3,11,0,34,714.3100000000001,0,232,10,1,3
2170,1969,Graduation,Married,35013.17,1,0,2012-03-17,62,143.51,22.51,304.97,11.35,32.24,16.54,1,0,4,4,7,0,0,0,0,1,0,3,11,0,57,531.12,1,1018,9,1,3
2171,1978,PhD,Single,56321.35,0,0,2012-10-22,97,189.11,23.68,304.03,30.07,29.26,79.19,0,3,7,3,9,0,0,0,0,0,0,3,11,0,48,655.3399999999999,0,799,13,0,3
2172,1970,Graduation,Single,28153.3,0,0,2014-01-15,82,208.84,38.55,135.05,38.12,3.37,60.4,2,4,2,7,4,0,0,0,0,0,0,3,11,0,56,484.33,0,349,15,0,3
2173,1957,Master,Married,26987.48,0,1,2014-06-18,61,291.69,12.99,152.74,21.09,55.83,11.33,4,5,2,6,7,0,1,0,0,0,0,3,11,0,69,545.6700000000001,1,195,17,1,3
2174,1975,Master,Together,38950.49,0,0,2012-02-12,47,134.9,72.75,97.33,30.65,17.65,73.04,3,3,2,4,7,0,0,1,0,0,0,3,11,0,51,426.32,0,1052,12,1,3
2175,1941,Master,Single,56906.96,2,1,2012-08-14,61,470.33,32.23,326.94,17.99,21.63,29.84,2,6,3,1,5,0,0,0,0,0,0,3,11,0,85,898.96,3,868,12,0,2
2176,1953,Master,Divorced,91503.37,0,0,2014-12-22,17,541.35,36.91,352.29,31.39,30.67,89.83,2,4,2,7,4,0,0,0,0,0,0,3,11,0,73,1082.4399999999998,0,8,15,0,0
2177,1952,Graduation,Married,57732.42,1,0,2012-06-19,65,561.87,15.43,194.85,65.19,33.18,21.6,3,2,8,2,6,0,0,0,0,1,0,3,11,0,74,892.1199999999999,1,924,15,1,3
2178,1968,Graduation,Together,68454.95,1,0,2014-08-20,26,652.89,13.21,256.84,30.86,39.58,51.05,1,6,3,6,6,0,0,1,1,0,0,3,11,1,58,1044.43,1,132,16,2,0
2179,1951,Master,Married,50954.03,0,0,2014-01-31,5,225.2,12.89,122.74,24.31,41.33,38.25,2,3,1,6,4,0,0,1,0,0,0,3,11,0,75,464.72,0,333,12,1,1
2180,1978,Graduation,Married,33723.61,1,1,2014-04-29,69,305.12,9.12,111.22,38.6,8.87,22.4,2,4,4,9,4,0,0,0,0,1,0,3,11,0,48,495.33,2,245,19,1,2
2181,1941,Graduation,Divorced,57565.83,0,0,2012-11-02,58,970.74,33.45,474.51,19.68,21.88,58.19,0,3,1,3,4,0,0,0,0,0,0,3,11,1,85,1578.4500000000005,0,788,7,0,0
2182,1971,Graduation,Single,42862.68,1,0,2013-07-21,5,589.05,14.33,325.29,32.34,66.46,18.8,1,0,3,10,8,0,0,0,1,0,0,3,11,1,55,1046.27,1,527,14,1,1
2183,1952,Graduation,Single,51576.09,0,1,2014-09-18,30,563.99,26.46,343.75,33.97,27.06,24.35,3,3,0,2,3,0,0,0,0,0,0,3,11,0,74,1019.58,1,103,8,0,1
2184,1985,Graduation,Married,30381.47,2,1,2012-02-03,93,463.57,30.06,123.72,19.47,12.56,31.7,0,4,1,4,1,0,0,0,0,0,0,3,11,0,41,681.08,3,1061,9,0,2
2185,1966,Basic,Single,53454.08,1,0,2014-04-06,55,499.71,23.25,390.38,25.14,13.93,95.96,3,7,1,8,4,0,0,0,0,0,0,3,11,0,60,1048.37,1,268,19,0,3
2186,1988,Graduation,Together,42268.47,2,0,2012-05-09,53,416.54,67.48,467.13,19.16,26.25,33.46,4,2,2,5,2,0,0,0,0,0,0,3,11,0,38,1030.02,2,965,13,0,2
2187,1980,PhD,Married,48654.67,0,1,2013-10-16,84,129.49,11.02,84.68,16.35,41.41,52.82,0,1,4,8,4,0,0,0,0,0,0,3,11,0,46,335.77000000000004,1,440,13,0,3
2188,1956,Graduation,Together,42871.85,0,2,2013-09-21,40,84.53,17.96,80.69,36.76,33.22,54.21,1,3,1,6,6,0,0,0,0,0,0,3,11,0,70,307.37,2,465,11,0,2
2189,1979,Master,Married,39700.49,0,1,2014-11-06,17,620.76,13.17,379.91,17.07,15.59,52.43,4,6,1,9,5,0,0,0,0,0,0,3,11,1,47,1098.9299999999998,1,54,20,0,1
2190,1970,Graduation,Single,53845.62,0,0,2013-08-16,86,225.44,43.31,232.43,61.81,30.66,24.38,2,5,3,8,7,0,0,0,0,0,0,3,11,0,56,618.03,0,501,18,0,3
2191,1973,Basic,Together,37705.59,0,2,2014-11-03,22,168.47,4.51,138.3,21.15,47.14,18.98,1,9,3,1,8,0,0,0,0,0,0,3,11,0,53,398.55,2,57,14,0,1
2192,1999,Basic,Married,23494.57,1,0,2012-03-21,91,136.14,4.53,110.74,7.99,20.48,12.46,4,1,5,4,5,1,0,1,0,0,0,3,11,0,27,292.34,1,1014,14,2,3
2193,1963,Graduation,Married,20960.86,0,0,2012-07-22,35,74.32,9.01,27.41,11.67,6.0,53.5,1,2,3,3,4,0,0,0,0,0,0,3,11,0,63,181.91,0,891,9,0,1
2194,1984,Basic,Married,47751.54,0,1,2012-01-23,24,465.02,55.54,187.97,23.96,4.75,51.98,1,4,1,7,3,0,0,0,0,0,0,3,11,0,42,789.22,1,1072,13,0,1
2195,1974,2n Cycle,Married,37090.38,1,0,2013-09-05,6,200.04,19.47,104.07,43.62,20.32,39.3,2,5,2,4,4,0,1,0,0,0,0,3,11,0,52,426.82,1,481,13,1,1
2196,1987,Master,Together,22211.39,1,0,2012-05-23,81,177.73,4.53,83.7,11.43,16.44,22.2,1,5,3,4,8,0,0,0,0,0,0,3,11,0,39,316.03,1,951,13,0,3
2197,1945,Master,Single,46286.89,0,0,2012-04-13,19,368.78,10.35,140.24,25.17,11.04,16.81,2,4,0,6,5,0,0,0,0,0,0,3,11,0,81,572.3899999999999,0,991,12,0,1
2198,1958,Graduation,Married,42721.18,0,0,2012-11-19,4,144.68,53.45,114.2,63.97,19.49,109.67,2,4,3,3,9,0,0,0,0,0,0,3,11,0,68,505.46,0,771,12,0,1
2200,1946,Graduation,Together,48958.28,0,1,2012-09-30,32,707.48,12.75,345.97,85.23,23.9,60.63,3,1,0,7,3,0,0,0,0,0,0,3,11,1,80,1235.9600000000005,1,821,11,0,0
2201,1949,Graduation,Single,75059.59,1,0,2013-03-27,78,681.6,83.51,445.95,102.56,24.82,20.88,0,0,2,8,6,0,0,0,0,0,0,3,11,1,77,1359.32,1,643,10,0,0
2202,1980,2n Cycle,Married,74149.33,0,0,2014-05-30,34,863.88,62.36,617.32,27.95,73.75,94.99,2,2,0,9,5,0,0,0,0,0,0,3,11,1,46,1740.25,0,214,13,0,0
2203,1971,Graduation,Married,46981.34,1,2,2012-05-04,64,304.69,46.27,332.02,54.62,23.54,30.44,5,5,3,1,5,0,0,0,0,0,0,3,11,0,55,791.58,3,970,14,0,2
2204,1973,Master,Together,42878.07,1,1,2012-11-12,62,811.76,11.12,412.65,68.73,11.6,15.56,1,4,3,5,4,0,0,0,0,0,0,3,11,0,53,1331.4199999999998,2,778,13,0,2
2205,1967,Master,Married,47244.62,1,0,2012-04-16,84,582.4,8.68,300.04,76.08,37.56,21.39,1,1,3,6,7,0,0,0,0,0,0,3,11,0,59,1026.15,1,988,11,0,3
2206,1999,Basic,Married,50191.59,0,2,2014-06-25,71,350.9,24.93,127.78,58.29,10.78,18.85,2,3,4,9,6,0,0,0,1,0,0,3,11,0,27,591.53,2,188,18,1,2
2207,1954,2n Cycle,Single,39842.15,0,1,2013-03-05,70,252.39,22.34,67.67,45.7,39.48,14.82,3,6,3,7,6,0,0,0,0,0,0,3,11,0,72,442.4,1,665,19,0,3
2208,1969,Graduation,Together,47563.32,1,0,2013-12-04,40,188.72,27.14,195.83,25.46,39.53,39.58,1,5,1,3,9,0,0,0,0,0,0,3,11,0,57,516.2600000000001,1,391,10,0,1
2209,1976,Graduation,Together,23636.52,0,0,2014-08-29,49,422.57,26.31,167.67,9.18,24.95,15.04,0,2,1,3,3,0,0,0,0,0,0,3,11,0,50,665.7199999999999,0,123,6,0,1
2210,1968,Graduation,Single,45822.91,0,0,2012-12-27,29,215.18,7.42,160.66,23.81,19.11,44.93,2,3,2,4,6,1,0,0,0,0,0,3,11,0,58,471.11,0,733,11,1,1
2211,1961,Graduation,Single,53676.22,0,1,2014-03-06,37,160.91,41.22,129.23,12.69,18.28,117.73,4,4,3,6,7,0,0,0,0,0,0,3,11,0,65,480.06000000000006,1,299,17,0,1
2212,1943,Graduation,Married,36463.36,0,0,2013-03-07,34,153.34,8.66,270.13,52.39,17.58,27.07,6,2,3,6,7,0,0,0,0,0,0,3,11,0,83,529.17,0,663,17,0,1
2213,1959,Graduation,Married,42693.88,1,0,2013-11-05,65,75.57,32.71,56.81,23.12,18.61,8.91,3,2,2,3,6,1,0,0,0,0,0,3,11,0,67,215.73,1,420,10,1,3
2214,1971,Master,Married,28435.62,0,0,2014-05-08,45,119.38,9.81,106.04,39.61,8.81,19.73,2,5,0,7,3,0,0,1,0,0,0,3,11,0,55,303.38000000000005,0,236,14,1,1
2215,1975,PhD,Married,26899.81,0,2,2014-10-10,7,101.48,7.57,121.3,8.25,8.85,44.17,4,3,0,5,4,0,0,0,1,0,0,3,11,0,51,291.62,2,81,12,1,1
2216,1989,Graduation,Single,48258.44,0,0,2013-07-29,67,458.68,15.35,185.26,59.31,17.76,36.78,0,5,2,3,4,0,0,0,1,0,0,3,11,0,37,773.1399999999999,0,519,10,1,3
2217,1943,Master,Single,33129.35,1,2,2014-12-24,36,322.79,6.38,285.26,15.8,7.53,66.54,2,3,0,7,6,0,0,0,0,0,0,3,11,0,83,704.3,3,6,12,0,2
2218,1966,Graduation,Widow,21791.38,1,2,2014-06-11,84,218.8,10.24,223.59,6.47,15.01,22.95,0,1,6,7,1,1,0,0,0,0,0,3,11,0,60,497.06,3,202,14,1,2
2219,1956,Graduation,Together,28432.52,1,0,2012-09-26,12,178.04,8.2,59.99,48.45,12.63,7.57,1,4,1,4,5,0,0,0,0,0,0,3,11,0,70,314.88,1,825,10,0,1
2220,1951,Master,Married,30135.17,0,0,2013-03-13,72,105.11,22.15,121.78,37.59,11.48,25.82,4,3,3,2,6,1,0,0,0,0,0,3,11,0,75,323.93,0,657,12,1,3
2221,1961,PhD,Married,60465.74,0,0,2014-11-08,44,327.64,40.71,313.52,44.07,14.24,57.98,1,2,3,8,7,0,0,1,0,0,0,3,11,0,65,798.16,0,52,14,1,1
2222,1956,Master,Single,47650.37,0,2,2012-08-12,28,296.98,60.16,221.69,31.22,10.89,73.11,3,2,0,4,2,0,0,0,0,0,0,3,11,0,70,694.05,2,870,9,0,2
2223,1949,Graduation,Together,31299.55,1,0,2014-09-16,40,202.85,17.88,156.51,26.15,45.85,74.83,4,1,2,5,3,0,1,0,0,0,0,3,11,0,77,524.07,1,105,12,1,1
2224,1993,Master,Together,35062.72,1,0,2013-04-04,55,165.6,21.97,81.79,25.3,11.03,48.5,3,4,4,5,1,0,0,0,0,0,0,3,11,0,33,354.19,1,635,16,0,3
2225,1940,PhD,Single,74969.28,1,0,2013-01-28,87,404.06,79.63,240.55,29.92,49.58,78.35,2,3,3,2,4,0,0,1,0,0,0,3,11,0,86,882.09,1,701,10,1,0
2226,1961,PhD,Single,64501.32,0,0,2014-06-30,15,368.35,20.29,177.84,32.34,32.61,77.65,2,4,5,3,10,0,0,0,0,0,0,3,11,0,65,709.08,0,183,14,0,1
2227,1965,PhD,Single,28361.16,1,2,2012-01-15,11,69.28,5.32,44.17,59.04,2.46,20.57,2,4,3,4,3,0,0,0,0,0,0,3,11,0,61,200.84,3,1080,13,0,2
2228,1995,Basic,Married,70644.13,0,1,2013-07-13,65,696.56,36.52,358.63,225.35,94.95,23.57,6,4,2,2,2,0,0,0,0,0,0,3,11,0,31,1435.58,1,535,14,0,0
2229,1998,PhD,Single,42948.13,1,1,2014-09-30,61,100.89,8.39,72.62,70.41,29.69,35.33,7,4,1,1,2,0,0,0,0,0,0,3,11,0,28,317.33,2,91,13,0,2
2230,1957,PhD,Single,61074.19,0,0,2013-02-17,18,526.62,122.08,313.6,52.23,17.67,61.02,2,7,1,4,4,0,0,0,0,0,0,3,11,1,69,1093.22,0,681,14,0,0
2231,1989,2n Cycle,Married,41551.0,1,0,2014-09-25,29,391.22,45.63,262.58,21.78,18.73,16.19,2,7,3,4,7,0,0,0,0,0,0,3,11,0,37,756.1300000000001,1,96,16,0,1
2232,1953,Master,Single,71277.19,0,2,2012-04-24,15,430.54,119.73,284.96,28.34,16.4,126.77,1,3,1,7,4,0,0,0,0,0,0,3,11,0,73,1006.74,2,980,12,0,0
2233,1986,Graduation,Married,27893.58,0,0,2014-09-02,87,218.69,13.28,130.61,11.54,38.26,40.92,0,2,2,7,4,1,0,0,0,0,0,3,11,0,40,453.30000000000007,0,119,11,1,3
2234,1968,Master,Divorced,40047.43,1,2,2012-02-05,12,248.46,25.55,184.15,18.45,10.65,14.11,4,6,0,5,9,0,0,0,0,0,0,3,11,0,58,501.37,3,1059,15,0,2
2235,1951,Graduation,Married,72155.87,0,0,2012-08-29,68,385.85,25.11,349.66,168.38,24.17,131.39,2,9,2,3,7,0,0,0,0,0,0,3,11,0,75,1084.56,0,853,16,0,0
2236,1975,Graduation,Together,17033.83,1,0,2012-03-03,22,175.57,13.27,73.38,32.32,5.04,11.36,3,6,1,6,5,0,0,0,0,0,0,3,11,0,51,310.94000000000005,1,1032,16,0,1
2237,1998,PhD,Married,43546.1,1,1,2013-10-27,61,370.12,9.63,425.99,43.74,20.95,21.9,2,1,1,4,8,0,0,1,0,0,0,3,11,0,28,892.33,2,429,8,1,2
2238,1974,Basic,Single,37895.27,1,2,2013-05-23,30,404.57,3.78,286.98,13.67,39.54,58.11,1,1,0,5,2,0,0,0,0,0,0,3,11,0,52,806.6499999999999,3,586,7,0,2
2239,1991,Basic,Married,58329.57,0,2,2012-07-06,52,1042.91,16.64,497.36,63.99,78.26,45.39,1,3,3,5,3,0,0,0,0,0,0,3,11,1,35,1744.5500000000004,2,907,12,0,0
2240,1951,Graduation,Married,68047.78,0,0,2014-01-04,16,185.03,13.03,106.46,37.85,24.56,170.64,2,6,2,3,4,0,0,0,0,0,0,3,11,0,75,537.5699999999999,0,360,13,0,1
